{
  "resourceType": "Observation",
  "id": "BetsySmithMDSBedMobilityAdmission01",
  "meta": {
    "profile": [
      "http://pacioproject.org//StructureDefinition/pacio-fs"
    ]
  },
  "text": {
    "status": "generated",
    "div": "<div xmlns=\"http://www.w3.org/1999/xhtml\"><p><b>Generated Narrative with Details</b></p><p><b>id</b>: BetsySmithMDSBedMobilityAdmission01</p><p><b>meta</b>: </p><p><b>status</b>: final</p><p><b>code</b>: Bed mobility - self-performance during 7 day assessment period [CMS Assessment] <span style=\"background: LightGoldenRodYellow\">(Details : {LOINC code '45588-1' = 'Bed mobility - self-performance during 7 day assessment period [CMS Assessment])</span></p><p><b>subject</b>: <a href=\"BetsySmith\">BetsySmith</a></p><p><b>effective</b>: Mar 9, 2020, 12:00:00 AM</p><p><b>performer</b>: </p><ul><li><a href=\"Practitioner-cms-practitioner-01.html\">Generated Summary: id: cms-practitioner-01; John Carlson ; gender: male; birthDate: 1970-10-27</a></li><li><a href=\"ccms-organization-01\">ccms-organization-01</a></li></ul><p><b>value</b>: Supervision - oversight, encouragement or cueing <span style=\"background: LightGoldenRodYellow\">(Details : {LOINC code 'LA12638-5' = 'Supervision - oversight, encouragement or cueing)</span></p></div>"
  },
  "status": "final",
  "code": {
    "coding": [
      {
        "system": "http://loinc.org",
        "code": "45588-1"
      }
    ]
  },
  "subject": {
    "reference": "BetsySmith"
  },
  "effectiveDateTime": "2020-03-09",
  "performer": [
    {
      "reference": "Practitioner/cms-practitioner-01"
    },
    {
      "reference": "ccms-organization-01"
    }
  ],
  "valueCodeableConcept": {
    "coding": [
      {
        "system": "http://loinc.org",
        "code": "LA12638-5"
      }
    ]
  }
}