{
  "resourceType": "Observation",
  "id": "cms-bundle-01",
  "meta": {
    "profile": [
      "http://pacioproject.org//StructureDefinition/pacio-bfs"
    ]
  },
  "text": {
    "status": "generated",
    "div": "<div xmlns=\"http://www.w3.org/1999/xhtml\"><p><b>Generated Narrative with Details</b></p><p><b>id</b>: cms-bundle-01</p><p><b>meta</b>: </p><p><b>status</b>: final</p><p><b>category</b>: Survey <span style=\"background: LightGoldenRodYellow\">(Details : {http://terminology.hl7.org/CodeSystem/observation-category code 'survey' = 'Survey)</span></p><p><b>code</b>: MDS v3.0 - RAI v1.17.1 - Interim Payment Assessment (IPA) item set [CMS Assessment] <span style=\"background: LightGoldenRodYellow\">(Details : {LOINC code '90480-5' = 'MDS v3.0 - RAI v1.17.1 - Interim Payment Assessment (IPA) item set [CMS Assessment])</span></p><p><b>subject</b>: <a href=\"BetsySmith\">BetsySmith</a></p><p><b>effective</b>: Jan 19, 2020, 12:00:00 AM</p><p><b>performer</b>: <a href=\"CMS Provider\">CMS Provider</a></p><p><b>derivedFrom</b>: </p><ul><li><a href=\"Observation-BetsySmithMDSEatingAdmission01.html\">Generated Summary: id: BetsySmithMDSEatingAdmission01; <span title=\"Codes: {http://loinc.org 83232-9}\">Eating - functional ability during 3 day assessment period [CMS Assessment]</span>; effective: Jan 19, 2020, 12:00:00 AM; <span title=\"Codes: {http://loinc.org LA10073-7}\">Setup or clean-up assistance - Helper sets up or cleans up; patient completes activity. Helper assists only prior to or following the activity.</span></a></li><li><a href=\"Observation-BetsySmithMDSOralHygieneAdmission01.html\">Generated Summary: id: BetsySmithMDSOralHygieneAdmission01; <span title=\"Codes: {http://loinc.org 83230-3}\">Oral hygiene - functional ability during 3 day assessment period [CMS Assessment]</span>; effective: Jan 19, 2020, 12:00:00 AM; <span title=\"Codes: {http://loinc.org LA11757-4}\">Supervision or touching assistance - Helper provides verbal cues or touching/steadying assistance as patient completes activity. Assistance may be provided throughout the activity or intermittently.</span></a></li><li><a href=\"Observation-BetsySmithMDSToiletingHygieneAdmission01.html\">Generated Summary: id: BetsySmithMDSToiletingHygieneAdmission01; <span title=\"Codes: {http://loinc.org 83228-7}\">Toileting hygiene - functional ability during 3 day assessment period [CMS Assessment]</span>; effective: Jan 19, 2020, 12:00:00 AM; <span title=\"Codes: {http://loinc.org LA9983-3}\">Independent - Patient completes the activity by him/herself with no assistance from a helper.</span></a></li><li><a href=\"Observation-BetsySmithMDSLyingToSittingAdmission01.html\">Generated Summary: id: BetsySmithMDSLyingToSittingAdmission01; <span title=\"Codes: {http://loinc.org 83214-7}\">Lying to sitting on side of bed - functional ability during 3 day assessment period [CMS Assessment]</span>; effective: Jan 19, 2020, 12:00:00 AM; <span title=\"Codes: {http://loinc.org LA9983-3}\">Independent - Patient completes the activity by him/herself with no assistance from a helper.</span></a></li><li><a href=\"Observation-BetsySmithMDSSitToLyingAdmission01.html\">Generated Summary: id: BetsySmithMDSSitToLyingAdmission01; <span title=\"Codes: {http://loinc.org 83216-2}\">Sit to lying - functional ability during 3 day assessment period [CMS Assessment]</span>; effective: Jan 19, 2020, 12:00:00 AM; <span title=\"Codes: {http://loinc.org LA9983-3}\">Independent - Patient completes the activity by him/herself with no assistance from a helper.</span></a></li><li><a href=\"Observation-BetsySmithMDSSitToStandAdmission01.html\">Generated Summary: id: BetsySmithMDSSitToStandAdmission01; <span title=\"Codes: {http://loinc.org 83212-1}\">Sit to stand - functional ability during 3 day assessment period [CMS Assessment]</span>; effective: Jan 19, 2020, 12:00:00 AM; <span title=\"Codes: {http://loinc.org LA9983-3}\">Independent - Patient completes the activity by him/herself with no assistance from a helper.</span></a></li><li><a href=\"Observation-BetsySmithMDSBedToChairAdmission01.html\">Generated Summary: id: BetsySmithMDSBedToChairAdmission01; <span title=\"Codes: {http://loinc.org 83210-5}\">Bed-to-chair transfer - functional ability during 3 day assessment period [CMS Assessment]</span>; effective: Jan 19, 2020, 12:00:00 AM; <span title=\"Codes: {http://loinc.org LA9983-3}\">Independent - Patient completes the activity by him/herself with no assistance from a helper.</span></a></li><li><a href=\"Observation-BetsySmithMDSToiletTransferAdmission01.html\">Generated Summary: id: BetsySmithMDSToiletTransferAdmission01; <span title=\"Codes: {http://loinc.org 83208-9}\">Toilet transfer - functional ability during 3 day assessment period [CMS Assessment]</span>; effective: Jan 19, 2020, 12:00:00 AM; <span title=\"Codes: {http://loinc.org LA9983-3}\">Independent - Patient completes the activity by him/herself with no assistance from a helper.</span></a></li><li><a href=\"Observation-BetsySmithMDSWalk10feetAdmission01.html\">Generated Summary: id: BetsySmithMDSWalk10feetAdmission01; <span title=\"Codes: {http://loinc.org 83208-9}\">Toilet transfer - functional ability during 3 day assessment period [CMS Assessment]</span>; effective: Jan 19, 2020, 12:00:00 AM; <span title=\"Codes: {http://loinc.org LA11757-4}\">Supervision or touching assistance - Helper provides verbal cues or touching/steadying assistance as patient completes activity. Assistance may be provided throughout the activity or intermittently.</span></a></li><li><a href=\"Observation-BetsySmithMDSWalk50feetAdmission01.html\">Generated Summary: id: BetsySmithMDSWalk50feetAdmission01; <span title=\"Codes: {http://loinc.org 83202-2}\">Walk 50 feet with two turns - functional ability during 3 day assessment period [CMS Assessment]</span>; effective: Jan 19, 2020, 12:00:00 AM; <span title=\"Codes: {http://loinc.org LA11757-4}\">Supervision or touching assistance - Helper provides verbal cues or touching/steadying assistance as patient completes activity. Assistance may be provided throughout the activity or intermittently.</span></a></li><li><a href=\"Observation-BetsySmithMDSWalk150feetAdmission01.html\">Generated Summary: id: BetsySmithMDSWalk150feetAdmission01; <span title=\"Codes: {http://loinc.org 83200-6}\">Walk 150 feet - functional ability during 3 day assessment period [CMS Assessment]</span>; effective: Jan 19, 2020, 12:00:00 AM; <span title=\"Codes: {http://loinc.org LA10055-4}\">Partial/moderate assistance - Helper does less than half the effort. Helper lifts, holds or supports trunk or limbs, but provides less than half the effort.</span></a></li></ul></div>"
  },
  "status": "final",
  "category": [
    {
      "coding": [
        {
          "system": "http://terminology.hl7.org/CodeSystem/observation-category",
          "code": "survey"
        }
      ]
    }
  ],
  "code": {
    "coding": [
      {
        "system": "http://loinc.org",
        "code": "90480-5"
      }
    ]
  },
  "subject": {
    "reference": "BetsySmith"
  },
  "effectiveDateTime": "2020-01-19",
  "performer": [
    {
      "reference": "CMS Provider"
    }
  ],
  "derivedFrom": [
    {
      "reference": "Observation/BetsySmithMDSEatingAdmission01"
    },
    {
      "reference": "Observation/BetsySmithMDSOralHygieneAdmission01"
    },
    {
      "reference": "Observation/BetsySmithMDSToiletingHygieneAdmission01"
    },
    {
      "reference": "Observation/BetsySmithMDSLyingToSittingAdmission01"
    },
    {
      "reference": "Observation/BetsySmithMDSSitToLyingAdmission01"
    },
    {
      "reference": "Observation/BetsySmithMDSSitToStandAdmission01"
    },
    {
      "reference": "Observation/BetsySmithMDSBedToChairAdmission01"
    },
    {
      "reference": "Observation/BetsySmithMDSToiletTransferAdmission01"
    },
    {
      "reference": "Observation/BetsySmithMDSWalk10feetAdmission01"
    },
    {
      "reference": "Observation/BetsySmithMDSWalk50feetAdmission01"
    },
    {
      "reference": "Observation/BetsySmithMDSWalk150feetAdmission01"
    }
  ]
}