<?xml version="1.0" encoding="UTF-8"?>

<Observation xmlns="http://hl7.org/fhir">
  <id value="BetsySmithMDSToiletingHygiene"/>
  <meta>
    <profile value="http://pacioproject.org//StructureDefinition/pacio-fs"/>
  </meta>
  <text>
    <status value="generated"/><div xmlns="http://www.w3.org/1999/xhtml"><p><b>Generated Narrative with Details</b></p><p><b>id</b>: BetsySmithMDSToiletingHygiene</p><p><b>meta</b>: </p><p><b>status</b>: final</p><p><b>code</b>: Toileting hygiene - functional ability during 3 day assessment period [CMS Assessment] <span style="background: LightGoldenRodYellow">(Details : {LOINC code '83228-7' = 'Toileting hygiene - functional ability during 3 day assessment period [CMS Assessment])</span></p><p><b>subject</b>: <a href="Betsy Smith">Betsy Smith</a></p><p><b>performer</b>: <a href="CMS Provider">CMS Provider</a></p><p><b>value</b>: Independent - Patient completes the activity by him/herself with no assistance from a helper. <span style="background: LightGoldenRodYellow">(Details : {LOINC code 'LA9983-3' = 'Independent - Patient completes the activity by him/herself with no assistance from a helper.)</span></p></div>
  </text>
  <status value="final"/>
  <code>
    <coding>
      <system value="http://loinc.org"/>
      <code value="83228-7"/>
    </coding>
  </code>
  <subject>
    <reference value="Betsy Smith"/>
  </subject>
  <performer>
    <reference value="CMS Provider"/>
  </performer>
  <valueCodeableConcept>
    <coding>
      <system value="http://loinc.org"/>
      <code value="LA9983-3"/>
    </coding>
  </valueCodeableConcept>
</Observation>