<?xml version="1.0" encoding="UTF-8"?>

<Observation xmlns="http://hl7.org/fhir">
  <id value="FSC-Hospital-Discharge-Mobility-1"/>
  <meta>
    <profile value="http://paciowg.github.io/functional-status-ig/StructureDefinition/pacio-fsc"/>
  </meta>
  <text>
    <status value="extensions"/><div xmlns="http://www.w3.org/1999/xhtml"><p><b>Generated Narrative</b></p><p><b>ObservationEventLocation</b>: <a href="Location-Org-Loc-01.html">Generated Summary: status: active; name: San Antonio General Hospital</a></p><p><b>DevicePatientUsed</b>: <a href="DeviceUseStatement-FSC-Hospital-Discharge-Mobility-1-UseOfDevice-1.html">Generated Summary: status: active; recordedOn: Jul 10, 2020, 12:34:00 PM</a></p><p><b>DevicePatientUsed</b>: <a href="DeviceUseStatement-FSC-Hospital-Discharge-Mobility-1-UseOfDevice-2.html">Generated Summary: status: active; recordedOn: Jul 10, 2020, 12:34:00 PM</a></p><p><b>DevicePatientUsed</b>: <a href="DeviceUseStatement-FSC-Hospital-Discharge-Mobility-1-UseOfDevice-3.html">Generated Summary: status: active; recordedOn: Jul 10, 2020, 12:34:00 PM</a></p><p><b>DevicePatientUsed</b>: <a href="DeviceUseStatement-FSC-Hospital-Discharge-Mobility-1-UseOfDevice-4.html">Generated Summary: status: active; recordedOn: Jul 10, 2020, 12:34:00 PM</a></p><p><b>DevicePatientUsed</b>: <a href="DeviceUseStatement-FSC-Hospital-Discharge-Mobility-1-UseOfDevice-5.html">Generated Summary: status: active; recordedOn: Jul 10, 2020, 12:34:00 PM</a></p><p></p><p><b>category</b>: <span title="Codes: {http://paciowg.github.io/cognitive-status-ig/CodeSystem/pacio-cat-cs functioning}">Functioning</span>, <span title="Codes: {http://terminology.hl7.org/CodeSystem/observation-category survey}">Survey</span></p><p><b>code</b>: <span title="Codes: {http://loinc.org 88331-4}">Mobility - discharge performance during 3 day assessment period [CMS Assessment]</span></p><p><b>subject</b>: <a href="Patient-patientBSJ1.html">Generated Summary: Betsy Smith-Johnson </a></p><p><b>effective</b>: Jul 10, 2020, 12:34:00 PM</p><p><b>performer</b>: <a href="PractitionerRole-Role-PT-RonMarble.html">Generated Summary: active; <span title="Codes: {http://snomed.info/sct 36682004}">Physiotherapist</span></a></p><p><b>hasMember</b>: </p><ul><li><a href="Observation-FSC-Hospital-Discharge-Mobility-1-Ob-Question-2.html">Generated Summary: <span title="Codes: {http://paciowg.github.io/cognitive-status-ig/CodeSystem/pacio-cat-cs functioning}">Functioning</span>; <span title="Codes: {http://loinc.org 83218-8}">Roll left and right</span>; effective: Jul 10, 2020, 12:34:00 PM; <span title="Codes: {http://loinc.org LA10055-4}">Partial/moderate assistance</span></a></li><li><a href="Observation-FSC-Hospital-Discharge-Mobility-1-Ob-Question-8.html">Generated Summary: <span title="Codes: {http://paciowg.github.io/cognitive-status-ig/CodeSystem/pacio-cat-cs functioning}">Functioning</span>; <span title="Codes: {http://loinc.org 83216-2}">Sit to lying</span>; effective: Jul 10, 2020, 12:34:00 PM; <span title="Codes: {http://loinc.org LA10055-4}">Partial/moderate assistance</span></a></li><li><a href="Observation-FSC-Hospital-Discharge-Mobility-1-Ob-Question-14.html">Generated Summary: <span title="Codes: {http://paciowg.github.io/cognitive-status-ig/CodeSystem/pacio-cat-cs functioning}">Functioning</span>; <span title="Codes: {http://loinc.org 83214-7}">Lying to sitting on side of bed</span>; effective: Jul 10, 2020, 12:34:00 PM; <span title="Codes: {http://loinc.org LA10055-4}">Partial/moderate assistance</span></a></li><li><a href="Observation-FSC-Hospital-Discharge-Mobility-1-Ob-Question-20.html">Generated Summary: <span title="Codes: {http://paciowg.github.io/cognitive-status-ig/CodeSystem/pacio-cat-cs functioning}">Functioning</span>; <span title="Codes: {http://loinc.org 83212-1}">Sit to stand</span>; effective: Jul 10, 2020, 12:34:00 PM; <span title="Codes: {http://loinc.org LA10055-4}">Partial/moderate assistance</span></a></li><li><a href="Observation-FSC-Hospital-Discharge-Mobility-1-Ob-Question-26.html">Generated Summary: <span title="Codes: {http://paciowg.github.io/cognitive-status-ig/CodeSystem/pacio-cat-cs functioning}">Functioning</span>; <span title="Codes: {http://loinc.org 83210-5}">Chair/bed-to-chair transfer</span>; effective: Jul 10, 2020, 12:34:00 PM; <span title="Codes: {http://loinc.org LA11759-0}">Substantial/maximal assistance</span></a></li><li><a href="Observation-FSC-Hospital-Discharge-Mobility-1-Ob-Question-32.html">Generated Summary: <span title="Codes: {http://paciowg.github.io/cognitive-status-ig/CodeSystem/pacio-cat-cs functioning}">Functioning</span>; <span title="Codes: {http://loinc.org 83208-9}">Toilet transfer</span>; effective: Jul 10, 2020, 12:34:00 PM; <span title="Codes: {http://loinc.org LA11759-0}">Substantial/maximal assistance</span></a></li><li><a href="Observation-FSC-Hospital-Discharge-Mobility-1-Ob-Question-38.html">Generated Summary: <span title="Codes: {http://paciowg.github.io/cognitive-status-ig/CodeSystem/pacio-cat-cs functioning}">Functioning</span>; <span title="Codes: {http://loinc.org 83206-3}">Car transfer</span>; effective: Jul 10, 2020, 12:34:00 PM; <span title="Codes: {http://loinc.org LA26735-3}">Not attempted</span></a></li><li><a href="Observation-FSC-Hospital-Discharge-Mobility-1-Ob-Question-44.html">Generated Summary: <span title="Codes: {http://paciowg.github.io/cognitive-status-ig/CodeSystem/pacio-cat-cs functioning}">Functioning</span>; <span title="Codes: {http://loinc.org 83204-8}">Walk 10 feet</span>; effective: Jul 10, 2020, 12:34:00 PM; <span title="Codes: {http://loinc.org LA11759-0}">Substantial/maximal assistance</span></a></li><li><a href="Observation-FSC-Hospital-Discharge-Mobility-1-Ob-Question-50.html">Generated Summary: <span title="Codes: {http://paciowg.github.io/cognitive-status-ig/CodeSystem/pacio-cat-cs functioning}">Functioning</span>; <span title="Codes: {http://loinc.org 83202-2}">Walk 50 feet with two turns</span>; effective: Jul 10, 2020, 12:34:00 PM; <span title="Codes: {http://loinc.org LA11759-0}">Substantial/maximal assistance</span></a></li><li><a href="Observation-FSC-Hospital-Discharge-Mobility-1-Ob-Question-56.html">Generated Summary: <span title="Codes: {http://paciowg.github.io/cognitive-status-ig/CodeSystem/pacio-cat-cs functioning}">Functioning</span>; <span title="Codes: {http://loinc.org 83200-6}">Walk 150 feet</span>; effective: Jul 10, 2020, 12:34:00 PM; <span title="Codes: {http://loinc.org LA11759-0}">Substantial/maximal assistance</span></a></li><li><a href="Observation-FSC-Hospital-Discharge-Mobility-1-Ob-Question-62.html">Generated Summary: <span title="Codes: {http://paciowg.github.io/cognitive-status-ig/CodeSystem/pacio-cat-cs functioning}">Functioning</span>; <span title="Codes: {http://loinc.org 83198-2}">Walking 10 feet on uneven surfaces</span>; effective: Jul 10, 2020, 12:34:00 PM; <span title="Codes: {http://loinc.org LA26735-3}">Not attempted</span></a></li><li><a href="Observation-FSC-Hospital-Discharge-Mobility-1-Ob-Question-68.html">Generated Summary: <span title="Codes: {http://paciowg.github.io/cognitive-status-ig/CodeSystem/pacio-cat-cs functioning}">Functioning</span>; <span title="Codes: {http://loinc.org 83196-6}">1 step (curb)</span>; effective: Jul 10, 2020, 12:34:00 PM; <span title="Codes: {http://loinc.org LA26735-3}">Not attempted</span></a></li><li><a href="Observation-FSC-Hospital-Discharge-Mobility-1-Ob-Question-74.html">Generated Summary: <span title="Codes: {http://paciowg.github.io/cognitive-status-ig/CodeSystem/pacio-cat-cs functioning}">Functioning</span>; <span title="Codes: {http://loinc.org 83194-1}">4 steps</span>; effective: Jul 10, 2020, 12:34:00 PM; <span title="Codes: {http://loinc.org LA26735-3}">Not attempted</span></a></li><li><a href="Observation-FSC-Hospital-Discharge-Mobility-1-Ob-Question-80.html">Generated Summary: <span title="Codes: {http://paciowg.github.io/cognitive-status-ig/CodeSystem/pacio-cat-cs functioning}">Functioning</span>; <span title="Codes: {http://loinc.org 83192-5}">12 steps</span>; effective: Jul 10, 2020, 12:34:00 PM; <span title="Codes: {http://loinc.org LA26735-3}">Not attempted</span></a></li><li><a href="Observation-FSC-Hospital-Discharge-Mobility-1-Ob-Question-86.html">Generated Summary: <span title="Codes: {http://paciowg.github.io/cognitive-status-ig/CodeSystem/pacio-cat-cs functioning}">Functioning</span>; <span title="Codes: {http://loinc.org 83190-9}">Picking up object</span>; effective: Jul 10, 2020, 12:34:00 PM; <span title="Codes: {http://loinc.org LA26735-3}">Not attempted</span></a></li><li><a href="Observation-FSC-Hospital-Discharge-Mobility-1-Ob-Question-92.html">Generated Summary: <span title="Codes: {http://paciowg.github.io/cognitive-status-ig/CodeSystem/pacio-cat-cs functioning}">Functioning</span>; <span title="Codes: {http://loinc.org 83188-3}">Wheel 50 feet with two turns</span>; effective: Jul 10, 2020, 12:34:00 PM; <span title="Codes: {http://loinc.org LA11759-0}">Substantial/maximal assistance</span></a></li><li><a href="Observation-FSC-Hospital-Discharge-Mobility-1-Ob-Question-98.html">Generated Summary: <span title="Codes: {http://paciowg.github.io/cognitive-status-ig/CodeSystem/pacio-cat-cs functioning}">Functioning</span>; <span title="Codes: {http://loinc.org 83235-2}">Wheel 150 feet</span>; effective: Jul 10, 2020, 12:34:00 PM; <span title="Codes: {http://loinc.org LA11759-0}">Substantial/maximal assistance</span></a></li></ul><p><b>derivedFrom</b>: <a href="QuestionnaireResponse-QResponse-Hospital-Discharge-Mobility-1.html">Questionnaire Response. Generated Summary: questionnaire: https://api.logicahealth.org/PACIO/open/Questionnaire/MDS3.0-NC-1.17; status: completed; authored: Jul 10, 2020, 12:34:00 PM</a></p></div>
  </text>
  <extension url="http://paciowg.github.io/functional-status-ig/StructureDefinition/event-location">
    <valueReference>
      <reference value="Location/Org-Loc-01"/>
    </valueReference>
  </extension>
  <extension url="http://paciowg.github.io/functional-status-ig/StructureDefinition/device-patient-used">
    <valueReference>
      <reference value="DeviceUseStatement/FSC-Hospital-Discharge-Mobility-1-UseOfDevice-1"/>
    </valueReference>
  </extension>
  <extension url="http://paciowg.github.io/functional-status-ig/StructureDefinition/device-patient-used">
    <valueReference>
      <reference value="DeviceUseStatement/FSC-Hospital-Discharge-Mobility-1-UseOfDevice-2"/>
    </valueReference>
  </extension>
  <extension url="http://paciowg.github.io/functional-status-ig/StructureDefinition/device-patient-used">
    <valueReference>
      <reference value="DeviceUseStatement/FSC-Hospital-Discharge-Mobility-1-UseOfDevice-3"/>
    </valueReference>
  </extension>
  <extension url="http://paciowg.github.io/functional-status-ig/StructureDefinition/device-patient-used">
    <valueReference>
      <reference value="DeviceUseStatement/FSC-Hospital-Discharge-Mobility-1-UseOfDevice-4"/>
    </valueReference>
  </extension>
  <extension url="http://paciowg.github.io/functional-status-ig/StructureDefinition/device-patient-used">
    <valueReference>
      <reference value="DeviceUseStatement/FSC-Hospital-Discharge-Mobility-1-UseOfDevice-5"/>
    </valueReference>
  </extension>
  <status value="final"/>
  <category>
    <coding>
      <system value="http://paciowg.github.io/cognitive-status-ig/CodeSystem/pacio-cat-cs"/>
      <code value="functioning"/>
      <display value="Functioning"/>
    </coding>
  </category>
  <category>
    <coding>
      <system value="http://terminology.hl7.org/CodeSystem/observation-category"/>
      <code value="survey"/>
      <display value="Survey"/>
    </coding>
  </category>
  <code>
    <coding>
      <system value="http://loinc.org"/>
      <code value="88331-4"/>
      <display value="Mobility - discharge performance during 3 day assessment period [CMS Assessment]"/>
    </coding>
  </code>
  <subject>
    <reference value="Patient/patientBSJ1"/>
  </subject>
  <effectiveDateTime value="2020-07-10T14:34:00-05:00"/>
  <performer>
    <reference value="PractitionerRole/Role-PT-RonMarble"/>
  </performer>
  <hasMember>
    <reference value="Observation/FSC-Hospital-Discharge-Mobility-1-Ob-Question-2"/>
  </hasMember>
  <hasMember>
    <reference value="Observation/FSC-Hospital-Discharge-Mobility-1-Ob-Question-8"/>
  </hasMember>
  <hasMember>
    <reference value="Observation/FSC-Hospital-Discharge-Mobility-1-Ob-Question-14"/>
  </hasMember>
  <hasMember>
    <reference value="Observation/FSC-Hospital-Discharge-Mobility-1-Ob-Question-20"/>
  </hasMember>
  <hasMember>
    <reference value="Observation/FSC-Hospital-Discharge-Mobility-1-Ob-Question-26"/>
  </hasMember>
  <hasMember>
    <reference value="Observation/FSC-Hospital-Discharge-Mobility-1-Ob-Question-32"/>
  </hasMember>
  <hasMember>
    <reference value="Observation/FSC-Hospital-Discharge-Mobility-1-Ob-Question-38"/>
  </hasMember>
  <hasMember>
    <reference value="Observation/FSC-Hospital-Discharge-Mobility-1-Ob-Question-44"/>
  </hasMember>
  <hasMember>
    <reference value="Observation/FSC-Hospital-Discharge-Mobility-1-Ob-Question-50"/>
  </hasMember>
  <hasMember>
    <reference value="Observation/FSC-Hospital-Discharge-Mobility-1-Ob-Question-56"/>
  </hasMember>
  <hasMember>
    <reference value="Observation/FSC-Hospital-Discharge-Mobility-1-Ob-Question-62"/>
  </hasMember>
  <hasMember>
    <reference value="Observation/FSC-Hospital-Discharge-Mobility-1-Ob-Question-68"/>
  </hasMember>
  <hasMember>
    <reference value="Observation/FSC-Hospital-Discharge-Mobility-1-Ob-Question-74"/>
  </hasMember>
  <hasMember>
    <reference value="Observation/FSC-Hospital-Discharge-Mobility-1-Ob-Question-80"/>
  </hasMember>
  <hasMember>
    <reference value="Observation/FSC-Hospital-Discharge-Mobility-1-Ob-Question-86"/>
  </hasMember>
  <hasMember>
    <reference value="Observation/FSC-Hospital-Discharge-Mobility-1-Ob-Question-92"/>
  </hasMember>
  <hasMember>
    <reference value="Observation/FSC-Hospital-Discharge-Mobility-1-Ob-Question-98"/>
  </hasMember>
  <derivedFrom>
    <reference value="QuestionnaireResponse/QResponse-Hospital-Discharge-Mobility-1"/>
    <display value="Questionnaire Response"/>
  </derivedFrom>
</Observation>