<?xml version="1.0" encoding="UTF-8"?>

<Observation xmlns="http://hl7.org/fhir">
  <id value="BFS-Hospital-Admission-Mobility-SelfCare-1"/>
  <meta>
    <profile value="http://paciowg.github.io/functional-status-ig/StructureDefinition/pacio-fsc"/>
  </meta>
  <text>
    <status value="extensions"/><div xmlns="http://www.w3.org/1999/xhtml"><p><b>Generated Narrative</b></p><p><b>Event Location</b>: <a href="Location-Org-Loc-01.html">Generated Summary: status: active; name: San Antonio General Hospital</a></p><p></p><p><b>category</b>: <span title="Codes: {http://paciowg.github.io/cognitive-status-ig/CodeSystem/pacio-cat-cs functioning}">functioning</span>, <span title="Codes: {http://terminology.hl7.org/CodeSystem/observation-category survey}">Survey</span></p><p><b>code</b>: <span title="Codes: {http://loinc.org 83233-7}">Self-care - admission performance [CMS Assessment]</span></p><p><b>subject</b>: <a href="Patient-patientBSJ1.html">Generated Summary: Betsy Smith-Johnson </a></p><p><b>effective</b>: Jul 8, 2020, 2:00:00 PM</p><p><b>performer</b>: </p><ul><li><a href="Practitioner-Practitioner-SallySmith.html">Generated Summary: active; Sally Smith ; gender: female</a></li><li><a href="PractitionerRole-Role-PT.html">Generated Summary: active; <span title="Codes: {http://snomed.info/sct 36682004}">Physiotherapist</span></a></li><li><a href="Organization-Org-01.html">Organization. Generated Summary: name: San Antonio General Hospital</a></li></ul><p><b>hasMember</b>: </p><ul><li><a href="Observation-BFS-Hospital-Admission-Mobility-SelfCare-1-Ob-Question-1.html">Generated Summary: <span title="Codes: {http://paciowg.github.io/cognitive-status-ig/CodeSystem/pacio-cat-cs functioning}">functioning</span>; <span title="Codes: {http://loinc.org 83232-9}">Eating</span>; effective: Jul 8, 2020, 2:00:00 PM; <span title="Codes: {http://loinc.org LA10055-4}">Partial/moderate assistance</span></a></li><li><a href="Observation-BFS-Hospital-Admission-Mobility-SelfCare-1-Ob-Question-5.html">Generated Summary: <span title="Codes: {http://paciowg.github.io/cognitive-status-ig/CodeSystem/pacio-cat-cs functioning}">functioning</span>; <span title="Codes: {http://loinc.org 83230-3}">Oral hygiene</span>; effective: Jul 8, 2020, 2:00:00 PM; <span title="Codes: {http://loinc.org LA10055-4}">Partial/moderate assistance</span></a></li><li><a href="Observation-BFS-Hospital-Admission-Mobility-SelfCare-1-Ob-Question-9.html">Generated Summary: <span title="Codes: {http://paciowg.github.io/cognitive-status-ig/CodeSystem/pacio-cat-cs functioning}">functioning</span>; <span title="Codes: {http://loinc.org 83228-7}">Toileting hygiene</span>; effective: Jul 8, 2020, 2:00:00 PM; <span title="Codes: {http://loinc.org LA27665-1}">Dependent</span></a></li><li><a href="Observation-BFS-Hospital-Admission-Mobility-SelfCare-1-Ob-Question-13.html">Generated Summary: <span title="Codes: {http://paciowg.github.io/cognitive-status-ig/CodeSystem/pacio-cat-cs functioning}">functioning</span>; <span title="Codes: {http://loinc.org 83226-1}">Shower/bathe self</span>; effective: Jul 8, 2020, 2:00:00 PM; <span title="Codes: {http://loinc.org LA26735-3}">Not attempted</span></a></li><li><a href="Observation-BFS-Hospital-Admission-Mobility-SelfCare-1-Ob-Question-17.html">Generated Summary: <span title="Codes: {http://paciowg.github.io/cognitive-status-ig/CodeSystem/pacio-cat-cs functioning}">functioning</span>; <span title="Codes: {http://loinc.org 83224-6}">Upper body dressing</span>; effective: Jul 8, 2020, 2:00:00 PM; <span title="Codes: {http://loinc.org LA11759-0}">Substantial/maximal assistance</span></a></li><li><a href="Observation-BFS-Hospital-Admission-Mobility-SelfCare-1-Ob-Question-21.html">Generated Summary: <span title="Codes: {http://paciowg.github.io/cognitive-status-ig/CodeSystem/pacio-cat-cs functioning}">functioning</span>; <span title="Codes: {http://loinc.org 83222-0}">Lower body dressing</span>; effective: Jul 8, 2020, 2:00:00 PM; <span title="Codes: {http://loinc.org LA26735-3}">Not attempted</span></a></li><li><a href="Observation-BFS-Hospital-Admission-Mobility-SelfCare-1-Ob-Question-25.html">Generated Summary: <span title="Codes: {http://paciowg.github.io/cognitive-status-ig/CodeSystem/pacio-cat-cs functioning}">functioning</span>; <span title="Codes: {http://loinc.org 83220-4}">Putting on/taking off footwear</span>; effective: Jul 8, 2020, 2:00:00 PM; <span title="Codes: {http://loinc.org LA26735-3}">Not attempted</span></a></li></ul><p><b>derivedFrom</b>: <a href="QuestionnaireResponse-QResponse-Hospital-Admission-Mobility-SelfCare-1.html">Questionnaire Response. Generated Summary: questionnaire: https://api.logicahealth.org/PACIO/open/Questionnaire/MDS3.0-NC-1.17; status: completed; authored: Jul 8, 2020, 2:00:00 PM</a></p></div>
  </text>
  <extension url="http://hl7.org/fhir/StructureDefinition/event-location">
    <valueReference>
      <reference value="Location/Org-Loc-01"/>
    </valueReference>
  </extension>
  <status value="final"/>
  <category>
    <coding>
      <system value="http://paciowg.github.io/cognitive-status-ig/CodeSystem/pacio-cat-cs"/>
      <code value="functioning"/>
    </coding>
  </category>
  <category>
    <coding>
      <system value="http://terminology.hl7.org/CodeSystem/observation-category"/>
      <code value="survey"/>
      <display value="Survey"/>
    </coding>
  </category>
  <code>
    <coding>
      <system value="http://loinc.org"/>
      <code value="83233-7"/>
      <display value="Self-care - admission performance [CMS Assessment]"/>
    </coding>
  </code>
  <subject>
    <reference value="Patient/patientBSJ1"/>
  </subject>
  <effectiveDateTime value="2020-07-08T16:00:00-05:00"/>
  <performer>
    <reference value="Practitioner/Practitioner-SallySmith"/>
  </performer>
  <performer>
    <reference value="PractitionerRole/Role-PT"/>
  </performer>
  <performer>
    <reference value="Organization/Org-01"/>
    <display value="Organization"/>
  </performer>
  <hasMember>
    <reference value="Observation/BFS-Hospital-Admission-Mobility-SelfCare-1-Ob-Question-1"/>
  </hasMember>
  <hasMember>
    <reference value="Observation/BFS-Hospital-Admission-Mobility-SelfCare-1-Ob-Question-5"/>
  </hasMember>
  <hasMember>
    <reference value="Observation/BFS-Hospital-Admission-Mobility-SelfCare-1-Ob-Question-9"/>
  </hasMember>
  <hasMember>
    <reference value="Observation/BFS-Hospital-Admission-Mobility-SelfCare-1-Ob-Question-13"/>
  </hasMember>
  <hasMember>
    <reference value="Observation/BFS-Hospital-Admission-Mobility-SelfCare-1-Ob-Question-17"/>
  </hasMember>
  <hasMember>
    <reference value="Observation/BFS-Hospital-Admission-Mobility-SelfCare-1-Ob-Question-21"/>
  </hasMember>
  <hasMember>
    <reference value="Observation/BFS-Hospital-Admission-Mobility-SelfCare-1-Ob-Question-25"/>
  </hasMember>
  <derivedFrom>
    <reference value="QuestionnaireResponse/QResponse-Hospital-Admission-Mobility-SelfCare-1"/>
    <display value="Questionnaire Response"/>
  </derivedFrom>
</Observation>