<?xml version="1.0" encoding="UTF-8"?>

<Observation xmlns="http://hl7.org/fhir">
  <id value="FSC-Hospital-Admission-Mobility-1-Ob-Question-25"/>
  <meta>
    <profile value="http://paciowg.github.io/functional-status-ig/StructureDefinition/pacio-fs"/>
  </meta>
  <text>
    <status value="extensions"/><div xmlns="http://www.w3.org/1999/xhtml"><p><b>Generated Narrative</b></p><p><b>ObservationEventLocation</b>: <a href="Location-Org-Loc-01.html">Generated Summary: status: active; name: San Antonio General Hospital</a></p><p></p><p><b>category</b>: <span title="Codes: {http://paciowg.github.io/cognitive-status-ig/CodeSystem/pacio-cat-cs functioning}">Functioning</span></p><p><b>code</b>: <span title="Codes: {http://loinc.org 83210-5}">Chair/bed-to-chair transfer</span></p><p><b>subject</b>: <a href="Patient-patientBSJ1.html">Generated Summary: Betsy Smith-Johnson </a></p><p><b>effective</b>: Jul 8, 2020, 2:00:00 PM</p><p><b>performer</b>: <a href="PractitionerRole-Role-PT-SallySmith.html">Generated Summary: active; <span title="Codes: {http://snomed.info/sct 36682004}">Physiotherapist</span></a></p><p><b>value</b>: <span title="Codes: {http://loinc.org LA27665-1}">Dependent</span></p><p><b>derivedFrom</b>: <a href="QuestionnaireResponse-QResponse-Hospital-Admission-Mobility-1.html">Generated Summary: questionnaire: https://api.logicahealth.org/PACIO/open/Questionnaire/MDS3.0-NC-1.17; status: completed; authored: Jul 8, 2020, 2:00:00 PM</a></p></div>
  </text>
  <extension url="http://paciowg.github.io/functional-status-ig/StructureDefinition/event-location">
    <valueReference>
      <reference value="Location/Org-Loc-01"/>
    </valueReference>
  </extension>
  <status value="final"/>
  <category>
    <coding>
      <system value="http://paciowg.github.io/cognitive-status-ig/CodeSystem/pacio-cat-cs"/>
      <code value="functioning"/>
      <display value="Functioning"/>
    </coding>
  </category>
  <code>
    <coding>
      <system value="http://loinc.org"/>
      <code value="83210-5"/>
      <display value="Bed-to-chair transfer - functional ability during 3 day assessment period [CMS Assessment]"/>
    </coding>
    <text value="Chair/bed-to-chair transfer"/>
  </code>
  <subject>
    <reference value="Patient/patientBSJ1"/>
  </subject>
  <effectiveDateTime value="2020-07-08T16:00:00-05:00"/>
  <performer>
    <reference value="PractitionerRole/Role-PT-SallySmith"/>
  </performer>
  <valueCodeableConcept>
    <coding>
      <system value="http://loinc.org"/>
      <code value="LA27665-1"/>
      <display value="Dependent - Helper does all of the effort. Patient does none of the effort to complete the activity. Or, the assistance of 2 or more helpers is required for the patient to complete the activity."/>
    </coding>
    <text value="Dependent"/>
  </valueCodeableConcept>
  <derivedFrom>
    <reference value="QuestionnaireResponse/QResponse-Hospital-Admission-Mobility-1"/>
  </derivedFrom>
</Observation>