<?xml version="1.0" encoding="UTF-8"?>

<Observation xmlns="http://hl7.org/fhir">
  <id value="BFS-SNF-DischargeGoal-Mobility-SelfCare-1"/>
  <meta>
    <profile value="http://paciowg.github.io/functional-status-ig/StructureDefinition/pacio-fsc"/>
  </meta>
  <text>
    <status value="extensions"/><div xmlns="http://www.w3.org/1999/xhtml"><p><b>Generated Narrative</b></p><p><b>Event Location</b>: <a href="Location-Org-Loc-02.html">Generated Summary: status: active; name: Happy Nursing Facility</a></p><p></p><p><b>category</b>: <span title="Codes: {http://paciowg.github.io/cognitive-status-ig/CodeSystem/pacio-cat-cs functioning}">functioning</span>, <span title="Codes: {http://terminology.hl7.org/CodeSystem/observation-category survey}">Survey</span></p><p><b>code</b>: <span title="Codes: {http://loinc.org 85054-5}">Self-care - discharge goal [CMS Assessment]</span></p><p><b>subject</b>: <a href="Patient-patientBSJ1.html">Generated Summary: Betsy Smith-Johnson </a></p><p><b>effective</b>: Jul 11, 2020, 2:32:00 PM</p><p><b>performer</b>: </p><ul><li><a href="Practitioner-Practitioner-JenCadbury.html">Generated Summary: active; Jen Cadbury ; gender: female</a></li><li><a href="PractitionerRole-Role-OT.html">Generated Summary: active; <span title="Codes: {http://snomed.info/sct 80546007}">Occupational therapist</span></a></li><li><a href="Organization-Org-02.html">Organization. Generated Summary: name: Happy Nursing Facility</a></li></ul><p><b>hasMember</b>: </p><ul><li><a href="Observation-BFS-SNF-DischargeGoal-Mobility-SelfCare-1-Ob-Question-29.html">Generated Summary: <span title="Codes: {http://paciowg.github.io/cognitive-status-ig/CodeSystem/pacio-cat-cs functioning}">functioning</span>; <span title="Codes: {http://loinc.org 83231-1}">Eating</span>; effective: Jul 11, 2020, 2:32:00 PM; <span title="Codes: {http://loinc.org LA9983-3}">Independent</span></a></li><li><a href="Observation-BFS-SNF-DischargeGoal-Mobility-SelfCare-1-Ob-Question-30.html">Generated Summary: <span title="Codes: {http://paciowg.github.io/cognitive-status-ig/CodeSystem/pacio-cat-cs functioning}">functioning</span>; <span title="Codes: {http://loinc.org 83229-5}">Oral hygiene</span>; effective: Jul 11, 2020, 2:32:00 PM; <span title="Codes: {http://loinc.org LA9983-3}">Independent</span></a></li><li><a href="Observation-BFS-SNF-DischargeGoal-Mobility-SelfCare-1-Ob-Question-31.html">Generated Summary: <span title="Codes: {http://paciowg.github.io/cognitive-status-ig/CodeSystem/pacio-cat-cs functioning}">functioning</span>; <span title="Codes: {http://loinc.org 83227-9}">Toileting hygiene</span>; effective: Jul 11, 2020, 2:32:00 PM; <span title="Codes: {http://loinc.org LA11757-4}">Supervision or touching assistance</span></a></li><li><a href="Observation-BFS-SNF-DischargeGoal-Mobility-SelfCare-1-Ob-Question-32.html">Generated Summary: <span title="Codes: {http://paciowg.github.io/cognitive-status-ig/CodeSystem/pacio-cat-cs functioning}">functioning</span>; <span title="Codes: {http://loinc.org 83225-3}">Shower/bathe self</span>; effective: Jul 11, 2020, 2:32:00 PM; <span title="Codes: {http://loinc.org LA11759-0}">Substantial/maximal assistance</span></a></li><li><a href="Observation-BFS-SNF-DischargeGoal-Mobility-SelfCare-1-Ob-Question-33.html">Generated Summary: <span title="Codes: {http://paciowg.github.io/cognitive-status-ig/CodeSystem/pacio-cat-cs functioning}">functioning</span>; <span title="Codes: {http://loinc.org 83223-8}">Upper body dressing</span>; effective: Jul 11, 2020, 2:32:00 PM; <span title="Codes: {http://loinc.org LA10073-7}">Setup or cleanup assistance</span></a></li><li><a href="Observation-BFS-SNF-DischargeGoal-Mobility-SelfCare-1-Ob-Question-34.html">Generated Summary: <span title="Codes: {http://paciowg.github.io/cognitive-status-ig/CodeSystem/pacio-cat-cs functioning}">functioning</span>; <span title="Codes: {http://loinc.org 83221-2}">Lower body dressing</span>; effective: Jul 11, 2020, 2:32:00 PM; <span title="Codes: {http://loinc.org LA10055-4}">Partial/moderate assistance</span></a></li><li><a href="Observation-BFS-SNF-DischargeGoal-Mobility-SelfCare-1-Ob-Question-35.html">Generated Summary: <span title="Codes: {http://paciowg.github.io/cognitive-status-ig/CodeSystem/pacio-cat-cs functioning}">functioning</span>; <span title="Codes: {http://loinc.org 83219-6}">Putting on/taking off footwear</span>; effective: Jul 11, 2020, 2:32:00 PM; <span title="Codes: {http://loinc.org LA10055-4}">Partial/moderate assistance</span></a></li></ul><p><b>derivedFrom</b>: <a href="QuestionnaireResponse-QResponse-SNF-DischargeGoal-Mobility-SelfCare-1.html">Questionnaire Response. Generated Summary: questionnaire: https://api.logicahealth.org/PACIO/open/Questionnaire/MDS3.0-NC-1.17; status: completed; authored: Jul 11, 2020, 2:32:00 PM</a></p></div>
  </text>
  <extension url="http://hl7.org/fhir/StructureDefinition/event-location">
    <valueReference>
      <reference value="Location/Org-Loc-02"/>
    </valueReference>
  </extension>
  <status value="final"/>
  <category>
    <coding>
      <system value="http://paciowg.github.io/cognitive-status-ig/CodeSystem/pacio-cat-cs"/>
      <code value="functioning"/>
    </coding>
  </category>
  <category>
    <coding>
      <system value="http://terminology.hl7.org/CodeSystem/observation-category"/>
      <code value="survey"/>
      <display value="Survey"/>
    </coding>
  </category>
  <code>
    <coding>
      <system value="http://loinc.org"/>
      <code value="85054-5"/>
      <display value="Self-care - discharge goal [CMS Assessment]"/>
    </coding>
  </code>
  <subject>
    <reference value="Patient/patientBSJ1"/>
  </subject>
  <effectiveDateTime value="2020-07-11T16:32:00-05:00"/>
  <performer>
    <reference value="Practitioner/Practitioner-JenCadbury"/>
  </performer>
  <performer>
    <reference value="PractitionerRole/Role-OT"/>
  </performer>
  <performer>
    <reference value="Organization/Org-02"/>
    <display value="Organization"/>
  </performer>
  <hasMember>
    <reference value="Observation/BFS-SNF-DischargeGoal-Mobility-SelfCare-1-Ob-Question-29"/>
  </hasMember>
  <hasMember>
    <reference value="Observation/BFS-SNF-DischargeGoal-Mobility-SelfCare-1-Ob-Question-30"/>
  </hasMember>
  <hasMember>
    <reference value="Observation/BFS-SNF-DischargeGoal-Mobility-SelfCare-1-Ob-Question-31"/>
  </hasMember>
  <hasMember>
    <reference value="Observation/BFS-SNF-DischargeGoal-Mobility-SelfCare-1-Ob-Question-32"/>
  </hasMember>
  <hasMember>
    <reference value="Observation/BFS-SNF-DischargeGoal-Mobility-SelfCare-1-Ob-Question-33"/>
  </hasMember>
  <hasMember>
    <reference value="Observation/BFS-SNF-DischargeGoal-Mobility-SelfCare-1-Ob-Question-34"/>
  </hasMember>
  <hasMember>
    <reference value="Observation/BFS-SNF-DischargeGoal-Mobility-SelfCare-1-Ob-Question-35"/>
  </hasMember>
  <derivedFrom>
    <reference value="QuestionnaireResponse/QResponse-SNF-DischargeGoal-Mobility-SelfCare-1"/>
    <display value="Questionnaire Response"/>
  </derivedFrom>
</Observation>