<?xml version="1.0" encoding="UTF-8"?>

<Observation xmlns="http://hl7.org/fhir">
  <id value="BFS-Hospital-Discharge-Mobility-1-Ob-Question-56"/>
  <meta>
    <profile value="http://paciowg.github.io/functional-status-ig/StructureDefinition/pacio-fs"/>
  </meta>
  <text>
    <status value="extensions"/><div xmlns="http://www.w3.org/1999/xhtml"><p><b>Generated Narrative</b></p><p><b>Event Location</b>: <a href="Location-Org-Loc-01.html">Generated Summary: status: active; name: San Antonio General Hospital</a></p><p></p><p><b>code</b>: <span title="Codes: {http://loinc.org 83200-6}">Walk 150 feet</span></p><p><b>subject</b>: <a href="Patient-patientBSJ1.html">Generated Summary: Betsy Smith-Johnson </a></p><p><b>effective</b>: Jul 10, 2020, 12:34:00 PM</p><p><b>performer</b>: </p><ul><li><a href="Practitioner-Practitioner-RonMarble.html">Generated Summary: active; Ron Marble ; gender: male</a></li><li><a href="PractitionerRole-Role-PT.html">Generated Summary: active; <span title="Codes: {http://snomed.info/sct 36682004}">Physiotherapist</span></a></li><li><a href="Organization-Org-01.html">Organization. Generated Summary: name: San Antonio General Hospital</a></li></ul><p><b>value</b>: <span title="Codes: {http://loinc.org LA11759-0}">Substantial/maximal assistance</span></p><p><b>derivedFrom</b>: <a href="QuestionnaireResponse-QResponse-Hospital-Discharge-Mobility-1.html">Generated Summary: questionnaire: https://api.logicahealth.org/PACIO/open/Questionnaire/MDS3.0-NC-1.17; status: completed; authored: Jul 10, 2020, 12:34:00 PM</a></p></div>
  </text>
  <extension url="http://hl7.org/fhir/StructureDefinition/event-location">
    <valueReference>
      <reference value="Location/Org-Loc-01"/>
    </valueReference>
  </extension>
  <status value="final"/>
  <code>
    <coding>
      <system value="http://loinc.org"/>
      <code value="83200-6"/>
      <display value="Walk 150 feet - functional ability during 3 day assessment period [CMS Assessment]"/>
    </coding>
    <text value="Walk 150 feet"/>
  </code>
  <subject>
    <reference value="Patient/patientBSJ1"/>
  </subject>
  <effectiveDateTime value="2020-07-10T14:34:00-05:00"/>
  <performer>
    <reference value="Practitioner/Practitioner-RonMarble"/>
  </performer>
  <performer>
    <reference value="PractitionerRole/Role-PT"/>
  </performer>
  <performer>
    <reference value="Organization/Org-01"/>
    <display value="Organization"/>
  </performer>
  <valueCodeableConcept>
    <coding>
      <system value="http://loinc.org"/>
      <code value="LA11759-0"/>
      <display value="Substantial/maximal assistance - Helper does more than half the effort. Helper lifts or holds trunk or limbs and provides more than half the effort."/>
    </coding>
    <text value="Substantial/maximal assistance"/>
  </valueCodeableConcept>
  <derivedFrom>
    <reference value="QuestionnaireResponse/QResponse-Hospital-Discharge-Mobility-1"/>
  </derivedFrom>
</Observation>