<?xml version="1.0" encoding="UTF-8"?>

<Observation xmlns="http://hl7.org/fhir">
  <id value="FSC-Hospital-Discharge-Mobility-1-Ob-Question-74"/>
  <meta>
    <profile value="http://paciowg.github.io/functional-status-ig/StructureDefinition/pacio-fs"/>
  </meta>
  <text>
    <status value="extensions"/><div xmlns="http://www.w3.org/1999/xhtml"><p><b>Generated Narrative</b></p><p><b>ObservationEventLocation</b>: <a href="Location-Org-Loc-01.html">Generated Summary: status: active; name: San Antonio General Hospital</a></p><p></p><p><b>category</b>: <span title="Codes: {http://paciowg.github.io/cognitive-status-ig/CodeSystem/pacio-cat-cs functioning}">Functioning</span></p><p><b>code</b>: <span title="Codes: {http://loinc.org 83194-1}">4 steps</span></p><p><b>subject</b>: <a href="Patient-patientBSJ1.html">Generated Summary: Betsy Smith-Johnson </a></p><p><b>effective</b>: Jul 10, 2020, 12:34:00 PM</p><p><b>performer</b>: <a href="PractitionerRole-Role-PT-RonMarble.html">Generated Summary: active; <span title="Codes: {http://snomed.info/sct 36682004}">Physiotherapist</span></a></p><p><b>value</b>: <span title="Codes: {http://loinc.org LA26735-3}">Not attempted</span></p><p><b>derivedFrom</b>: <a href="QuestionnaireResponse-QResponse-Hospital-Discharge-Mobility-1.html">Generated Summary: questionnaire: https://api.logicahealth.org/PACIO/open/Questionnaire/MDS3.0-NC-1.17; status: completed; authored: Jul 10, 2020, 12:34:00 PM</a></p></div>
  </text>
  <extension url="http://paciowg.github.io/functional-status-ig/StructureDefinition/event-location">
    <valueReference>
      <reference value="Location/Org-Loc-01"/>
    </valueReference>
  </extension>
  <status value="final"/>
  <category>
    <coding>
      <system value="http://paciowg.github.io/cognitive-status-ig/CodeSystem/pacio-cat-cs"/>
      <code value="functioning"/>
      <display value="Functioning"/>
    </coding>
  </category>
  <code>
    <coding>
      <system value="http://loinc.org"/>
      <code value="83194-1"/>
      <display value="4 steps - functional ability during 3 day assessment period [CMS Assessment]"/>
    </coding>
    <text value="4 steps"/>
  </code>
  <subject>
    <reference value="Patient/patientBSJ1"/>
  </subject>
  <effectiveDateTime value="2020-07-10T14:34:00-05:00"/>
  <performer>
    <reference value="PractitionerRole/Role-PT-RonMarble"/>
  </performer>
  <valueCodeableConcept>
    <coding>
      <system value="http://loinc.org"/>
      <code value="LA26735-3"/>
      <display value="Not attempted due to medical condition or safety concerns"/>
    </coding>
    <text value="Not attempted"/>
  </valueCodeableConcept>
  <derivedFrom>
    <reference value="QuestionnaireResponse/QResponse-Hospital-Discharge-Mobility-1"/>
  </derivedFrom>
</Observation>