<?xml version="1.0" encoding="UTF-8"?>

<Observation xmlns="http://hl7.org/fhir">
  <id value="BFS-Hospital-DischargeGoal-Mobility-1"/>
  <meta>
    <profile value="http://paciowg.github.io/functional-status-ig/StructureDefinition/pacio-fsc"/>
  </meta>
  <text>
    <status value="extensions"/><div xmlns="http://www.w3.org/1999/xhtml"><p><b>Generated Narrative</b></p><p><b>Event Location</b>: <a href="Location-Org-Loc-01.html">Generated Summary: status: active; name: San Antonio General Hospital</a></p><p></p><p><b>category</b>: <span title="Codes: {http://paciowg.github.io/cognitive-status-ig/CodeSystem/pacio-cat-cs functioning}">functioning</span>, <span title="Codes: {http://terminology.hl7.org/CodeSystem/observation-category survey}">Survey</span></p><p><b>code</b>: <span title="Codes: {http://loinc.org 85056-0}">Mobility - discharge goal during 3 day assessment period [CMS Assessment]</span></p><p><b>subject</b>: <a href="Patient-patientBSJ1.html">Generated Summary: Betsy Smith-Johnson </a></p><p><b>effective</b>: Jul 8, 2020, 2:00:00 PM</p><p><b>performer</b>: </p><ul><li><a href="Practitioner-Practitioner-SallySmith.html">Generated Summary: active; Sally Smith ; gender: female</a></li><li><a href="PractitionerRole-Role-PT.html">Generated Summary: active; <span title="Codes: {http://snomed.info/sct 36682004}">Physiotherapist</span></a></li><li><a href="Organization-Org-01.html">Organization. Generated Summary: name: San Antonio General Hospital</a></li></ul><p><b>hasMember</b>: </p><ul><li><a href="Observation-BFS-Hospital-DischargeGoal-Mobility-1-Ob-Question-103.html">Generated Summary: <span title="Codes: {http://paciowg.github.io/cognitive-status-ig/CodeSystem/pacio-cat-cs functioning}">functioning</span>; <span title="Codes: {http://loinc.org 83217-0}">Roll left and right</span>; effective: Jul 8, 2020, 2:00:00 PM; <span title="Codes: {http://loinc.org LA11758-2}">Partial/moderate assistance</span></a></li><li><a href="Observation-BFS-Hospital-DischargeGoal-Mobility-1-Ob-Question-105.html">Generated Summary: <span title="Codes: {http://paciowg.github.io/cognitive-status-ig/CodeSystem/pacio-cat-cs functioning}">functioning</span>; <span title="Codes: {http://loinc.org 83215-4}">Sit to lying</span>; effective: Jul 8, 2020, 2:00:00 PM; <span title="Codes: {http://loinc.org LA11758-2}">Partial/moderate assistance</span></a></li><li><a href="Observation-BFS-Hospital-DischargeGoal-Mobility-1-Ob-Question-107.html">Generated Summary: <span title="Codes: {http://paciowg.github.io/cognitive-status-ig/CodeSystem/pacio-cat-cs functioning}">functioning</span>; <span title="Codes: {http://loinc.org 83213-9}">Lying to sitting on side of bed</span>; effective: Jul 8, 2020, 2:00:00 PM; <span title="Codes: {http://loinc.org LA11758-2}">Partial/moderate assistance</span></a></li><li><a href="Observation-BFS-Hospital-DischargeGoal-Mobility-1-Ob-Question-109.html">Generated Summary: <span title="Codes: {http://paciowg.github.io/cognitive-status-ig/CodeSystem/pacio-cat-cs functioning}">functioning</span>; <span title="Codes: {http://loinc.org 83211-3}">Sit to stand</span>; effective: Jul 8, 2020, 2:00:00 PM; <span title="Codes: {http://loinc.org LA11758-2}">Partial/moderate assistance</span></a></li><li><a href="Observation-BFS-Hospital-DischargeGoal-Mobility-1-Ob-Question-111.html">Generated Summary: <span title="Codes: {http://paciowg.github.io/cognitive-status-ig/CodeSystem/pacio-cat-cs functioning}">functioning</span>; <span title="Codes: {http://loinc.org 83209-7}">Chair/Bed-to-chair transfer</span>; effective: Jul 8, 2020, 2:00:00 PM; <span title="Codes: {http://loinc.org LA11759-0}">Substantial/maximal assistance</span></a></li><li><a href="Observation-BFS-Hospital-DischargeGoal-Mobility-1-Ob-Question-113.html">Generated Summary: <span title="Codes: {http://paciowg.github.io/cognitive-status-ig/CodeSystem/pacio-cat-cs functioning}">functioning</span>; <span title="Codes: {http://loinc.org 83207-1}">Toilet transfer</span>; effective: Jul 8, 2020, 2:00:00 PM; <span title="Codes: {http://loinc.org LA11759-0}">Substantial/maximal assistance</span></a></li><li><a href="Observation-BFS-Hospital-DischargeGoal-Mobility-1-Ob-Question-115.html">Generated Summary: <span title="Codes: {http://paciowg.github.io/cognitive-status-ig/CodeSystem/pacio-cat-cs functioning}">functioning</span>; <span title="Codes: {http://loinc.org 83205-5}">Car transfer</span>; effective: Jul 8, 2020, 2:00:00 PM; <span title="Codes: {http://loinc.org LA27665-1}">Dependent</span></a></li><li><a href="Observation-BFS-Hospital-DischargeGoal-Mobility-1-Ob-Question-117.html">Generated Summary: <span title="Codes: {http://paciowg.github.io/cognitive-status-ig/CodeSystem/pacio-cat-cs functioning}">functioning</span>; <span title="Codes: {http://loinc.org 83203-0}">Walk 10 feet</span>; effective: Jul 8, 2020, 2:00:00 PM; <span title="Codes: {http://loinc.org LA27665-1}">Dependent</span></a></li><li><a href="Observation-BFS-Hospital-DischargeGoal-Mobility-1-Ob-Question-119.html">Generated Summary: <span title="Codes: {http://paciowg.github.io/cognitive-status-ig/CodeSystem/pacio-cat-cs functioning}">functioning</span>; <span title="Codes: {http://loinc.org 83201-4}">Walk 50 feet with two turns</span>; effective: Jul 8, 2020, 2:00:00 PM; <span title="Codes: {http://loinc.org LA11759-0}">Substantial/maximal assistance</span></a></li><li><a href="Observation-BFS-Hospital-DischargeGoal-Mobility-1-Ob-Question-121.html">Generated Summary: <span title="Codes: {http://paciowg.github.io/cognitive-status-ig/CodeSystem/pacio-cat-cs functioning}">functioning</span>; <span title="Codes: {http://loinc.org 83199-0}">Walk 150 feet</span>; effective: Jul 8, 2020, 2:00:00 PM; <span title="Codes: {http://loinc.org LA27665-1}">Dependent</span></a></li><li><a href="Observation-BFS-Hospital-DischargeGoal-Mobility-1-Ob-Question-123.html">Generated Summary: <span title="Codes: {http://paciowg.github.io/cognitive-status-ig/CodeSystem/pacio-cat-cs functioning}">functioning</span>; <span title="Codes: {http://loinc.org 83197-4}">Walking 10 feet on uneven surfaces</span>; effective: Jul 8, 2020, 2:00:00 PM; <span title="Codes: {http://loinc.org LA11759-0}">Substantial/maximal assistance</span></a></li><li><a href="Observation-BFS-Hospital-DischargeGoal-Mobility-1-Ob-Question-125.html">Generated Summary: <span title="Codes: {http://paciowg.github.io/cognitive-status-ig/CodeSystem/pacio-cat-cs functioning}">functioning</span>; <span title="Codes: {http://loinc.org 83195-8}">1 step (curb)</span>; effective: Jul 8, 2020, 2:00:00 PM; <span title="Codes: {http://loinc.org LA27665-1}">Dependent</span></a></li><li><a href="Observation-BFS-Hospital-DischargeGoal-Mobility-1-Ob-Question-127.html">Generated Summary: <span title="Codes: {http://paciowg.github.io/cognitive-status-ig/CodeSystem/pacio-cat-cs functioning}">functioning</span>; <span title="Codes: {http://loinc.org 83193-3}">4 steps</span>; effective: Jul 8, 2020, 2:00:00 PM; <span title="Codes: {http://loinc.org LA27665-1}">Dependent</span></a></li><li><a href="Observation-BFS-Hospital-DischargeGoal-Mobility-1-Ob-Question-129.html">Generated Summary: <span title="Codes: {http://paciowg.github.io/cognitive-status-ig/CodeSystem/pacio-cat-cs functioning}">functioning</span>; <span title="Codes: {http://loinc.org 83191-7}">12 steps</span>; effective: Jul 8, 2020, 2:00:00 PM; <span title="Codes: {http://loinc.org LA27665-1}">Dependent</span></a></li><li><a href="Observation-BFS-Hospital-DischargeGoal-Mobility-1-Ob-Question-131.html">Generated Summary: <span title="Codes: {http://paciowg.github.io/cognitive-status-ig/CodeSystem/pacio-cat-cs functioning}">functioning</span>; <span title="Codes: {http://loinc.org 83189-1}">Picking up object</span>; effective: Jul 8, 2020, 2:00:00 PM; <span title="Codes: {http://loinc.org LA27665-1}">Dependent</span></a></li><li><a href="Observation-BFS-Hospital-DischargeGoal-Mobility-1-Ob-Question-133.html">Generated Summary: <span title="Codes: {http://paciowg.github.io/cognitive-status-ig/CodeSystem/pacio-cat-cs functioning}">functioning</span>; <span title="Codes: {http://loinc.org 83187-5}">Wheel 50 feet with two turns</span>; effective: Jul 8, 2020, 2:00:00 PM; <span title="Codes: {http://loinc.org LA11759-0}">Substantial/maximal assistance</span></a></li><li><a href="Observation-BFS-Hospital-DischargeGoal-Mobility-1-Ob-Question-135.html">Generated Summary: <span title="Codes: {http://paciowg.github.io/cognitive-status-ig/CodeSystem/pacio-cat-cs functioning}">functioning</span>; <span title="Codes: {http://loinc.org 83236-0}">Wheel 150 feet</span>; effective: Jul 8, 2020, 2:00:00 PM; <span title="Codes: {http://loinc.org LA11759-0}">Substantial/maximal assistance</span></a></li></ul><p><b>derivedFrom</b>: <a href="QuestionnaireResponse-QResponse-Hospital-DischargeGoal-Mobility-1.html">Questionnaire Response. Generated Summary: questionnaire: https://api.logicahealth.org/PACIO/open/Questionnaire/MDS3.0-NC-1.17; status: completed; authored: Jul 8, 2020, 2:00:00 PM</a></p></div>
  </text>
  <extension url="http://hl7.org/fhir/StructureDefinition/event-location">
    <valueReference>
      <reference value="Location/Org-Loc-01"/>
    </valueReference>
  </extension>
  <status value="final"/>
  <category>
    <coding>
      <system value="http://paciowg.github.io/cognitive-status-ig/CodeSystem/pacio-cat-cs"/>
      <code value="functioning"/>
    </coding>
  </category>
  <category>
    <coding>
      <system value="http://terminology.hl7.org/CodeSystem/observation-category"/>
      <code value="survey"/>
      <display value="Survey"/>
    </coding>
  </category>
  <code>
    <coding>
      <system value="http://loinc.org"/>
      <code value="85056-0"/>
      <display value="Mobility - discharge goal during 3 day assessment period [CMS Assessment]"/>
    </coding>
  </code>
  <subject>
    <reference value="Patient/patientBSJ1"/>
  </subject>
  <effectiveDateTime value="2020-07-08T16:00:00-05:00"/>
  <performer>
    <reference value="Practitioner/Practitioner-SallySmith"/>
  </performer>
  <performer>
    <reference value="PractitionerRole/Role-PT"/>
  </performer>
  <performer>
    <reference value="Organization/Org-01"/>
    <display value="Organization"/>
  </performer>
  <hasMember>
    <reference value="Observation/BFS-Hospital-DischargeGoal-Mobility-1-Ob-Question-103"/>
  </hasMember>
  <hasMember>
    <reference value="Observation/BFS-Hospital-DischargeGoal-Mobility-1-Ob-Question-105"/>
  </hasMember>
  <hasMember>
    <reference value="Observation/BFS-Hospital-DischargeGoal-Mobility-1-Ob-Question-107"/>
  </hasMember>
  <hasMember>
    <reference value="Observation/BFS-Hospital-DischargeGoal-Mobility-1-Ob-Question-109"/>
  </hasMember>
  <hasMember>
    <reference value="Observation/BFS-Hospital-DischargeGoal-Mobility-1-Ob-Question-111"/>
  </hasMember>
  <hasMember>
    <reference value="Observation/BFS-Hospital-DischargeGoal-Mobility-1-Ob-Question-113"/>
  </hasMember>
  <hasMember>
    <reference value="Observation/BFS-Hospital-DischargeGoal-Mobility-1-Ob-Question-115"/>
  </hasMember>
  <hasMember>
    <reference value="Observation/BFS-Hospital-DischargeGoal-Mobility-1-Ob-Question-117"/>
  </hasMember>
  <hasMember>
    <reference value="Observation/BFS-Hospital-DischargeGoal-Mobility-1-Ob-Question-119"/>
  </hasMember>
  <hasMember>
    <reference value="Observation/BFS-Hospital-DischargeGoal-Mobility-1-Ob-Question-121"/>
  </hasMember>
  <hasMember>
    <reference value="Observation/BFS-Hospital-DischargeGoal-Mobility-1-Ob-Question-123"/>
  </hasMember>
  <hasMember>
    <reference value="Observation/BFS-Hospital-DischargeGoal-Mobility-1-Ob-Question-125"/>
  </hasMember>
  <hasMember>
    <reference value="Observation/BFS-Hospital-DischargeGoal-Mobility-1-Ob-Question-127"/>
  </hasMember>
  <hasMember>
    <reference value="Observation/BFS-Hospital-DischargeGoal-Mobility-1-Ob-Question-129"/>
  </hasMember>
  <hasMember>
    <reference value="Observation/BFS-Hospital-DischargeGoal-Mobility-1-Ob-Question-131"/>
  </hasMember>
  <hasMember>
    <reference value="Observation/BFS-Hospital-DischargeGoal-Mobility-1-Ob-Question-133"/>
  </hasMember>
  <hasMember>
    <reference value="Observation/BFS-Hospital-DischargeGoal-Mobility-1-Ob-Question-135"/>
  </hasMember>
  <derivedFrom>
    <reference value="QuestionnaireResponse/QResponse-Hospital-DischargeGoal-Mobility-1"/>
    <display value="Questionnaire Response"/>
  </derivedFrom>
</Observation>