<?xml version="1.0" encoding="UTF-8"?>

<Observation xmlns="http://hl7.org/fhir">
  <id value="FSC-SNF-Discharge-Mobility-SelfCare-1"/>
  <meta>
    <profile value="http://paciowg.github.io/functional-status-ig/StructureDefinition/pacio-fsc"/>
  </meta>
  <text>
    <status value="extensions"/><div xmlns="http://www.w3.org/1999/xhtml"><p><b>Generated Narrative</b></p><p><b>ObservationEventLocation</b>: <a href="Location-Org-Loc-02.html">Generated Summary: status: active; name: Happy Nursing Facility</a></p><p></p><p><b>category</b>: <span title="Codes: {http://paciowg.github.io/functional-status-ig/CodeSystem/pacio-cat-cs functioning}">Functioning</span>, <span title="Codes: {http://terminology.hl7.org/CodeSystem/observation-category survey}">Survey</span></p><p><b>code</b>: <span title="Codes: {http://loinc.org 83254-3}">Self-care - discharge performance [CMS Assessment]</span></p><p><b>subject</b>: <a href="Patient-patientBSJ1.html">Generated Summary: Betsy Smith-Johnson </a></p><p><b>effective</b>: Aug 1, 2020, 9:00:00 AM</p><p><b>performer</b>: <a href="PractitionerRole-Role-OT-DanielGranger.html">Generated Summary: active; <span title="Codes: {http://snomed.info/sct 80546007}">Occupational therapist</span></a></p><p><b>hasMember</b>: </p><ul><li><a href="Observation-FSC-SNF-Discharge-Mobility-SelfCare-1-Ob-Question-4.html">Generated Summary: <span title="Codes: {http://paciowg.github.io/functional-status-ig/CodeSystem/pacio-cat-cs functioning}">Functioning</span>, <span title="Codes: {http://terminology.hl7.org/CodeSystem/observation-category survey}">Survey</span>; <span title="Codes: {http://loinc.org 83232-9}">Eating</span>; effective: Aug 1, 2020, 9:00:00 AM; <span title="Codes: {http://loinc.org LA9983-3}">Independent</span></a></li><li><a href="Observation-FSC-SNF-Discharge-Mobility-SelfCare-1-Ob-Question-8.html">Generated Summary: <span title="Codes: {http://paciowg.github.io/functional-status-ig/CodeSystem/pacio-cat-cs functioning}">Functioning</span>, <span title="Codes: {http://terminology.hl7.org/CodeSystem/observation-category survey}">Survey</span>; <span title="Codes: {http://loinc.org 83230-3}">Oral hygiene</span>; effective: Aug 1, 2020, 9:00:00 AM; <span title="Codes: {http://loinc.org LA9983-3}">Independent</span></a></li><li><a href="Observation-FSC-SNF-Discharge-Mobility-SelfCare-1-Ob-Question-12.html">Generated Summary: <span title="Codes: {http://paciowg.github.io/functional-status-ig/CodeSystem/pacio-cat-cs functioning}">Functioning</span>, <span title="Codes: {http://terminology.hl7.org/CodeSystem/observation-category survey}">Survey</span>; <span title="Codes: {http://loinc.org 83228-7}">Toileting hygiene</span>; effective: Aug 1, 2020, 9:00:00 AM; <span title="Codes: {http://loinc.org LA10073-7}">Setup or cleanup assistance</span></a></li><li><a href="Observation-FSC-SNF-Discharge-Mobility-SelfCare-1-Ob-Question-16.html">Generated Summary: <span title="Codes: {http://paciowg.github.io/functional-status-ig/CodeSystem/pacio-cat-cs functioning}">Functioning</span>, <span title="Codes: {http://terminology.hl7.org/CodeSystem/observation-category survey}">Survey</span>; <span title="Codes: {http://loinc.org 83226-1}">Shower/bathe self</span>; effective: Aug 1, 2020, 9:00:00 AM; <span title="Codes: {http://loinc.org LA11759-0}">Substantial/maximal assistance</span></a></li><li><a href="Observation-FSC-SNF-Discharge-Mobility-SelfCare-1-Ob-Question-20.html">Generated Summary: <span title="Codes: {http://paciowg.github.io/functional-status-ig/CodeSystem/pacio-cat-cs functioning}">Functioning</span>, <span title="Codes: {http://terminology.hl7.org/CodeSystem/observation-category survey}">Survey</span>; <span title="Codes: {http://loinc.org 83224-6}">Upper body dressing</span>; effective: Aug 1, 2020, 9:00:00 AM; <span title="Codes: {http://loinc.org LA10073-7}">Setup or cleanup assistance</span></a></li><li><a href="Observation-FSC-SNF-Discharge-Mobility-SelfCare-1-Ob-Question-24.html">Generated Summary: <span title="Codes: {http://paciowg.github.io/functional-status-ig/CodeSystem/pacio-cat-cs functioning}">Functioning</span>, <span title="Codes: {http://terminology.hl7.org/CodeSystem/observation-category survey}">Survey</span>; <span title="Codes: {http://loinc.org 83222-0}">Lower body dressing</span>; effective: Aug 1, 2020, 9:00:00 AM; <span title="Codes: {http://loinc.org LA10055-4}">Partial/moderate assistance</span></a></li><li><a href="Observation-FSC-SNF-Discharge-Mobility-SelfCare-1-Ob-Question-28.html">Generated Summary: <span title="Codes: {http://paciowg.github.io/functional-status-ig/CodeSystem/pacio-cat-cs functioning}">Functioning</span>, <span title="Codes: {http://terminology.hl7.org/CodeSystem/observation-category survey}">Survey</span>; <span title="Codes: {http://loinc.org 83220-4}">Putting on/taking off footwear</span>; effective: Aug 1, 2020, 9:00:00 AM; <span title="Codes: {http://loinc.org LA10055-4}">Partial/moderate assistance</span></a></li></ul><p><b>derivedFrom</b>: <a href="QuestionnaireResponse-QResponse-SNF-Discharge-Mobility-SelfCare-1.html">Questionnaire Response. Generated Summary: questionnaire: https://api.logicahealth.org/PACIO/open/Questionnaire/MDS3.0-NC-1.17; status: completed; authored: Aug 1, 2020, 9:00:00 AM</a></p></div>
  </text>
  <extension url="http://paciowg.github.io/functional-status-ig/StructureDefinition/event-location">
    <valueReference>
      <reference value="Location/Org-Loc-02"/>
    </valueReference>
  </extension>
  <status value="final"/>
  <category>
    <coding>
      <system value="http://paciowg.github.io/functional-status-ig/CodeSystem/pacio-cat-cs"/>
      <code value="functioning"/>
      <display value="Functioning"/>
    </coding>
  </category>
  <category>
    <coding>
      <system value="http://terminology.hl7.org/CodeSystem/observation-category"/>
      <code value="survey"/>
      <display value="Survey"/>
    </coding>
  </category>
  <code>
    <coding>
      <system value="http://loinc.org"/>
      <code value="83254-3"/>
      <display value="Self-care - discharge performance [CMS Assessment]"/>
    </coding>
  </code>
  <subject>
    <reference value="Patient/patientBSJ1"/>
  </subject>
  <effectiveDateTime value="2020-08-01T11:00:00-05:00"/>
  <performer>
    <reference value="PractitionerRole/Role-OT-DanielGranger"/>
  </performer>
  <hasMember>
    <reference value="Observation/FSC-SNF-Discharge-Mobility-SelfCare-1-Ob-Question-4"/>
  </hasMember>
  <hasMember>
    <reference value="Observation/FSC-SNF-Discharge-Mobility-SelfCare-1-Ob-Question-8"/>
  </hasMember>
  <hasMember>
    <reference value="Observation/FSC-SNF-Discharge-Mobility-SelfCare-1-Ob-Question-12"/>
  </hasMember>
  <hasMember>
    <reference value="Observation/FSC-SNF-Discharge-Mobility-SelfCare-1-Ob-Question-16"/>
  </hasMember>
  <hasMember>
    <reference value="Observation/FSC-SNF-Discharge-Mobility-SelfCare-1-Ob-Question-20"/>
  </hasMember>
  <hasMember>
    <reference value="Observation/FSC-SNF-Discharge-Mobility-SelfCare-1-Ob-Question-24"/>
  </hasMember>
  <hasMember>
    <reference value="Observation/FSC-SNF-Discharge-Mobility-SelfCare-1-Ob-Question-28"/>
  </hasMember>
  <derivedFrom>
    <reference value="QuestionnaireResponse/QResponse-SNF-Discharge-Mobility-SelfCare-1"/>
    <display value="Questionnaire Response"/>
  </derivedFrom>
</Observation>