<?xml version="1.0" encoding="UTF-8"?>

<Observation xmlns="http://hl7.org/fhir">
  <id value="FSC-HH-StartOfCare-Mobility-SelfCare-1-Ob-Question-44"/>
  <meta>
    <profile value="http://paciowg.github.io/functional-status-ig/StructureDefinition/pacio-fs"/>
  </meta>
  <text>
    <status value="extensions"/><div xmlns="http://www.w3.org/1999/xhtml"><p><b>Generated Narrative</b></p><p><b>ObservationEventLocation</b>: <a href="Location-Org-Loc-03.html">Generated Summary: status: active; name: Sky Harbor Home Health Services</a></p><p></p><p><b>category</b>: <span title="Codes: {http://paciowg.github.io/cognitive-status-ig/CodeSystem/pacio-cat-cs functioning}">Functioning</span>, <span title="Codes: {http://terminology.hl7.org/CodeSystem/observation-category survey}">Survey</span></p><p><b>code</b>: <span title="Codes: {http://loinc.org 89388-3}">Upper body dressing</span></p><p><b>subject</b>: <a href="Patient-patientBSJ1.html">Generated Summary: Betsy Smith-Johnson </a></p><p><b>effective</b>: Aug 2, 2020, 11:31:00 AM</p><p><b>performer</b>: <a href="PractitionerRole-Role-PT-LunaBaskins.html">Generated Summary: active; <span title="Codes: {http://snomed.info/sct 36682004}">Physiotherapist</span></a></p><p><b>value</b>: <span title="Codes: {http://loinc.org LA10073-7}">Setup or cleanup assistance</span></p><p><b>derivedFrom</b>: <a href="QuestionnaireResponse-QResponse-HH-StartOfCare-Mobility-SelfCare-1.html">Generated Summary: questionnaire: https://api.logicahealth.org/PACIO/open/Questionnaire/MDS3.0-NC-1.17; status: completed; authored: Aug 2, 2020, 11:31:00 AM</a></p></div>
  </text>
  <extension url="http://paciowg.github.io/functional-status-ig/StructureDefinition/event-location">
    <valueReference>
      <reference value="Location/Org-Loc-03"/>
    </valueReference>
  </extension>
  <status value="final"/>
  <category>
    <coding>
      <system value="http://paciowg.github.io/cognitive-status-ig/CodeSystem/pacio-cat-cs"/>
      <code value="functioning"/>
      <display value="Functioning"/>
    </coding>
  </category>
  <category>
    <coding>
      <system value="http://terminology.hl7.org/CodeSystem/observation-category"/>
      <code value="survey"/>
      <display value="Survey"/>
    </coding>
  </category>
  <code>
    <coding>
      <system value="http://loinc.org"/>
      <code value="89388-3"/>
      <display value="Upper body dressing - functional ability [CMS Assessment]"/>
    </coding>
    <text value="Upper body dressing"/>
  </code>
  <subject>
    <reference value="Patient/patientBSJ1"/>
  </subject>
  <effectiveDateTime value="2020-08-02T13:31:00-05:00"/>
  <performer>
    <reference value="PractitionerRole/Role-PT-LunaBaskins"/>
  </performer>
  <valueCodeableConcept>
    <coding>
      <system value="http://loinc.org"/>
      <code value="LA10073-7"/>
      <display value="Setup or clean-up assistance - Helper sets up or cleans up; patient completes activity. Helper assists only prior to or following the activity."/>
    </coding>
    <text value="Setup or cleanup assistance"/>
  </valueCodeableConcept>
  <derivedFrom>
    <reference value="QuestionnaireResponse/QResponse-HH-StartOfCare-Mobility-SelfCare-1"/>
  </derivedFrom>
</Observation>