<?xml version="1.0" encoding="UTF-8"?>

<PractitionerRole xmlns="http://hl7.org/fhir">
  <id value="Role-PT-ScottDumble"/>
  <text>
    <status value="generated"/><div xmlns="http://www.w3.org/1999/xhtml"><p><b>Generated Narrative</b></p><p><b>active</b>: true</p><p><b>practitioner</b>: <a href="Practitioner-Practitioner-ScottDumble.html">Generated Summary: active; Scott Dumble ; gender: male</a></p><p><b>organization</b>: <a href="Organization-Org-03.html">Generated Summary: name: Sky Harbor Home Health Services</a></p><p><b>code</b>: <span title="Codes: {http://snomed.info/sct 36682004}">Physiotherapist</span></p><p><b>location</b>: <a href="Location-Org-Loc-03.html">Generated Summary: status: active; name: Sky Harbor Home Health Services</a></p></div>
  </text>
  <active value="true"/>
  <practitioner>
    <reference value="Practitioner/Practitioner-ScottDumble"/>
  </practitioner>
  <organization>
    <reference value="Organization/Org-03"/>
  </organization>
  <code>
    <coding>
      <system value="http://snomed.info/sct"/>
      <code value="36682004"/>
      <display value="Physiotherapist"/>
    </coding>
  </code>
  <location>
    <reference value="Location/Org-Loc-03"/>
  </location>
</PractitionerRole>