<?xml version="1.0" encoding="UTF-8"?>

<QuestionnaireResponse xmlns="http://hl7.org/fhir">
  <id value="QResponse-Hospital-Admission-Mobility-SelfCare-1"/>
  <meta>
    <profile value="http://paciowg.github.io/functional-status-ig/StructureDefinition/pacio-functional-qr"/>
  </meta>
  <text>
    <status value="generated"/><div xmlns="http://www.w3.org/1999/xhtml"><p><b>Generated Narrative</b></p><p><b>questionnaire</b>: <a href="https://api.logicahealth.org/PACIO/open/Questionnaire/MDS3.0-NC-1.17">https://api.logicahealth.org/PACIO/open/Questionnaire/MDS3.0-NC-1.17</a></p><p><b>status</b>: completed</p><p><b>subject</b>: <a href="Patient-patientBSJ1.html">Generated Summary: Betsy Smith-Johnson </a></p><p><b>authored</b>: Jul 8, 2020, 2:00:00 PM</p><blockquote><p><b>item</b></p><p><b>linkId</b>: Section-37</p><p><b>text</b>: Functional abilities and goals - admission [CMS Assessment]</p><blockquote><p><b>item</b></p><p><b>linkId</b>: Section-37/GG0130_1</p><p><b>text</b>: Self-care - admission performance [CMS Assessment]</p></blockquote></blockquote></div>
  </text>
  <questionnaire value="https://api.logicahealth.org/PACIO/open/Questionnaire/MDS3.0-NC-1.17"/>
  <status value="completed"/>
  <subject>
    <reference value="Patient/patientBSJ1"/>
  </subject>
  <authored value="2020-07-08T16:00:00-05:00"/>
  <item id="88482-5">
    <linkId value="Section-37"/>
    <text value="Functional abilities and goals - admission [CMS Assessment]"/>
    <item id="83233-7">
      <linkId value="Section-37/GG0130_1"/>
      <text value="Self-care - admission performance [CMS Assessment]"/>
      <item id="83232-9">
        <linkId value="Section-37/GG0130A1"/>
        <text value="Eating - functional ability during 3 day assessment period [CMS Assessment]"/>
        <answer>
          <valueReference>
            <reference value="Observation/BFS-Hospital-Admission-Mobility-SelfCare-1-Ob-Question-1"/>
          </valueReference>
        </answer>
      </item>
      <item id="83230-3">
        <linkId value="Section-37/GG0130B1"/>
        <text value="Oral hygiene - functional ability during 3 day assessment period [CMS Assessment]"/>
        <answer>
          <valueReference>
            <reference value="Observation/BFS-Hospital-Admission-Mobility-SelfCare-1-Ob-Question-5"/>
          </valueReference>
        </answer>
      </item>
      <item id="83228-7">
        <linkId value="Section-37/GG0130C1"/>
        <text value="Toileting hygiene - functional ability during 3 day assessment period [CMS Assessment]"/>
        <answer>
          <valueReference>
            <reference value="Observation/BFS-Hospital-Admission-Mobility-SelfCare-1-Ob-Question-9"/>
          </valueReference>
        </answer>
      </item>
      <item id="83226-1">
        <linkId value="Section-37/GG0130E1"/>
        <text value="Shower/bathe self - functional ability during 3 day assessment period [CMS Assessment]"/>
        <answer>
          <valueReference>
            <reference value="Observation/BFS-Hospital-Admission-Mobility-SelfCare-1-Ob-Question-13"/>
          </valueReference>
        </answer>
      </item>
      <item id="83224-6">
        <linkId value="Section-37/GG0130F1"/>
        <text value="Upper body dressing - functional ability during 3 day assessment period [CMS Assessment]"/>
        <answer>
          <valueReference>
            <reference value="Observation/BFS-Hospital-Admission-Mobility-SelfCare-1-Ob-Question-17"/>
          </valueReference>
        </answer>
      </item>
      <item id="83222-0">
        <linkId value="Section-37/GG0130G1"/>
        <text value="Lower body dressing - functional ability during 3 day assessment period [CMS Assessment]"/>
        <answer>
          <valueReference>
            <reference value="Observation/BFS-Hospital-Admission-Mobility-SelfCare-1-Ob-Question-21"/>
          </valueReference>
        </answer>
      </item>
      <item id="83220-4">
        <linkId value="Section-37/GG0130H1"/>
        <text value="Putting on/taking off footwear - functional ability during 3 day assessment period [CMS Assessment]"/>
        <answer>
          <valueReference>
            <reference value="Observation/BFS-Hospital-Admission-Mobility-SelfCare-1-Ob-Question-25"/>
          </valueReference>
        </answer>
      </item>
    </item>
  </item>
</QuestionnaireResponse>