{
  "resourceType": "Condition",
  "id": "BSJ-Diagnosis9",
  "text": {
    "status": "generated",
    "div": "<div xmlns=\"http://www.w3.org/1999/xhtml\"><p><b>Generated Narrative</b></p><h3>Ids</h3><table class=\"grid\"><tr><td>-</td></tr><tr><td>*</td></tr></table><p><b>clinicalStatus</b>: <span title=\"Codes: {http://terminology.hl7.org/CodeSystem/condition-clinical active}\">Active</span></p><p><b>verificationStatus</b>: <span title=\"Codes: {http://terminology.hl7.org/CodeSystem/condition-ver-status confirmed}\">Confirmed</span></p><p><b>category</b>: <span title=\"Codes: {http://terminology.hl7.org/CodeSystem/condition-category encounter-diagnosis}\">Encounter Diagnosis</span></p><p><b>code</b>: <span title=\"Codes: {http://snomed.info/sct 422504002}\">Ischemic stroke (disorder) </span></p><p><b>subject</b>: <a href=\"Patient-patientBSJ1.html\">Generated Summary: Betsy Smith-Johnson </a></p><p><b>onset</b>: Jul 7, 2020 8:39:00 PM</p><p><b>asserter</b>: <a href=\"Practitioner-Practitioner-NoraOlogist.html\">Neurologist Nora Ologist. Generated Summary: id: 3668788925; active; Neurologist; ph: (210) 555 7632; gender: female</a></p></div>"
  },
  "clinicalStatus": {
    "coding": [
      {
        "system": "http://terminology.hl7.org/CodeSystem/condition-clinical",
        "code": "active"
      }
    ]
  },
  "verificationStatus": {
    "coding": [
      {
        "system": "http://terminology.hl7.org/CodeSystem/condition-ver-status",
        "code": "confirmed"
      }
    ]
  },
  "category": [
    {
      "coding": [
        {
          "system": "http://terminology.hl7.org/CodeSystem/condition-category",
          "code": "encounter-diagnosis"
        }
      ]
    }
  ],
  "code": {
    "coding": [
      {
        "system": "http://snomed.info/sct",
        "code": "422504002",
        "display": "Ischemic stroke"
      }
    ],
    "text": "Ischemic stroke (disorder) "
  },
  "subject": {
    "reference": "Patient/patientBSJ1"
  },
  "onsetDateTime": "2020-07-07T15:32:00-05:07",
  "asserter": {
    "reference": "Practitioner/Practitioner-NoraOlogist",
    "display": "Neurologist Nora Ologist"
  }
}