<?xml version="1.0" encoding="UTF-8"?>

<Condition xmlns="http://hl7.org/fhir">
  <id value="BSJ-Diagnosis8"/>
  <text>
    <status value="generated"/><div xmlns="http://www.w3.org/1999/xhtml"><p><b>Generated Narrative</b></p><h3>Ids</h3><table class="grid"><tr><td>-</td></tr><tr><td>*</td></tr></table><p><b>clinicalStatus</b>: <span title="Codes: {http://terminology.hl7.org/CodeSystem/condition-clinical active}">Active</span></p><p><b>verificationStatus</b>: <span title="Codes: {http://terminology.hl7.org/CodeSystem/condition-ver-status confirmed}">Confirmed</span></p><p><b>category</b>: <span title="Codes: {http://terminology.hl7.org/CodeSystem/condition-category encounter-diagnosis}">Encounter Diagnosis</span></p><p><b>code</b>: <span title="Codes: {http://snomed.info/sct 44054006}">Diabetes mellitus type 2 (disorder)</span></p><p><b>subject</b>: <a href="Patient-patientBSJ1.html">Generated Summary: Betsy Smith-Johnson </a></p><p><b>onset</b>: Jul 6, 2020 5:22:00 PM</p><p><b>asserter</b>: <a href="Practitioner-Practitioner-JohnSmith.html">PCP John Smith. Generated Summary: active; Primary Care Physician; gender: male</a></p></div>
  </text>
  <clinicalStatus>
    <coding>
      <system value="http://terminology.hl7.org/CodeSystem/condition-clinical"/>
      <code value="active"/>
    </coding>
  </clinicalStatus>
  <verificationStatus>
    <coding>
      <system value="http://terminology.hl7.org/CodeSystem/condition-ver-status"/>
      <code value="confirmed"/>
    </coding>
  </verificationStatus>
  <category>
    <coding>
      <system value="http://terminology.hl7.org/CodeSystem/condition-category"/>
      <code value="encounter-diagnosis"/>
    </coding>
  </category>
  <code>
    <coding>
      <system value="http://snomed.info/sct"/>
      <code value="44054006"/>
      <display value="Type 2 diabetes"/>
    </coding>
    <text value="Diabetes mellitus type 2 (disorder)"/>
  </code>
  <subject>
    <reference value="Patient/patientBSJ1"/>
  </subject>
  <onsetDateTime value="2020-07-06T12:15:00-05:07"/>
  <asserter>
    <reference value="Practitioner/Practitioner-JohnSmith"/>
    <display value="PCP John Smith"/>
  </asserter>
</Condition>