<?xml version="1.0" encoding="UTF-8"?>

<Device xmlns="http://hl7.org/fhir">
  <id value="cms-device-01"/>
  <text>
    <status value="generated"/><div xmlns="http://www.w3.org/1999/xhtml"><p><b>Generated Narrative with Details</b></p><p><b>id</b>: cms-device-01</p><h3>DeviceNames</h3><table class="grid"><tr><td>-</td><td><b>Name</b></td><td><b>Type</b></td></tr><tr><td>*</td><td>Walker</td><td>user-friendly-name</td></tr></table></div>
  </text>
  <deviceName>
    <name value="Walker"/>
    <type value="user-friendly-name"/>
  </deviceName>
</Device>