<?xml version="1.0" encoding="UTF-8"?>

<DeviceUseStatement xmlns="http://hl7.org/fhir">
  <id value="Connectathon-Assessment-FS-3-First3DSNFAdmission-UseOfDevice-17"/>
  <meta>
    <profile value="https://paciowg.github.io/functional-status-ig/StructureDefinition/pacio-dev"/>
  </meta>
  <text>
    <status value="generated"/><div xmlns="http://www.w3.org/1999/xhtml"><p><b>Generated Narrative</b></p><p><b>id</b>: Connectathon-Assessment-FS-3-First3DSNFAdmission-UseOfDevice-17</p><p><b>meta</b>: </p><p><b>status</b>: active</p><p><b>subject</b>: <a href="Patient-patientBSJ1.html">Generated Summary: id: patientBSJ1; Betsy Smith-Johnson </a></p><p><b>derivedFrom</b>: <a href="Observation-Connectathon-Assessment-FS-3-First3DSNFAdmission.html">Generated Summary: id: Connectathon-Assessment-FS-3-First3DSNFAdmission; <span title="Codes: {http://terminology.hl7.org/CodeSystem/observation-category survey}">Survey</span>; <span title="Codes: {http://loinc.org 88330-6}">Mobility - Admission Performance</span>; effective: Apr 9, 2020, 4:00:00 PM</a></p><p><b>recordedOn</b>: Apr 9, 2020, 4:00:00 PM</p><p><b>source</b>: <a href="Practitioner-Connectathon-Practitioner-JenCadbury.html">Generated Summary: id: Connectathon-Practitioner-JenCadbury; active; Jen Cadbury ; gender: female</a></p><p><b>device</b>: <a href="Device-CMS-Device-8.html">Generated Summary: id: CMS-Device-8; <span title="Codes: {http://snomed.info/sct 86407004}">Table</span></a></p></div>
  </text>
  <status value="active"/>
  <subject>
    <reference value="Patient/patientBSJ1"/>
  </subject>
  <derivedFrom>
    <reference value="Observation/Connectathon-Assessment-FS-3-First3DSNFAdmission"/>
  </derivedFrom>
  <recordedOn value="2020-04-09T15:00:00-05:00"/>
  <source>
    <reference value="Practitioner/Connectathon-Practitioner-JenCadbury"/>
  </source>
  <device>
    <reference value="Device/CMS-Device-8"/>
  </device>
</DeviceUseStatement>