{
  "resourceType": "Device",
  "id": "CMS-Device-6",
  "text": {
    "status": "generated",
    "div": "<div xmlns=\"http://www.w3.org/1999/xhtml\"><p><b>Generated Narrative</b></p><h3>DeviceNames</h3><table class=\"grid\"><tr><td>-</td><td><b>Name</b></td><td><b>Type</b></td></tr><tr><td>*</td><td>Hand rail on both sides</td><td>user-friendly-name</td></tr></table><p><b>type</b>: <span title=\"Codes: {http://snomed.info/sct 360303004}\">Hand rail</span></p></div>"
  },
  "deviceName": [
    {
      "name": "Hand rail on both sides",
      "type": "user-friendly-name"
    }
  ],
  "type": {
    "coding": [
      {
        "system": "http://snomed.info/sct",
        "code": "360303004"
      }
    ]
  }
}