<?xml version="1.0" encoding="UTF-8"?>

<DeviceUseStatement xmlns="http://hl7.org/fhir">
  <id value="BFS-Hospital-Discharge-Mobility-1-UseOfDevice-2"/>
  <meta>
    <profile value="https://paciowg.github.io/functional-status-ig//StructureDefinition/pacio-dev"/>
  </meta>
  <text>
    <status value="generated"/><div xmlns="http://www.w3.org/1999/xhtml"><p><b>Generated Narrative</b></p><p><b>status</b>: active</p><p><b>subject</b>: <a href="Patient-patientBSJ1.html">Generated Summary: Betsy Smith-Johnson </a></p><p><b>derivedFrom</b>: <a href="Observation-BFS-Hospital-Discharge-Mobility-1.html">Generated Summary: <span title="Codes: {http://terminology.hl7.org/CodeSystem/observation-category laboratory}">Laboratory</span>; <span title="Codes: {http://loinc.org 88331-4}">Mobility - discharge performance during 3 day assessment period [CMS Assessment]</span>; effective: Jul 10, 2020 3:34:00 PM; <span title="Codes: {http://terminology.hl7.org/CodeSystem/data-absent-reason not-applicable}">Not Applicable</span></a></p><p><b>recordedOn</b>: Jul 10, 2020 3:34:00 PM</p><p><b>source</b>: <a href="Practitioner-Practitioner-RonMarble.html">Generated Summary: active; Ron Marble ; gender: male</a></p><p><b>device</b>: <a href="Device-CMS-Device-2.html">Generated Summary: <span title="Codes: {http://snomed.info/sct 466317003}">466317003</span></a></p></div>
  </text>
  <status value="active"/>
  <subject>
    <reference value="Patient/patientBSJ1"/>
  </subject>
  <derivedFrom>
    <reference value="Observation/BFS-Hospital-Discharge-Mobility-1"/>
  </derivedFrom>
  <recordedOn value="2020-07-10T14:34:00-05:00"/>
  <source>
    <reference value="Practitioner/Practitioner-RonMarble"/>
  </source>
  <device>
    <reference value="Device/CMS-Device-2"/>
  </device>
</DeviceUseStatement>