<?xml version="1.0" encoding="UTF-8"?>

<DeviceUseStatement xmlns="http://hl7.org/fhir">
  <id value="BFS-Hospital-Discharge-Mobility-SelfCare-1-UseOfDevice-3"/>
  <meta>
    <profile value="http://hl7.org/fhir/us/functional-status-ig/StructureDefinition/pacio-dev"/>
  </meta>
  <text>
    <status value="generated"/><div xmlns="http://www.w3.org/1999/xhtml"><p><b>Generated Narrative</b></p><h3>Ids</h3><table class="grid"><tr><td>-</td></tr><tr><td>*</td></tr></table><h3>Meta</h3><table class="grid"><tr><td>-</td></tr><tr><td>*</td></tr></table><p><b>status</b>: active</p><p><b>subject</b>: <a href="Patient-patientBSJ1.html">Generated Summary: Betsy Smith-Johnson </a></p><p><b>derivedFrom</b>: <a href="Observation-BFS-Hospital-Discharge-Mobility-SelfCare-1.html">Generated Summary: <span title="Codes: {http://terminology.hl7.org/CodeSystem/observation-category survey}">Survey</span>; <span title="Codes: {http://loinc.org 83254-3}">Self-Care - Discharge Performance</span>; effective: Jul 10, 2020, 3:34:00 PM</a></p><p><b>recordedOn</b>: Jul 10, 2020, 3:34:00 PM</p><p><b>source</b>: <a href="Practitioner-Practitioner-RonMarble.html">Generated Summary: active; Ron Marble ; gender: male</a></p><p><b>device</b>: <a href="Device-CMS-Device-8.html">Generated Summary: <span title="Codes: {http://snomed.info/sct 86407004}">Table</span></a></p></div>
  </text>
  <status value="active"/>
  <subject>
    <reference value="Patient/patientBSJ1"/>
  </subject>
  <derivedFrom>
    <reference value="Observation/BFS-Hospital-Discharge-Mobility-SelfCare-1"/>
  </derivedFrom>
  <recordedOn value="2020-07-10T14:34:00-05:00"/>
  <source>
    <reference value="Practitioner/Practitioner-RonMarble"/>
  </source>
  <device>
    <reference value="Device/CMS-Device-8"/>
  </device>
</DeviceUseStatement>