<?xml version="1.0" encoding="UTF-8"?>

<DeviceUseStatement xmlns="http://hl7.org/fhir">
  <id value="cms-deviceUse-01"/>
  <meta>
    <profile value="http://pacioproject.org//StructureDefinition/pacio-dev"/>
  </meta>
  <text>
    <status value="generated"/><div xmlns="http://www.w3.org/1999/xhtml"><p><b>Generated Narrative with Details</b></p><p><b>id</b>: cms-deviceUse-01</p><p><b>meta</b>: </p><p><b>status</b>: active</p><p><b>subject</b>: <a href="Patient-BetsySmith.html">Generated Summary: id: BetsySmith; Betsy Smith ; gender: female; birthDate: 1959-06-14</a></p><p><b>derivedFrom</b>: <a href="cms-QuestionnaireResponse-01">cms-QuestionnaireResponse-01</a></p><p><b>device</b>: <a href="Device-cms-device-01.html">Generated Summary: id: cms-device-01; </a></p></div>
  </text>
  <status value="active"/>
  <subject>
    <reference value="Patient/BetsySmith"/>
  </subject>
  <derivedFrom>
    <reference value="cms-QuestionnaireResponse-01"/>
  </derivedFrom>
  <device>
    <reference value="Device/cms-device-01"/>
  </device>
</DeviceUseStatement>