<?xml version="1.0" encoding="UTF-8"?>

<DeviceUseStatement xmlns="http://hl7.org/fhir">
  <id value="Assessment-Hospital-Discharge-FS-2-UseOfDevice-11"/>
  <meta>
    <profile value="https://paciowg.github.io/functional-status-ig/StructureDefinition/pacio-dev"/>
  </meta>
  <text>
    <status value="generated"/><div xmlns="http://www.w3.org/1999/xhtml"><p><b>Generated Narrative</b></p><p><b>id</b>: Assessment-Hospital-Discharge-FS-2-UseOfDevice-11</p><p><b>meta</b>: </p><p><b>status</b>: active</p><p><b>subject</b>: <a href="Patient-patientBSJ1.html">Generated Summary: id: patientBSJ1; Betsy Smith-Johnson </a></p><p><b>derivedFrom</b>: <a href="Observation-Assessment-Hospital-Discharge-FS-2.html">Generated Summary: id: Assessment-Hospital-Discharge-FS-2; <span title="Codes: {http://terminology.hl7.org/CodeSystem/observation-category survey}">Survey</span>; <span title="Codes: {http://loinc.org 88331-4}">Mobility - Discharge Performance</span>; effective: Apr 9, 2020 7:00:00 PM</a></p><p><b>recordedOn</b>: Apr 9, 2020 7:00:00 PM</p><p><b>source</b>: <a href="Practitioner-Practitioner-RonMarble.html">Generated Summary: id: Practitioner-RonMarble; active; Ron Marble ; gender: male</a></p><p><b>device</b>: <a href="Device-CMS-Device-8.html">Generated Summary: id: CMS-Device-8; <span title="Codes: {http://snomed.info/sct 86407004}">Table</span></a></p></div>
  </text>
  <status value="active"/>
  <subject>
    <reference value="Patient/patientBSJ1"/>
  </subject>
  <derivedFrom>
    <reference value="Observation/Assessment-Hospital-Discharge-FS-2"/>
  </derivedFrom>
  <recordedOn value="2020-04-09T14:00:00-05:00"/>
  <source>
    <reference value="Practitioner/Practitioner-RonMarble"/>
  </source>
  <device>
    <reference value="Device/CMS-Device-8"/>
  </device>
</DeviceUseStatement>