<?xml version="1.0" encoding="UTF-8"?>

<DeviceUseStatement xmlns="http://hl7.org/fhir">
  <id value="Assessment-SNF-Discharge-FS-4-UseOfDevice-7"/>
  <meta>
    <profile value="https://paciowg.github.io/functional-status-ig/StructureDefinition/pacio-dev"/>
  </meta>
  <text>
    <status value="generated"/><div xmlns="http://www.w3.org/1999/xhtml"><p><b>Generated Narrative</b></p><p><b>id</b>: Assessment-SNF-Discharge-FS-4-UseOfDevice-7</p><p><b>meta</b>: </p><p><b>status</b>: active</p><p><b>subject</b>: <a href="Patient-patientBSJ1.html">Generated Summary: id: patientBSJ1; Betsy Smith-Johnson </a></p><p><b>derivedFrom</b>: <a href="Assessment-SNF-Discharge-FS-4">Assessment-SNF-Discharge-FS-4</a></p><p><b>recordedOn</b>: Apr 23, 2020, 2:00:00 PM</p><p><b>source</b>: <a href="Practitioner-Practitioner-DanielGranger.html">Generated Summary: id: Practitioner-DanielGranger; active; Daniel Granger ; gender: male</a></p><p><b>device</b>: <a href="Device-CMS-Device-5.html">Generated Summary: id: CMS-Device-5; <span title="Codes: {http://snomed.info/sct 705593007}">Raised toilet seat</span></a></p></div>
  </text>
  <status value="active"/>
  <subject>
    <reference value="Patient/patientBSJ1"/>
  </subject>
  <derivedFrom>
    <reference value="Assessment-SNF-Discharge-FS-4"/>
  </derivedFrom>
  <recordedOn value="2020-04-23T13:00:00-05:00"/>
  <source>
    <reference value="Practitioner/Practitioner-DanielGranger"/>
  </source>
  <device>
    <reference value="Device/CMS-Device-5"/>
  </device>
</DeviceUseStatement>