<?xml version="1.0" encoding="UTF-8"?>

<Location xmlns="http://hl7.org/fhir">
  <id value="CMS-Location-SNF"/>
  <text>
    <status value="generated"/><div xmlns="http://www.w3.org/1999/xhtml"><p><b>Generated Narrative with Details</b></p><p><b>id</b>: CMS-Location-SNF</p><p><b>status</b>: active</p><p><b>name</b>: Burgers Skilled Nursing</p><p><b>description</b>: Burgers Skilled Nursing Facility, South Wing, second floor</p><p><b>type</b>: WI <span style="background: LightGoldenRodYellow">(Details : {http://terminology.hl7.org/CodeSystem/location-physical-type code 'WI' = 'WI)</span></p></div>
  </text>
  <status value="active"/>
  <name value="Burgers Skilled Nursing"/>
  <description value="Burgers Skilled Nursing Facility, South Wing, second floor"/>
  <type>
    <coding>
      <system value="http://terminology.hl7.org/CodeSystem/location-physical-type"/>
      <code value="WI"/>
    </coding>
  </type>
</Location>