<?xml version="1.0" encoding="UTF-8"?>

<Observation xmlns="http://hl7.org/fhir">
  <id value="BetsySmithBundleSNFDischarge"/>
  <meta>
    <profile value="http://pacioproject.org//StructureDefinition/pacio-bfs"/>
  </meta>
  <text>
    <status value="generated"/><div xmlns="http://www.w3.org/1999/xhtml"><p><b>Generated Narrative with Details</b></p><p><b>id</b>: BetsySmithBundleSNFDischarge</p><p><b>meta</b>: </p><p><b>status</b>: final</p><p><b>category</b>: Survey <span style="background: LightGoldenRodYellow">(Details : {http://terminology.hl7.org/CodeSystem/observation-category code 'survey' = 'Survey)</span></p><p><b>code</b>: MDS v3.0 - RAI v1.17.1 - Interim Payment Assessment (IPA) item set [CMS Assessment] <span style="background: LightGoldenRodYellow">(Details : {LOINC code '90480-5' = 'MDS v3.0 - RAI v1.17.1 - Interim Payment Assessment (IPA) item set [CMS Assessment])</span></p><p><b>subject</b>: <a href="{{[type]}}-{{[id]}}.html">Generated Summary: id: BetsySmith; Betsy Smith ; gender: female; birthDate: 1959-06-14</a></p><p><b>effective</b>: Jan 22, 2020, 12:00:00 AM</p><p><b>performer</b>: <a href="CMS Provider">CMS Provider</a></p><p><b>derivedFrom</b>: </p><ul><li><a href="{{[type]}}-{{[id]}}.html">Generated Summary: id: BetsySmithMDSEatingDischarge; <span title="Codes: {http://loinc.org 83232-9}">Eating - functional ability during 3 day assessment period [CMS Assessment]</span>; effective: Jan 22, 2020, 12:00:00 AM; <span title="Codes: {http://loinc.org LA10073-7}">Setup or clean-up assistance - Helper sets up or cleans up; patient completes activity. Helper assists only prior to or following the activity.</span></a></li><li><a href="{{[type]}}-{{[id]}}.html">Generated Summary: id: BetsySmithMDSOralHygieneDischarge; <span title="Codes: {http://loinc.org 83230-3}">Oral hygiene - functional ability during 3 day assessment period [CMS Assessment]</span>; effective: Jan 22, 2020, 12:00:00 AM; <span title="Codes: {http://loinc.org LA11757-4}">Supervision or touching assistance - Helper provides verbal cues or touching/steadying assistance as patient completes activity. Assistance may be provided throughout the activity or intermittently.</span></a></li><li><a href="{{[type]}}-{{[id]}}.html">Generated Summary: id: BetsySmithMDSToiletingHygieneDischarge; <span title="Codes: {http://loinc.org 83228-7}">Toileting hygiene - functional ability during 3 day assessment period [CMS Assessment]</span>; effective: Jan 22, 2020, 12:00:00 AM; <span title="Codes: {http://loinc.org LA9983-3}">Independent - Patient completes the activity by him/herself with no assistance from a helper.</span></a></li><li><a href="{{[type]}}-{{[id]}}.html">Generated Summary: id: BetsySmithMDSLyingToSittingDischarge; <span title="Codes: {http://loinc.org 83214-7}">Lying to sitting on side of bed - functional ability during 3 day assessment period [CMS Assessment]</span>; effective: Jan 22, 2020, 12:00:00 AM; <span title="Codes: {http://loinc.org LA9983-3}">Independent - Patient completes the activity by him/herself with no assistance from a helper.</span></a></li><li><a href="{{[type]}}-{{[id]}}.html">Generated Summary: id: BetsySmithMDSSitToLyingDischarge; <span title="Codes: {http://loinc.org 83216-2}">Sit to lying - functional ability during 3 day assessment period [CMS Assessment]</span>; effective: Jan 22, 2020, 12:00:00 AM; <span title="Codes: {http://loinc.org LA9983-3}">Independent - Patient completes the activity by him/herself with no assistance from a helper.</span></a></li><li><a href="{{[type]}}-{{[id]}}.html">Generated Summary: id: BetsySmithMDSSitToStandDischarge; <span title="Codes: {http://loinc.org 83212-1}">Sit to stand - functional ability during 3 day assessment period [CMS Assessment]</span>; effective: Jan 22, 2020, 12:00:00 AM; <span title="Codes: {http://loinc.org LA9983-3}">Independent - Patient completes the activity by him/herself with no assistance from a helper.</span></a></li><li><a href="{{[type]}}-{{[id]}}.html">Generated Summary: id: BetsySmithMDSBedToChairDischarge; <span title="Codes: {http://loinc.org 83210-5}">Bed-to-chair transfer - functional ability during 3 day assessment period [CMS Assessment]</span>; effective: Jan 22, 2020, 12:00:00 AM; <span title="Codes: {http://loinc.org LA9983-3}">Independent - Patient completes the activity by him/herself with no assistance from a helper.</span></a></li><li><a href="{{[type]}}-{{[id]}}.html">Generated Summary: id: BetsySmithMDSToiletTransferDischarge; <span title="Codes: {http://loinc.org 83208-9}">Toilet transfer - functional ability during 3 day assessment period [CMS Assessment]</span>; effective: Jan 22, 2020, 12:00:00 AM; <span title="Codes: {http://loinc.org LA9983-3}">Independent - Patient completes the activity by him/herself with no assistance from a helper.</span></a></li><li><a href="{{[type]}}-{{[id]}}.html">Generated Summary: id: BetsySmithMDSWalk10feetDischarge; <span title="Codes: {http://loinc.org 83208-9}">Toilet transfer - functional ability during 3 day assessment period [CMS Assessment]</span>; effective: Jan 22, 2020, 12:00:00 AM; <span title="Codes: {http://loinc.org LA11757-4}">Supervision or touching assistance - Helper provides verbal cues or touching/steadying assistance as patient completes activity. Assistance may be provided throughout the activity or intermittently.</span></a></li><li><a href="{{[type]}}-{{[id]}}.html">Generated Summary: id: BetsySmithMDSWalk50feetDischarge; <span title="Codes: {http://loinc.org 83202-2}">Walk 50 feet with two turns - functional ability during 3 day assessment period [CMS Assessment]</span>; effective: Jan 22, 2020, 12:00:00 AM; <span title="Codes: {http://loinc.org LA11757-4}">Supervision or touching assistance - Helper provides verbal cues or touching/steadying assistance as patient completes activity. Assistance may be provided throughout the activity or intermittently.</span></a></li><li><a href="{{[type]}}-{{[id]}}.html">Generated Summary: id: BetsySmithMDSWalk150feetDischarge; <span title="Codes: {http://loinc.org 83200-6}">Walk 150 feet - functional ability during 3 day assessment period [CMS Assessment]</span>; effective: Jan 22, 2020, 12:00:00 AM; <span title="Codes: {http://loinc.org LA10055-4}">Partial/moderate assistance - Helper does less than half the effort. Helper lifts, holds or supports trunk or limbs, but provides less than half the effort.</span></a></li></ul></div>
  </text>
  <status value="final"/>
  <category>
    <coding>
      <system value="http://terminology.hl7.org/CodeSystem/observation-category"/>
      <code value="survey"/>
    </coding>
  </category>
  <code>
    <coding>
      <system value="http://loinc.org"/>
      <code value="90480-5"/>
    </coding>
  </code>
  <subject>
    <reference value="Patient/BetsySmith"/>
  </subject>
  <effectiveDateTime value="2020-01-22"/>
  <performer>
    <reference value="CMS Provider"/>
  </performer>
  <derivedFrom>
    <reference value="Observation/BetsySmithMDSEatingDischarge"/>
  </derivedFrom>
  <derivedFrom>
    <reference value="Observation/BetsySmithMDSOralHygieneDischarge"/>
  </derivedFrom>
  <derivedFrom>
    <reference value="Observation/BetsySmithMDSToiletingHygieneDischarge"/>
  </derivedFrom>
  <derivedFrom>
    <reference value="Observation/BetsySmithMDSLyingToSittingDischarge"/>
  </derivedFrom>
  <derivedFrom>
    <reference value="Observation/BetsySmithMDSSitToLyingDischarge"/>
  </derivedFrom>
  <derivedFrom>
    <reference value="Observation/BetsySmithMDSSitToStandDischarge"/>
  </derivedFrom>
  <derivedFrom>
    <reference value="Observation/BetsySmithMDSBedToChairDischarge"/>
  </derivedFrom>
  <derivedFrom>
    <reference value="Observation/BetsySmithMDSToiletTransferDischarge"/>
  </derivedFrom>
  <derivedFrom>
    <reference value="Observation/BetsySmithMDSWalk10feetDischarge"/>
  </derivedFrom>
  <derivedFrom>
    <reference value="Observation/BetsySmithMDSWalk50feetDischarge"/>
  </derivedFrom>
  <derivedFrom>
    <reference value="Observation/BetsySmithMDSWalk150feetDischarge"/>
  </derivedFrom>
</Observation>