<?xml version="1.0" encoding="UTF-8"?>

<Observation xmlns="http://hl7.org/fhir">
  <id value="Assessment-2-Last3DSNFStay"/>
  <meta>
    <profile value="http://pacioproject.org//StructureDefinition/pacio-bfs"/>
  </meta>
  <text>
    <status value="generated"/><div xmlns="http://www.w3.org/1999/xhtml"><p><b>Generated Narrative with Details</b></p><p><b>id</b>: Assessment-2-Last3DSNFStay</p><p><b>meta</b>: </p><p><b>status</b>: final</p><p><b>category</b>: Survey <span style="background: LightGoldenRodYellow">(Details : {http://terminology.hl7.org/CodeSystem/observation-category code 'survey' = 'Survey)</span></p><p><b>code</b>: Functional Abilities and Goals - Discharge <span style="background: LightGoldenRodYellow">(Details : {LOINC code '88483-3' = 'Functional abilities and goals - discharge [CMS Assessment]', given as 'Functional Abilities and Goals - Discharge'})</span></p><p><b>subject</b>: <a href="Patient-BetsySmith.html">Generated Summary: id: BetsySmith; Betsy Smith ; gender: female; birthDate: 1959-06-14</a></p><p><b>effective</b>: Dec 3, 2019 11:00:00 PM</p><p><b>performer</b>: </p><ul><li><a href="Practitioner-CMS-Practitioner-01.html">Generated Summary: id: CMS-Practitioner-01; active; Ed Johnson ; gender: male</a></li><li><a href="Organization-CMS-Organization-01.html">Organization. Generated Summary: id: CMS-Organization-01; name: Burgers Skilled Nursing Facility</a></li></ul><p><b>hasMember</b>: </p><ul><li><a href="Observation-Assessment-2-Last3DSNFStay-Observation-2.html">Generated Summary: id: Assessment-2-Last3DSNFStay-Observation-2; <span title="Codes: {http://loinc.org 83218-8}">Roll left and right</span>; effective: Dec 3, 2019 11:00:00 PM; <span title="Codes: {http://loinc.org LA27993-7}">Independent</span></a></li><li><a href="Observation-Assessment-2-Last3DSNFStay-Observation-6.html">Generated Summary: id: Assessment-2-Last3DSNFStay-Observation-6; <span title="Codes: {http://loinc.org 83216-2}">Sit to lying</span>; effective: Dec 3, 2019 11:00:00 PM; <span title="Codes: {http://loinc.org LA28870-6}">Supervision or touching assistance</span></a></li><li><a href="Observation-Assessment-2-Last3DSNFStay-Observation-10.html">Generated Summary: id: Assessment-2-Last3DSNFStay-Observation-10; <span title="Codes: {http://loinc.org 83214-7}">Lying to sitting on side of bed</span>; effective: Dec 3, 2019 11:00:00 PM; <span title="Codes: {http://loinc.org LA27994-5}">Setup or clean-up assistance</span></a></li><li><a href="Observation-Assessment-2-Last3DSNFStay-Observation-14.html">Generated Summary: id: Assessment-2-Last3DSNFStay-Observation-14; <span title="Codes: {http://loinc.org 83212-1}">Sit to stand</span>; effective: Dec 3, 2019 11:00:00 PM; <span title="Codes: {http://loinc.org LA28870-6}">Supervision or touching assistance</span></a></li><li><a href="Observation-Assessment-2-Last3DSNFStay-Observation-18.html">Generated Summary: id: Assessment-2-Last3DSNFStay-Observation-18; <span title="Codes: {http://loinc.org 83210-5}">Chair/bed-to-chair transfer</span>; effective: Dec 3, 2019 11:00:00 PM; <span title="Codes: {http://loinc.org LA27996-0}">Partial/moderate Assist</span></a></li><li><a href="Observation-Assessment-2-Last3DSNFStay-Observation-22.html">Generated Summary: id: Assessment-2-Last3DSNFStay-Observation-22; <span title="Codes: {http://loinc.org 83208-9}">Toilet transfer</span>; effective: Dec 3, 2019 11:00:00 PM; <span title="Codes: {http://loinc.org LA27996-0}">Partial/moderate Assist</span></a></li><li><a href="Observation-Assessment-2-Last3DSNFStay-Observation-26.html">Generated Summary: id: Assessment-2-Last3DSNFStay-Observation-26; <span title="Codes: {http://loinc.org 83206-3}">Car transfer</span>; effective: Dec 3, 2019 11:00:00 PM; <span title="Codes: {http://loinc.org LA27996-0}">Partial/moderate Assist</span></a></li><li><a href="Observation-Assessment-2-Last3DSNFStay-Observation-30.html">Generated Summary: id: Assessment-2-Last3DSNFStay-Observation-30; <span title="Codes: {http://loinc.org 83204-8}">Walk 10 feet</span>; effective: Dec 3, 2019 11:00:00 PM; <span title="Codes: {http://loinc.org LA27996-0}">Partial/moderate Assist</span></a></li><li><a href="Observation-Assessment-2-Last3DSNFStay-Observation-34.html">Generated Summary: id: Assessment-2-Last3DSNFStay-Observation-34; <span title="Codes: {http://loinc.org 83202-2}">Walk 50 feet with two turns</span>; effective: Dec 3, 2019 11:00:00 PM; <span title="Codes: {http://loinc.org LA27996-0}">Partial/moderate Assist</span></a></li><li><a href="Observation-Assessment-2-Last3DSNFStay-Observation-38.html">Generated Summary: id: Assessment-2-Last3DSNFStay-Observation-38; <span title="Codes: {http://loinc.org 83200-6}">Walk 150 feet</span>; effective: Dec 3, 2019 11:00:00 PM; <span title="Codes: {http://loinc.org LA11759-0}">Substantial/maximal Assist</span></a></li><li><a href="Observation-Assessment-2-Last3DSNFStay-Observation-42.html">Generated Summary: id: Assessment-2-Last3DSNFStay-Observation-42; <span title="Codes: {http://loinc.org 83198-2}">Walking 10 feet on uneven surfaces</span>; effective: Dec 3, 2019 11:00:00 PM; <span title="Codes: {http://loinc.org LA27996-0}">Partial/moderate Assist</span></a></li><li><a href="Observation-Assessment-2-Last3DSNFStay-Observation-46.html">Generated Summary: id: Assessment-2-Last3DSNFStay-Observation-46; <span title="Codes: {http://loinc.org 83196-6}">1 step (curb)</span>; effective: Dec 3, 2019 11:00:00 PM; <span title="Codes: {http://loinc.org LA27996-0}">Partial/moderate Assist</span></a></li><li><a href="Observation-Assessment-2-Last3DSNFStay-Observation-50.html">Generated Summary: id: Assessment-2-Last3DSNFStay-Observation-50; <span title="Codes: {http://loinc.org 83194-1}">4 steps</span>; effective: Dec 3, 2019 11:00:00 PM; <span title="Codes: {http://loinc.org LA11759-0}">Substantial/maximal Assist</span></a></li><li><a href="Observation-Assessment-2-Last3DSNFStay-Observation-54.html">Generated Summary: id: Assessment-2-Last3DSNFStay-Observation-54; <span title="Codes: {http://loinc.org 83192-5}">12 steps</span>; effective: Dec 3, 2019 11:00:00 PM; <span title="Codes: {http://loinc.org LA11759-0}">Substantial/maximal Assist</span></a></li><li><a href="Observation-Assessment-2-Last3DSNFStay-Observation-58.html">Generated Summary: id: Assessment-2-Last3DSNFStay-Observation-58; <span title="Codes: {http://loinc.org 83190-9}">Picking up object</span>; effective: Dec 3, 2019 11:00:00 PM; <span title="Codes: {http://loinc.org LA27996-0}">Partial/moderate Assist</span></a></li><li><a href="Observation-Assessment-2-Last3DSNFStay-Observation-62.html">Generated Summary: id: Assessment-2-Last3DSNFStay-Observation-62; <span title="Codes: {http://loinc.org 83188-3}">Wheel 50 feet with two turns</span>; effective: Dec 3, 2019 11:00:00 PM; <span title="Codes: {http://loinc.org LA27993-7}">Independent</span></a></li><li><a href="Observation-Assessment-2-Last3DSNFStay-Observation-66.html">Generated Summary: id: Assessment-2-Last3DSNFStay-Observation-66; <span title="Codes: {http://loinc.org 83235-2}">Wheel 150 feet</span>; effective: Dec 3, 2019 11:00:00 PM; <span title="Codes: {http://loinc.org LA27993-7}">Independent</span></a></li></ul><p><b>derivedFrom</b>: <a href="QuestionnaireResponse-QuestionnaireResponse-2-Last3DSNFStay.html">Questionnaire Response. Generated Summary: id: QuestionnaireResponse-2-Last3DSNFStay; questionnaire: https://api.logicahealth.org/PACIO/open/Questionnaire/MDS3.0-NC-1.17; status: completed; authored: Dec 3, 2019 11:00:00 PM</a></p></div>
  </text>
  <status value="final"/>
  <category>
    <coding>
      <system value="http://terminology.hl7.org/CodeSystem/observation-category"/>
      <code value="survey"/>
    </coding>
  </category>
  <code>
    <coding>
      <system value="http://loinc.org"/>
      <code value="88483-3"/>
      <display value="Functional Abilities and Goals - Discharge"/>
    </coding>
  </code>
  <subject>
    <reference value="Patient/BetsySmith"/>
  </subject>
  <effectiveDateTime value="2019-12-03T18:00:00-05:00"/>
  <performer>
    <reference value="Practitioner/CMS-Practitioner-01"/>
  </performer>
  <performer>
    <reference value="Organization/CMS-Organization-01"/>
    <display value="Organization"/>
  </performer>
  <hasMember>
    <reference value="Observation/Assessment-2-Last3DSNFStay-Observation-2"/>
  </hasMember>
  <hasMember>
    <reference value="Observation/Assessment-2-Last3DSNFStay-Observation-6"/>
  </hasMember>
  <hasMember>
    <reference value="Observation/Assessment-2-Last3DSNFStay-Observation-10"/>
  </hasMember>
  <hasMember>
    <reference value="Observation/Assessment-2-Last3DSNFStay-Observation-14"/>
  </hasMember>
  <hasMember>
    <reference value="Observation/Assessment-2-Last3DSNFStay-Observation-18"/>
  </hasMember>
  <hasMember>
    <reference value="Observation/Assessment-2-Last3DSNFStay-Observation-22"/>
  </hasMember>
  <hasMember>
    <reference value="Observation/Assessment-2-Last3DSNFStay-Observation-26"/>
  </hasMember>
  <hasMember>
    <reference value="Observation/Assessment-2-Last3DSNFStay-Observation-30"/>
  </hasMember>
  <hasMember>
    <reference value="Observation/Assessment-2-Last3DSNFStay-Observation-34"/>
  </hasMember>
  <hasMember>
    <reference value="Observation/Assessment-2-Last3DSNFStay-Observation-38"/>
  </hasMember>
  <hasMember>
    <reference value="Observation/Assessment-2-Last3DSNFStay-Observation-42"/>
  </hasMember>
  <hasMember>
    <reference value="Observation/Assessment-2-Last3DSNFStay-Observation-46"/>
  </hasMember>
  <hasMember>
    <reference value="Observation/Assessment-2-Last3DSNFStay-Observation-50"/>
  </hasMember>
  <hasMember>
    <reference value="Observation/Assessment-2-Last3DSNFStay-Observation-54"/>
  </hasMember>
  <hasMember>
    <reference value="Observation/Assessment-2-Last3DSNFStay-Observation-58"/>
  </hasMember>
  <hasMember>
    <reference value="Observation/Assessment-2-Last3DSNFStay-Observation-62"/>
  </hasMember>
  <hasMember>
    <reference value="Observation/Assessment-2-Last3DSNFStay-Observation-66"/>
  </hasMember>
  <derivedFrom>
    <reference value="QuestionnaireResponse/QuestionnaireResponse-2-Last3DSNFStay"/>
    <display value="Questionnaire Response"/>
  </derivedFrom>
</Observation>