{
  "resourceType": "Observation",
  "id": "Assessment-HH-StartOfCare-FS-6-Ob-71",
  "meta": {
    "profile": [
      "https://paciowg.github.io/functional-status-ig/StructureDefinition/pacio-fs"
    ]
  },
  "text": {
    "status": "generated",
    "div": "<div xmlns=\"http://www.w3.org/1999/xhtml\"><p><b>Generated Narrative</b></p><p><b>id</b>: Assessment-HH-StartOfCare-FS-6-Ob-71</p><p><b>meta</b>: </p><p></p><p><b>code</b>: <span title=\"Codes: {http://loinc.org 83196-6}\">1 step (curb)</span></p><p><b>subject</b>: <a href=\"Patient-patientBSJ1.html\">Generated Summary: id: patientBSJ1; Betsy Smith-Johnson </a></p><p><b>effective</b>: Apr 24, 2020 7:00:00 PM</p><p><b>performer</b>: </p><ul><li><a href=\"Practitioner-Practitioner-LunaBaskins.html\">Generated Summary: id: Practitioner-LunaBaskins; active; Luna Baskins ; gender: female</a></li><li><a href=\"PractitionerRole-Role-RN.html\">Generated Summary: id: Role-RN; active; <span title=\"Codes: {http://snomed.info/sct 224535009}\">Registered Nurse</span></a></li><li><a href=\"Organization-Org-03.html\">Organization. Generated Summary: id: Org-03; name: Sky Harbor Home Health Services</a></li></ul><p><b>value</b>: <span title=\"Codes: {http://loinc.org LA10055-4}\">Partial/moderate assistance</span></p><p><b>derivedFrom</b>: <a href=\"QuestionnaireResponse-QResponse-HH-StartOfCare-FS-6.html\">Generated Summary: id: QResponse-HH-StartOfCare-FS-6; questionnaire: https://api.logicahealth.org/PACIO/open/Questionnaire/MDS3.0-NC-1.17; status: completed; authored: Apr 24, 2020 7:00:00 PM</a></p></div>"
  },
  "extension": [
    {
      "url": "http://hl7.org/fhir/StructureDefinition/event-location",
      "valueReference": {
        "reference": "Location/Org-Loc-03"
      }
    }
  ],
  "status": "final",
  "code": {
    "coding": [
      {
        "system": "http://loinc.org",
        "code": "83196-6",
        "display": "What was the patient's usual performance related to their ability to go up and down a curb and/or up and down one step?"
      }
    ],
    "text": "1 step (curb)"
  },
  "subject": {
    "reference": "Patient/patientBSJ1"
  },
  "effectiveDateTime": "2020-04-24T14:00:00-05:00",
  "performer": [
    {
      "reference": "Practitioner/Practitioner-LunaBaskins"
    },
    {
      "reference": "PractitionerRole/Role-RN"
    },
    {
      "reference": "Organization/Org-03",
      "display": "Organization"
    }
  ],
  "valueCodeableConcept": {
    "coding": [
      {
        "system": "http://loinc.org",
        "code": "LA10055-4",
        "display": "Partial/moderate assistance"
      }
    ],
    "text": "Partial/moderate assistance"
  },
  "derivedFrom": [
    {
      "reference": "QuestionnaireResponse/QResponse-HH-StartOfCare-FS-6"
    }
  ]
}