<?xml version="1.0" encoding="UTF-8"?>

<Observation xmlns="http://hl7.org/fhir">
  <id value="Connectathon-Assessment-FS-1-First3DHospAdmission"/>
  <meta>
    <profile value="https://paciowg.github.io/functional-status-ig/StructureDefinition/pacio-bfs"/>
  </meta>
  <text>
    <status value="generated"/><div xmlns="http://www.w3.org/1999/xhtml"><p><b>Generated Narrative with Details</b></p><p><b>id</b>: Connectathon-Assessment-FS-1-First3DHospAdmission</p><p><b>meta</b>: </p><p><b>status</b>: final</p><p><b>category</b>: Survey <span style="background: LightGoldenRodYellow">(Details : {http://terminology.hl7.org/CodeSystem/observation-category code 'survey' = 'Survey)</span></p><p><b>code</b>: Mobility - Admission Performance <span style="background: LightGoldenRodYellow">(Details : {LOINC code '88330-6' = 'Mobility - admission performance [CMS Assessment]', given as 'Mobility - Admission Performance'})</span></p><p><b>subject</b>: <a href="Patient-patientBSJ1.html">Generated Summary: id: patientBSJ1; Betsy Smith-Johnson </a></p><p><b>effective</b>: Apr 2, 2020, 11:00:00 AM</p><p><b>performer</b>: </p><ul><li><a href="Practitioner-Connectathon-Practitioner-SallySmith.html">Generated Summary: id: Connectathon-Practitioner-SallySmith; active; Sally Smith ; gender: female</a></li><li><a href="PractitionerRole-Connectathon-Role-PT.html">Generated Summary: id: Connectathon-Role-PT; active; <span title="Codes: {http://snomed.info/sct 36682004}">Physiotherapist</span></a></li><li><a href="Organization-Connectathon-Org-01.html">Organization. Generated Summary: id: Connectathon-Org-01; name: San Antonio General Hospital</a></li></ul><p><b>hasMember</b>: </p><ul><li><a href="Observation-Connectathon-Assessment-FS-1-First3DHospAdmission-Ob-1.html">Generated Summary: id: Connectathon-Assessment-FS-1-First3DHospAdmission-Ob-1; <span title="Codes: {http://loinc.org 83218-8}">Roll left and right</span>; effective: Apr 2, 2020, 11:00:00 AM; <span title="Codes: {http://loinc.org LA11759-0}">Substantial/maximal Assist</span></a></li><li><a href="Observation-Connectathon-Assessment-FS-1-First3DHospAdmission-Ob-7.html">Generated Summary: id: Connectathon-Assessment-FS-1-First3DHospAdmission-Ob-7; <span title="Codes: {http://loinc.org 83216-2}">Sit to lying</span>; effective: Apr 2, 2020, 11:00:00 AM; <span title="Codes: {http://loinc.org LA11759-0}">Substantial/maximal Assist</span></a></li><li><a href="Observation-Connectathon-Assessment-FS-1-First3DHospAdmission-Ob-13.html">Generated Summary: id: Connectathon-Assessment-FS-1-First3DHospAdmission-Ob-13; <span title="Codes: {http://loinc.org 83214-7}">Lying to sitting on side of bed</span>; effective: Apr 2, 2020, 11:00:00 AM; <span title="Codes: {http://loinc.org LA11759-0}">Substantial/maximal Assist</span></a></li><li><a href="Observation-Connectathon-Assessment-FS-1-First3DHospAdmission-Ob-19.html">Generated Summary: id: Connectathon-Assessment-FS-1-First3DHospAdmission-Ob-19; <span title="Codes: {http://loinc.org 83212-1}">Sit to stand</span>; effective: Apr 2, 2020, 11:00:00 AM; <span title="Codes: {http://loinc.org LA11759-0}">Substantial/maximal Assist</span></a></li><li><a href="Observation-Connectathon-Assessment-FS-1-First3DHospAdmission-Ob-25.html">Generated Summary: id: Connectathon-Assessment-FS-1-First3DHospAdmission-Ob-25; <span title="Codes: {http://loinc.org 83210-5}">Chair/bed-to-chair transfer</span>; effective: Apr 2, 2020, 11:00:00 AM; <span title="Codes: {http://loinc.org LA27998-6}">Dependent</span></a></li><li><a href="Observation-Connectathon-Assessment-FS-1-First3DHospAdmission-Ob-31.html">Generated Summary: id: Connectathon-Assessment-FS-1-First3DHospAdmission-Ob-31; <span title="Codes: {http://loinc.org 83208-9}">Toilet transfer</span>; effective: Apr 2, 2020, 11:00:00 AM; <span title="Codes: {http://loinc.org LA26735-3}">Not attempted due to medical condition or safety concerns</span></a></li><li><a href="Observation-Connectathon-Assessment-FS-1-First3DHospAdmission-Ob-37.html">Generated Summary: id: Connectathon-Assessment-FS-1-First3DHospAdmission-Ob-37; <span title="Codes: {http://loinc.org 83206-3}">Car transfer</span>; effective: Apr 2, 2020, 11:00:00 AM; <span title="Codes: {http://loinc.org LA26735-3}">Not attempted due to medical condition or safety concerns</span></a></li><li><a href="Observation-Connectathon-Assessment-FS-1-First3DHospAdmission-Ob-43.html">Generated Summary: id: Connectathon-Assessment-FS-1-First3DHospAdmission-Ob-43; <span title="Codes: {http://loinc.org 83204-8}">Walk 10 feet</span>; effective: Apr 2, 2020, 11:00:00 AM; <span title="Codes: {http://loinc.org LA26735-3}">Not attempted due to medical condition or safety concerns</span></a></li><li><a href="Observation-Connectathon-Assessment-FS-1-First3DHospAdmission-Ob-49.html">Generated Summary: id: Connectathon-Assessment-FS-1-First3DHospAdmission-Ob-49; <span title="Codes: {http://loinc.org 83202-2}">Walk 50 feet with two turns</span>; effective: Apr 2, 2020, 11:00:00 AM; <span title="Codes: {http://loinc.org LA26735-3}">Not attempted due to medical condition or safety concerns</span></a></li><li><a href="Observation-Connectathon-Assessment-FS-1-First3DHospAdmission-Ob-55.html">Generated Summary: id: Connectathon-Assessment-FS-1-First3DHospAdmission-Ob-55; <span title="Codes: {http://loinc.org 83200-6}">Walk 150 feet</span>; effective: Apr 2, 2020, 11:00:00 AM; <span title="Codes: {http://loinc.org LA26735-3}">Not attempted due to medical condition or safety concerns</span></a></li><li><a href="Observation-Connectathon-Assessment-FS-1-First3DHospAdmission-Ob-61.html">Generated Summary: id: Connectathon-Assessment-FS-1-First3DHospAdmission-Ob-61; <span title="Codes: {http://loinc.org 83198-2}">Walking 10 feet on uneven surfaces</span>; effective: Apr 2, 2020, 11:00:00 AM; <span title="Codes: {http://loinc.org LA26735-3}">Not attempted due to medical condition or safety concerns</span></a></li><li><a href="Observation-Connectathon-Assessment-FS-1-First3DHospAdmission-Ob-67.html">Generated Summary: id: Connectathon-Assessment-FS-1-First3DHospAdmission-Ob-67; <span title="Codes: {http://loinc.org 83196-6}">1 step (curb)</span>; effective: Apr 2, 2020, 11:00:00 AM; <span title="Codes: {http://loinc.org LA26735-3}">Not attempted due to medical condition or safety concerns</span></a></li><li><a href="Observation-Connectathon-Assessment-FS-1-First3DHospAdmission-Ob-73.html">Generated Summary: id: Connectathon-Assessment-FS-1-First3DHospAdmission-Ob-73; <span title="Codes: {http://loinc.org 83194-1}">4 steps</span>; effective: Apr 2, 2020, 11:00:00 AM; <span title="Codes: {http://loinc.org LA26735-3}">Not attempted due to medical condition or safety concerns</span></a></li><li><a href="Observation-Connectathon-Assessment-FS-1-First3DHospAdmission-Ob-79.html">Generated Summary: id: Connectathon-Assessment-FS-1-First3DHospAdmission-Ob-79; <span title="Codes: {http://loinc.org 83192-5}">12 steps</span>; effective: Apr 2, 2020, 11:00:00 AM; <span title="Codes: {http://loinc.org LA26735-3}">Not attempted due to medical condition or safety concerns</span></a></li><li><a href="Observation-Connectathon-Assessment-FS-1-First3DHospAdmission-Ob-85.html">Generated Summary: id: Connectathon-Assessment-FS-1-First3DHospAdmission-Ob-85; <span title="Codes: {http://loinc.org 83190-9}">Picking up object</span>; effective: Apr 2, 2020, 11:00:00 AM; <span title="Codes: {http://loinc.org LA26735-3}">Not attempted due to medical condition or safety concerns</span></a></li><li><a href="Observation-Connectathon-Assessment-FS-1-First3DHospAdmission-Ob-91.html">Generated Summary: id: Connectathon-Assessment-FS-1-First3DHospAdmission-Ob-91; <span title="Codes: {http://loinc.org 83188-3}">Wheel 50 feet with two turns</span>; effective: Apr 2, 2020, 11:00:00 AM; <span title="Codes: {http://loinc.org LA26735-3}">Not attempted due to medical condition or safety concerns</span></a></li><li><a href="Observation-Connectathon-Assessment-FS-1-First3DHospAdmission-Ob-97.html">Generated Summary: id: Connectathon-Assessment-FS-1-First3DHospAdmission-Ob-97; <span title="Codes: {http://loinc.org 83235-2}">Wheel 150 feet</span>; effective: Apr 2, 2020, 11:00:00 AM; <span title="Codes: {http://loinc.org LA26735-3}">Not attempted due to medical condition or safety concerns</span></a></li></ul><p><b>derivedFrom</b>: <a href="QuestionnaireResponse-Connectathon-QuestResponse-FS-1-First3DHospAdmission.html">Questionnaire Response. Generated Summary: id: Connectathon-QuestResponse-FS-1-First3DHospAdmission; questionnaire: https://api.logicahealth.org/PACIO/open/Questionnaire/MDS3.0-NC-1.17; status: completed; authored: Apr 2, 2020, 11:00:00 AM</a></p></div>
  </text>
  <extension url="http://hl7.org/fhir/StructureDefinition/event-location">
    <valueReference>
      <reference value="Location/Connectathon-Org-Loc-01"/>
    </valueReference>
  </extension>
  <extension url="https://paciowg.github.io/functional-status-ig/StructureDefinition/device-patient-used">
    <valueReference>
      <reference value="DeviceUseStatement/Connectathon-Assessment-FS-1-First3DHospAdmission-UseOfDevice-14"/>
    </valueReference>
  </extension>
  <extension url="https://paciowg.github.io/functional-status-ig/StructureDefinition/device-patient-used">
    <valueReference>
      <reference value="DeviceUseStatement/Connectathon-Assessment-FS-1-First3DHospAdmission-UseOfDevice-15"/>
    </valueReference>
  </extension>
  <extension url="https://paciowg.github.io/functional-status-ig/StructureDefinition/device-patient-used">
    <valueReference>
      <reference value="DeviceUseStatement/Connectathon-Assessment-FS-1-First3DHospAdmission-UseOfDevice-16"/>
    </valueReference>
  </extension>
  <status value="final"/>
  <category>
    <coding>
      <system value="http://terminology.hl7.org/CodeSystem/observation-category"/>
      <code value="survey"/>
    </coding>
  </category>
  <code>
    <coding>
      <system value="http://loinc.org"/>
      <code value="88330-6"/>
      <display value="Mobility - Admission Performance"/>
    </coding>
  </code>
  <subject>
    <reference value="Patient/patientBSJ1"/>
  </subject>
  <effectiveDateTime value="2020-04-02T10:00:00-05:00"/>
  <performer>
    <reference value="Practitioner/Connectathon-Practitioner-SallySmith"/>
  </performer>
  <performer>
    <reference value="PractitionerRole/Connectathon-Role-PT"/>
  </performer>
  <performer>
    <reference value="Organization/Connectathon-Org-01"/>
    <display value="Organization"/>
  </performer>
  <hasMember>
    <reference value="Observation/Connectathon-Assessment-FS-1-First3DHospAdmission-Ob-1"/>
  </hasMember>
  <hasMember>
    <reference value="Observation/Connectathon-Assessment-FS-1-First3DHospAdmission-Ob-7"/>
  </hasMember>
  <hasMember>
    <reference value="Observation/Connectathon-Assessment-FS-1-First3DHospAdmission-Ob-13"/>
  </hasMember>
  <hasMember>
    <reference value="Observation/Connectathon-Assessment-FS-1-First3DHospAdmission-Ob-19"/>
  </hasMember>
  <hasMember>
    <reference value="Observation/Connectathon-Assessment-FS-1-First3DHospAdmission-Ob-25"/>
  </hasMember>
  <hasMember>
    <reference value="Observation/Connectathon-Assessment-FS-1-First3DHospAdmission-Ob-31"/>
  </hasMember>
  <hasMember>
    <reference value="Observation/Connectathon-Assessment-FS-1-First3DHospAdmission-Ob-37"/>
  </hasMember>
  <hasMember>
    <reference value="Observation/Connectathon-Assessment-FS-1-First3DHospAdmission-Ob-43"/>
  </hasMember>
  <hasMember>
    <reference value="Observation/Connectathon-Assessment-FS-1-First3DHospAdmission-Ob-49"/>
  </hasMember>
  <hasMember>
    <reference value="Observation/Connectathon-Assessment-FS-1-First3DHospAdmission-Ob-55"/>
  </hasMember>
  <hasMember>
    <reference value="Observation/Connectathon-Assessment-FS-1-First3DHospAdmission-Ob-61"/>
  </hasMember>
  <hasMember>
    <reference value="Observation/Connectathon-Assessment-FS-1-First3DHospAdmission-Ob-67"/>
  </hasMember>
  <hasMember>
    <reference value="Observation/Connectathon-Assessment-FS-1-First3DHospAdmission-Ob-73"/>
  </hasMember>
  <hasMember>
    <reference value="Observation/Connectathon-Assessment-FS-1-First3DHospAdmission-Ob-79"/>
  </hasMember>
  <hasMember>
    <reference value="Observation/Connectathon-Assessment-FS-1-First3DHospAdmission-Ob-85"/>
  </hasMember>
  <hasMember>
    <reference value="Observation/Connectathon-Assessment-FS-1-First3DHospAdmission-Ob-91"/>
  </hasMember>
  <hasMember>
    <reference value="Observation/Connectathon-Assessment-FS-1-First3DHospAdmission-Ob-97"/>
  </hasMember>
  <derivedFrom>
    <reference value="QuestionnaireResponse/Connectathon-QuestResponse-FS-1-First3DHospAdmission"/>
    <display value="Questionnaire Response"/>
  </derivedFrom>
</Observation>