<?xml version="1.0" encoding="UTF-8"?>

<Observation xmlns="http://hl7.org/fhir">
  <id value="Connectathon-Assessment-FS-2-Last3DHospStay-Ob-92"/>
  <meta>
    <profile value="https://paciowg.github.io/functional-status-ig/StructureDefinition/pacio-fs"/>
  </meta>
  <text>
    <status value="generated"/><div xmlns="http://www.w3.org/1999/xhtml"><p><b>Generated Narrative with Details</b></p><p><b>id</b>: Connectathon-Assessment-FS-2-Last3DHospStay-Ob-92</p><p><b>meta</b>: </p><p><b>status</b>: final</p><p><b>code</b>: Wheel 50 feet with two turns <span style="background: LightGoldenRodYellow">(Details : {LOINC code '83188-3' = 'Wheel 50 feet with two turns - functional ability during 3 day assessment period [CMS Assessment]', given as 'What was the patient's usual performance related to their ability to once seated in a wheelchair/scooter, wheel at least 50 feet and make two turns?'})</span></p><p><b>subject</b>: <a href="Patient-patientBSJ1.html">Generated Summary: id: patientBSJ1; Betsy Smith-Johnson </a></p><p><b>effective</b>: Apr 9, 2020 7:00:00 PM</p><p><b>performer</b>: </p><ul><li><a href="Practitioner-Connectathon-Practitioner-RonMarble.html">Generated Summary: id: Connectathon-Practitioner-RonMarble; active; Ron Marble ; gender: male</a></li><li><a href="PractitionerRole-Connectathon-Role-PT.html">Generated Summary: id: Connectathon-Role-PT; active; <span title="Codes: {http://snomed.info/sct 36682004}">Physiotherapist</span></a></li><li><a href="Organization-Connectathon-Org-01.html">Organization. Generated Summary: id: Connectathon-Org-01; name: San Antonio General Hospital</a></li></ul><p><b>value</b>: Substantial/maximal Assist <span style="background: LightGoldenRodYellow">(Details : {LOINC code 'LA11759-0' = 'Substantial/maximal assistance - Helper does more than half the effort. Helper lifts or holds trunk or limbs and provides more than half the effort.', given as 'Substantial/maximal Assist'})</span></p><p><b>derivedFrom</b>: <a href="QuestionnaireResponse-Connectathon-QuestResponse-FS-2-Last3DHospStay.html">Generated Summary: id: Connectathon-QuestResponse-FS-2-Last3DHospStay; questionnaire: https://api.logicahealth.org/PACIO/open/Questionnaire/MDS3.0-NC-1.17; status: completed; authored: Apr 9, 2020 7:00:00 PM</a></p></div>
  </text>
  <extension url="http://hl7.org/fhir/StructureDefinition/event-location">
    <valueReference>
      <reference value="Location/Connectathon-Org-Loc-01"/>
    </valueReference>
  </extension>
  <status value="final"/>
  <code>
    <coding>
      <system value="http://loinc.org"/>
      <code value="83188-3"/>
      <display value="What was the patient&#39;s usual performance related to their ability to once seated in a wheelchair/scooter, wheel at least 50 feet and make two turns?"/>
    </coding>
    <text value="Wheel 50 feet with two turns"/>
  </code>
  <subject>
    <reference value="Patient/patientBSJ1"/>
  </subject>
  <effectiveDateTime value="2020-04-09T14:00:00-05:00"/>
  <performer>
    <reference value="Practitioner/Connectathon-Practitioner-RonMarble"/>
  </performer>
  <performer>
    <reference value="PractitionerRole/Connectathon-Role-PT"/>
  </performer>
  <performer>
    <reference value="Organization/Connectathon-Org-01"/>
    <display value="Organization"/>
  </performer>
  <valueCodeableConcept>
    <coding>
      <system value="http://loinc.org"/>
      <code value="LA11759-0"/>
      <display value="Substantial/maximal Assist"/>
    </coding>
    <text value="Substantial/maximal Assist"/>
  </valueCodeableConcept>
  <derivedFrom>
    <reference value="QuestionnaireResponse/Connectathon-QuestResponse-FS-2-Last3DHospStay"/>
  </derivedFrom>
</Observation>