{
  "resourceType": "Observation",
  "id": "BetsySmithMDSOralHygieneDischargePerformance01",
  "meta": {
    "profile": [
      "http://pacioproject.org//StructureDefinition/pacio-fs"
    ]
  },
  "text": {
    "status": "generated",
    "div": "<div xmlns=\"http://www.w3.org/1999/xhtml\"><p><b>Generated Narrative with Details</b></p><p><b>id</b>: BetsySmithMDSOralHygieneDischargePerformance01</p><p><b>meta</b>: </p><p><b>status</b>: final</p><p><b>code</b>: Oral hygiene - functional ability during 3 day assessment period [CMS Assessment] <span style=\"background: LightGoldenRodYellow\">(Details : {LOINC code '83230-3' = 'Oral hygiene - functional ability during 3 day assessment period [CMS Assessment])</span></p><p><b>subject</b>: <a href=\"Patient-cms-patient-01.html\">Generated Summary: id: cms-patient-01; Betsy Smith ; gender: female; birthDate: 1959-06-14</a></p><p><b>effective</b>: Jan 22, 2020, 12:00:00 AM</p><p><b>performer</b>: </p><ul><li><a href=\"Practitioner-cms-practitioner-01.html\">Generated Summary: id: cms-practitioner-01; John Carlson ; gender: male; birthDate: 1970-10-27</a></li><li><a href=\"ccms-organization-01\">ccms-organization-01</a></li></ul><p><b>value</b>: Supervision or touching assistance - Helper provides verbal cues or touching/steadying assistance as patient completes activity. Assistance may be provided throughout the activity or intermittently. <span style=\"background: LightGoldenRodYellow\">(Details : {LOINC code 'LA11757-4' = 'Supervision or touching assistance - Helper provides verbal cues or touching/steadying assistance as patient completes activity. Assistance may be provided throughout the activity or intermittently.)</span></p></div>"
  },
  "status": "final",
  "code": {
    "coding": [
      {
        "system": "http://loinc.org",
        "code": "83230-3"
      }
    ]
  },
  "subject": {
    "reference": "Patient/cms-patient-01"
  },
  "effectiveDateTime": "2020-01-22",
  "performer": [
    {
      "reference": "Practitioner/cms-practitioner-01"
    },
    {
      "reference": "ccms-organization-01"
    }
  ],
  "valueCodeableConcept": {
    "coding": [
      {
        "system": "http://loinc.org",
        "code": "LA11757-4"
      }
    ]
  }
}