{
  "resourceType": "Observation",
  "id": "BetsySmithMDSToiletingHygieneDischargePerformance01",
  "meta": {
    "profile": [
      "http://pacioproject.org//StructureDefinition/pacio-fs"
    ]
  },
  "text": {
    "status": "generated",
    "div": "<div xmlns=\"http://www.w3.org/1999/xhtml\"><p><b>Generated Narrative with Details</b></p><p><b>id</b>: BetsySmithMDSToiletingHygieneDischargePerformance01</p><p><b>meta</b>: </p><p><b>status</b>: final</p><p><b>code</b>: Toileting hygiene - functional ability during 3 day assessment period [CMS Assessment] <span style=\"background: LightGoldenRodYellow\">(Details : {LOINC code '83228-7' = 'Toileting hygiene - functional ability during 3 day assessment period [CMS Assessment])</span></p><p><b>subject</b>: <a href=\"{{[type]}}-{{[id]}}.html\">Generated Summary: id: cms-patient-01; Betsy Smith ; gender: female; birthDate: 1959-06-14</a></p><p><b>effective</b>: Jan 22, 2020, 12:00:00 AM</p><p><b>performer</b>: </p><ul><li><a href=\"{{[type]}}-{{[id]}}.html\">Generated Summary: id: cms-practitioner-01; John Carlson ; gender: male; birthDate: 1970-10-27</a></li><li><a href=\"ccms-organization-01\">ccms-organization-01</a></li></ul><p><b>value</b>: Independent - Patient completes the activity by him/herself with no assistance from a helper. <span style=\"background: LightGoldenRodYellow\">(Details : {LOINC code 'LA9983-3' = 'Independent - Patient completes the activity by him/herself with no assistance from a helper.)</span></p></div>"
  },
  "status": "final",
  "code": {
    "coding": [
      {
        "system": "http://loinc.org",
        "code": "83228-7"
      }
    ]
  },
  "subject": {
    "reference": "Patient/cms-patient-01"
  },
  "effectiveDateTime": "2020-01-22",
  "performer": [
    {
      "reference": "Practitioner/cms-practitioner-01"
    },
    {
      "reference": "ccms-organization-01"
    }
  ],
  "valueCodeableConcept": {
    "coding": [
      {
        "system": "http://loinc.org",
        "code": "LA9983-3"
      }
    ]
  }
}