{
  "resourceType": "Observation",
  "id": "Connectathon-Assessment-FS-1-First3DHospAdmission-Ob-1",
  "meta": {
    "profile": [
      "https://paciowg.github.io/functional-status-ig/StructureDefinition/pacio-fs"
    ]
  },
  "text": {
    "status": "generated",
    "div": "<div xmlns=\"http://www.w3.org/1999/xhtml\"><p><b>Generated Narrative with Details</b></p><p><b>id</b>: Connectathon-Assessment-FS-1-First3DHospAdmission-Ob-1</p><p><b>meta</b>: </p><p><b>status</b>: final</p><p><b>code</b>: Roll left and right <span style=\"background: LightGoldenRodYellow\">(Details : {LOINC code '83218-8' = 'Roll left and right - functional ability during 3 day assessment period [CMS Assessment]', given as 'What was the patient's usual performance related to their ability to roll from lying on back to left and right side, and return to lying on back on the bed?'})</span></p><p><b>subject</b>: <a href=\"Patient-patientBSJ1.html\">Generated Summary: id: patientBSJ1; Betsy Smith-Johnson </a></p><p><b>effective</b>: Apr 2, 2020, 11:00:00 AM</p><p><b>performer</b>: </p><ul><li><a href=\"Practitioner-Connectathon-Practitioner-SallySmith.html\">Generated Summary: id: Connectathon-Practitioner-SallySmith; active; Sally Smith ; gender: female</a></li><li><a href=\"PractitionerRole-Connectathon-Role-PT.html\">Generated Summary: id: Connectathon-Role-PT; active; <span title=\"Codes: {http://snomed.info/sct 36682004}\">Physiotherapist</span></a></li><li><a href=\"Organization-Connectathon-Org-01.html\">Organization. Generated Summary: id: Connectathon-Org-01; name: San Antonio General Hospital</a></li></ul><p><b>value</b>: Substantial/maximal Assist <span style=\"background: LightGoldenRodYellow\">(Details : {LOINC code 'LA11759-0' = 'Substantial/maximal assistance - Helper does more than half the effort. Helper lifts or holds trunk or limbs and provides more than half the effort.)</span></p><p><b>derivedFrom</b>: <a href=\"QuestionnaireResponse-Connectathon-QuestResponse-FS-1-First3DHospAdmission.html\">Generated Summary: id: Connectathon-QuestResponse-FS-1-First3DHospAdmission; questionnaire: https://api.logicahealth.org/PACIO/open/Questionnaire/MDS3.0-NC-1.17; status: completed; authored: Apr 2, 2020, 11:00:00 AM</a></p></div>"
  },
  "extension": [
    {
      "url": "http://hl7.org/fhir/StructureDefinition/event-location",
      "valueReference": {
        "reference": "Location/Connectathon-Org-Loc-01"
      }
    }
  ],
  "status": "final",
  "code": {
    "coding": [
      {
        "system": "http://loinc.org",
        "code": "83218-8",
        "display": "What was the patient's usual performance related to their ability to roll from lying on back to left and right side, and return to lying on back on the bed?"
      }
    ],
    "text": "Roll left and right"
  },
  "subject": {
    "reference": "Patient/patientBSJ1"
  },
  "effectiveDateTime": "2020-04-02T10:00:00-05:00",
  "performer": [
    {
      "reference": "Practitioner/Connectathon-Practitioner-SallySmith"
    },
    {
      "reference": "PractitionerRole/Connectathon-Role-PT"
    },
    {
      "reference": "Organization/Connectathon-Org-01",
      "display": "Organization"
    }
  ],
  "valueCodeableConcept": {
    "coding": [
      {
        "system": "http://loinc.org",
        "code": "LA11759-0"
      }
    ],
    "text": "Substantial/maximal Assist"
  },
  "derivedFrom": [
    {
      "reference": "QuestionnaireResponse/Connectathon-QuestResponse-FS-1-First3DHospAdmission"
    }
  ]
}