<?xml version="1.0" encoding="UTF-8"?>

<Observation xmlns="http://hl7.org/fhir">
  <id value="Connectathon-Assessment-FS-2-Last3DHospStay"/>
  <meta>
    <profile value="https://paciowg.github.io/functional-status-ig/StructureDefinition/pacio-bfs"/>
  </meta>
  <text>
    <status value="generated"/><div xmlns="http://www.w3.org/1999/xhtml"><p><b>Generated Narrative with Details</b></p><p><b>id</b>: Connectathon-Assessment-FS-2-Last3DHospStay</p><p><b>meta</b>: </p><p><b>status</b>: final</p><p><b>category</b>: Survey <span style="background: LightGoldenRodYellow">(Details : {http://terminology.hl7.org/CodeSystem/observation-category code 'survey' = 'Survey)</span></p><p><b>code</b>: Mobility - Discharge Performance <span style="background: LightGoldenRodYellow">(Details : {LOINC code '88331-4' = 'Mobility - discharge performance [CMS Assessment]', given as 'Mobility - Discharge Performance'})</span></p><p><b>subject</b>: <a href="Patient-patientBSJ1.html">Generated Summary: id: patientBSJ1; Betsy Smith-Johnson </a></p><p><b>effective</b>: Apr 9, 2020 7:00:00 PM</p><p><b>performer</b>: </p><ul><li><a href="Practitioner-Connectathon-Practitioner-RonMarble.html">Generated Summary: id: Connectathon-Practitioner-RonMarble; active; Ron Marble ; gender: male</a></li><li><a href="PractitionerRole-Connectathon-Role-PT.html">Generated Summary: id: Connectathon-Role-PT; active; <span title="Codes: {http://snomed.info/sct 36682004}">Physiotherapist</span></a></li><li><a href="Organization-Connectathon-Org-01.html">Organization. Generated Summary: id: Connectathon-Org-01; name: San Antonio General Hospital</a></li></ul><p><b>hasMember</b>: </p><ul><li><a href="Observation-Connectathon-Assessment-FS-2-Last3DHospStay-Ob-2.html">Generated Summary: id: Connectathon-Assessment-FS-2-Last3DHospStay-Ob-2; <span title="Codes: {http://loinc.org 83218-8}">Roll left and right</span>; effective: Apr 9, 2020 7:00:00 PM; <span title="Codes: {http://loinc.org LA27996-0}">Partial/moderate Assist</span></a></li><li><a href="Observation-Connectathon-Assessment-FS-2-Last3DHospStay-Ob-8.html">Generated Summary: id: Connectathon-Assessment-FS-2-Last3DHospStay-Ob-8; <span title="Codes: {http://loinc.org 83216-2}">Sit to lying</span>; effective: Apr 9, 2020 7:00:00 PM; <span title="Codes: {http://loinc.org LA27996-0}">Partial/moderate Assist</span></a></li><li><a href="Observation-Connectathon-Assessment-FS-2-Last3DHospStay-Ob-14.html">Generated Summary: id: Connectathon-Assessment-FS-2-Last3DHospStay-Ob-14; <span title="Codes: {http://loinc.org 83214-7}">Lying to sitting on side of bed</span>; effective: Apr 9, 2020 7:00:00 PM; <span title="Codes: {http://loinc.org LA27996-0}">Partial/moderate Assist</span></a></li><li><a href="Observation-Connectathon-Assessment-FS-2-Last3DHospStay-Ob-20.html">Generated Summary: id: Connectathon-Assessment-FS-2-Last3DHospStay-Ob-20; <span title="Codes: {http://loinc.org 83212-1}">Sit to stand</span>; effective: Apr 9, 2020 7:00:00 PM; <span title="Codes: {http://loinc.org LA27996-0}">Partial/moderate Assist</span></a></li><li><a href="Observation-Connectathon-Assessment-FS-2-Last3DHospStay-Ob-26.html">Generated Summary: id: Connectathon-Assessment-FS-2-Last3DHospStay-Ob-26; <span title="Codes: {http://loinc.org 83210-5}">Chair/bed-to-chair transfer</span>; effective: Apr 9, 2020 7:00:00 PM; <span title="Codes: {http://loinc.org LA11759-0}">Substantial/maximal Assist</span></a></li><li><a href="Observation-Connectathon-Assessment-FS-2-Last3DHospStay-Ob-32.html">Generated Summary: id: Connectathon-Assessment-FS-2-Last3DHospStay-Ob-32; <span title="Codes: {http://loinc.org 83208-9}">Toilet transfer</span>; effective: Apr 9, 2020 7:00:00 PM; <span title="Codes: {http://loinc.org LA11759-0}">Substantial/maximal Assist</span></a></li><li><a href="Observation-Connectathon-Assessment-FS-2-Last3DHospStay-Ob-38.html">Generated Summary: id: Connectathon-Assessment-FS-2-Last3DHospStay-Ob-38; <span title="Codes: {http://loinc.org 83206-3}">Car transfer</span>; effective: Apr 9, 2020 7:00:00 PM; <span title="Codes: {http://loinc.org LA11759-0}">Substantial/maximal Assist</span></a></li><li><a href="Observation-Connectathon-Assessment-FS-2-Last3DHospStay-Ob-44.html">Generated Summary: id: Connectathon-Assessment-FS-2-Last3DHospStay-Ob-44; <span title="Codes: {http://loinc.org 83204-8}">Walk 10 feet</span>; effective: Apr 9, 2020 7:00:00 PM; <span title="Codes: {http://loinc.org LA11759-0}">Substantial/maximal Assist</span></a></li><li><a href="Observation-Connectathon-Assessment-FS-2-Last3DHospStay-Ob-50.html">Generated Summary: id: Connectathon-Assessment-FS-2-Last3DHospStay-Ob-50; <span title="Codes: {http://loinc.org 83202-2}">Walk 50 feet with two turns</span>; effective: Apr 9, 2020 7:00:00 PM; <span title="Codes: {http://loinc.org LA11759-0}">Substantial/maximal Assist</span></a></li><li><a href="Observation-Connectathon-Assessment-FS-2-Last3DHospStay-Ob-56.html">Generated Summary: id: Connectathon-Assessment-FS-2-Last3DHospStay-Ob-56; <span title="Codes: {http://loinc.org 83200-6}">Walk 150 feet</span>; effective: Apr 9, 2020 7:00:00 PM; <span title="Codes: {http://loinc.org LA11759-0}">Substantial/maximal Assist</span></a></li><li><a href="Observation-Connectathon-Assessment-FS-2-Last3DHospStay-Ob-62.html">Generated Summary: id: Connectathon-Assessment-FS-2-Last3DHospStay-Ob-62; <span title="Codes: {http://loinc.org 83198-2}">Walking 10 feet on uneven surfaces</span>; effective: Apr 9, 2020 7:00:00 PM; <span title="Codes: {http://loinc.org LA11759-0}">Substantial/maximal assistance</span></a></li><li><a href="Observation-Connectathon-Assessment-FS-2-Last3DHospStay-Ob-68.html">Generated Summary: id: Connectathon-Assessment-FS-2-Last3DHospStay-Ob-68; <span title="Codes: {http://loinc.org 83196-6}">1 step (curb)</span>; effective: Apr 9, 2020 7:00:00 PM; <span title="Codes: {http://loinc.org LA26735-3}">Not attempted due to medical condition or safety concerns</span></a></li><li><a href="Observation-Connectathon-Assessment-FS-2-Last3DHospStay-Ob-74.html">Generated Summary: id: Connectathon-Assessment-FS-2-Last3DHospStay-Ob-74; <span title="Codes: {http://loinc.org 83194-1}">4 steps</span>; effective: Apr 9, 2020 7:00:00 PM; <span title="Codes: {http://loinc.org LA26735-3}">Not attempted due to medical condition or safety concerns</span></a></li><li><a href="Observation-Connectathon-Assessment-FS-2-Last3DHospStay-Ob-80.html">Generated Summary: id: Connectathon-Assessment-FS-2-Last3DHospStay-Ob-80; <span title="Codes: {http://loinc.org 83192-5}">12 steps</span>; effective: Apr 9, 2020 7:00:00 PM; <span title="Codes: {http://loinc.org LA26735-3}">Not attempted due to medical condition or safety concerns</span></a></li><li><a href="Observation-Connectathon-Assessment-FS-2-Last3DHospStay-Ob-86.html">Generated Summary: id: Connectathon-Assessment-FS-2-Last3DHospStay-Ob-86; <span title="Codes: {http://loinc.org 83190-9}">Picking up object</span>; effective: Apr 9, 2020 7:00:00 PM; <span title="Codes: {http://loinc.org LA26735-3}">Not attempted due to medical condition or safety concerns</span></a></li><li><a href="Observation-Connectathon-Assessment-FS-2-Last3DHospStay-Ob-92.html">Generated Summary: id: Connectathon-Assessment-FS-2-Last3DHospStay-Ob-92; <span title="Codes: {http://loinc.org 83188-3}">Wheel 50 feet with two turns</span>; effective: Apr 9, 2020 7:00:00 PM; <span title="Codes: {http://loinc.org LA11759-0}">Substantial/maximal Assist</span></a></li><li><a href="Observation-Connectathon-Assessment-FS-2-Last3DHospStay-Ob-98.html">Generated Summary: id: Connectathon-Assessment-FS-2-Last3DHospStay-Ob-98; <span title="Codes: {http://loinc.org 83235-2}">Wheel 150 feet</span>; effective: Apr 9, 2020 7:00:00 PM; <span title="Codes: {http://loinc.org LA26735-3}">Not attempted due to medical condition or safety concerns</span></a></li></ul><p><b>derivedFrom</b>: <a href="QuestionnaireResponse-Connectathon-QuestResponse-FS-2-Last3DHospStay.html">Questionnaire Response. Generated Summary: id: Connectathon-QuestResponse-FS-2-Last3DHospStay; questionnaire: https://api.logicahealth.org/PACIO/open/Questionnaire/MDS3.0-NC-1.17; status: completed; authored: Apr 9, 2020 7:00:00 PM</a></p></div>
  </text>
  <extension url="http://hl7.org/fhir/StructureDefinition/event-location">
    <valueReference>
      <reference value="Location/Connectathon-Org-Loc-01"/>
    </valueReference>
  </extension>
  <extension url="https://paciowg.github.io/functional-status-ig/StructureDefinition/device-patient-used">
    <valueReference>
      <reference value="DeviceUseStatement/Connectathon-Assessment-FS-2-Last3DHospStay-UseOfDevice-8"/>
    </valueReference>
  </extension>
  <extension url="https://paciowg.github.io/functional-status-ig/StructureDefinition/device-patient-used">
    <valueReference>
      <reference value="DeviceUseStatement/Connectathon-Assessment-FS-2-Last3DHospStay-UseOfDevice-9"/>
    </valueReference>
  </extension>
  <extension url="https://paciowg.github.io/functional-status-ig/StructureDefinition/device-patient-used">
    <valueReference>
      <reference value="DeviceUseStatement/Connectathon-Assessment-FS-2-Last3DHospStay-UseOfDevice-10"/>
    </valueReference>
  </extension>
  <extension url="https://paciowg.github.io/functional-status-ig/StructureDefinition/device-patient-used">
    <valueReference>
      <reference value="DeviceUseStatement/Connectathon-Assessment-FS-2-Last3DHospStay-UseOfDevice-11"/>
    </valueReference>
  </extension>
  <extension url="https://paciowg.github.io/functional-status-ig/StructureDefinition/device-patient-used">
    <valueReference>
      <reference value="DeviceUseStatement/Connectathon-Assessment-FS-2-Last3DHospStay-UseOfDevice-12"/>
    </valueReference>
  </extension>
  <extension url="https://paciowg.github.io/functional-status-ig/StructureDefinition/device-patient-used">
    <valueReference>
      <reference value="DeviceUseStatement/Connectathon-Assessment-FS-2-Last3DHospStay-UseOfDevice-13"/>
    </valueReference>
  </extension>
  <status value="final"/>
  <category>
    <coding>
      <system value="http://terminology.hl7.org/CodeSystem/observation-category"/>
      <code value="survey"/>
    </coding>
  </category>
  <code>
    <coding>
      <system value="http://loinc.org"/>
      <code value="88331-4"/>
      <display value="Mobility - Discharge Performance"/>
    </coding>
  </code>
  <subject>
    <reference value="Patient/patientBSJ1"/>
  </subject>
  <effectiveDateTime value="2020-04-09T14:00:00-05:00"/>
  <performer>
    <reference value="Practitioner/Connectathon-Practitioner-RonMarble"/>
  </performer>
  <performer>
    <reference value="PractitionerRole/Connectathon-Role-PT"/>
  </performer>
  <performer>
    <reference value="Organization/Connectathon-Org-01"/>
    <display value="Organization"/>
  </performer>
  <hasMember>
    <reference value="Observation/Connectathon-Assessment-FS-2-Last3DHospStay-Ob-2"/>
  </hasMember>
  <hasMember>
    <reference value="Observation/Connectathon-Assessment-FS-2-Last3DHospStay-Ob-8"/>
  </hasMember>
  <hasMember>
    <reference value="Observation/Connectathon-Assessment-FS-2-Last3DHospStay-Ob-14"/>
  </hasMember>
  <hasMember>
    <reference value="Observation/Connectathon-Assessment-FS-2-Last3DHospStay-Ob-20"/>
  </hasMember>
  <hasMember>
    <reference value="Observation/Connectathon-Assessment-FS-2-Last3DHospStay-Ob-26"/>
  </hasMember>
  <hasMember>
    <reference value="Observation/Connectathon-Assessment-FS-2-Last3DHospStay-Ob-32"/>
  </hasMember>
  <hasMember>
    <reference value="Observation/Connectathon-Assessment-FS-2-Last3DHospStay-Ob-38"/>
  </hasMember>
  <hasMember>
    <reference value="Observation/Connectathon-Assessment-FS-2-Last3DHospStay-Ob-44"/>
  </hasMember>
  <hasMember>
    <reference value="Observation/Connectathon-Assessment-FS-2-Last3DHospStay-Ob-50"/>
  </hasMember>
  <hasMember>
    <reference value="Observation/Connectathon-Assessment-FS-2-Last3DHospStay-Ob-56"/>
  </hasMember>
  <hasMember>
    <reference value="Observation/Connectathon-Assessment-FS-2-Last3DHospStay-Ob-62"/>
  </hasMember>
  <hasMember>
    <reference value="Observation/Connectathon-Assessment-FS-2-Last3DHospStay-Ob-68"/>
  </hasMember>
  <hasMember>
    <reference value="Observation/Connectathon-Assessment-FS-2-Last3DHospStay-Ob-74"/>
  </hasMember>
  <hasMember>
    <reference value="Observation/Connectathon-Assessment-FS-2-Last3DHospStay-Ob-80"/>
  </hasMember>
  <hasMember>
    <reference value="Observation/Connectathon-Assessment-FS-2-Last3DHospStay-Ob-86"/>
  </hasMember>
  <hasMember>
    <reference value="Observation/Connectathon-Assessment-FS-2-Last3DHospStay-Ob-92"/>
  </hasMember>
  <hasMember>
    <reference value="Observation/Connectathon-Assessment-FS-2-Last3DHospStay-Ob-98"/>
  </hasMember>
  <derivedFrom>
    <reference value="QuestionnaireResponse/Connectathon-QuestResponse-FS-2-Last3DHospStay"/>
    <display value="Questionnaire Response"/>
  </derivedFrom>
</Observation>