{
  "resourceType": "Observation",
  "id": "Connectathon-Assessment-FS-3-First3DSNFAdmission",
  "meta": {
    "profile": [
      "https://paciowg.github.io/functional-status-ig/StructureDefinition/pacio-bfs"
    ]
  },
  "text": {
    "status": "generated",
    "div": "<div xmlns=\"http://www.w3.org/1999/xhtml\"><p><b>Generated Narrative with Details</b></p><p><b>id</b>: Connectathon-Assessment-FS-3-First3DSNFAdmission</p><p><b>meta</b>: </p><p><b>status</b>: final</p><p><b>category</b>: Survey <span style=\"background: LightGoldenRodYellow\">(Details : {http://terminology.hl7.org/CodeSystem/observation-category code 'survey' = 'Survey)</span></p><p><b>code</b>: Mobility - Admission Performance <span style=\"background: LightGoldenRodYellow\">(Details : {LOINC code '88330-6' = 'Mobility - admission performance [CMS Assessment]', given as 'Mobility - Admission Performance'})</span></p><p><b>subject</b>: <a href=\"Patient-patientBSJ1.html\">Generated Summary: id: patientBSJ1; Betsy Smith-Johnson </a></p><p><b>effective</b>: Apr 9, 2020, 4:00:00 PM</p><p><b>performer</b>: </p><ul><li><a href=\"Practitioner-Connectathon-Practitioner-JenCadbury.html\">Generated Summary: id: Connectathon-Practitioner-JenCadbury; active; Jen Cadbury ; gender: female</a></li><li><a href=\"PractitionerRole-Connectathon-Role-PT.html\">Generated Summary: id: Connectathon-Role-PT; active; <span title=\"Codes: {http://snomed.info/sct 36682004}\">Physiotherapist</span></a></li><li><a href=\"Organization-Connectathon-Org-02.html\">Organization. Generated Summary: id: Connectathon-Org-02; name: Happy Nursing Facility</a></li></ul><p><b>hasMember</b>: </p><ul><li><a href=\"Observation-Connectathon-Assessment-FS-3-First3DSNFAdmission-Ob-3.html\">Generated Summary: id: Connectathon-Assessment-FS-3-First3DSNFAdmission-Ob-3; <span title=\"Codes: {http://loinc.org 83218-8}\">Roll left and right</span>; effective: Apr 9, 2020, 4:00:00 PM; <span title=\"Codes: {http://loinc.org LA27996-0}\">Partial/moderate Assist</span></a></li><li><a href=\"Observation-Connectathon-Assessment-FS-3-First3DSNFAdmission-Ob-9.html\">Generated Summary: id: Connectathon-Assessment-FS-3-First3DSNFAdmission-Ob-9; <span title=\"Codes: {http://loinc.org 83216-2}\">Sit to lying</span>; effective: Apr 9, 2020, 4:00:00 PM; <span title=\"Codes: {http://loinc.org LA27996-0}\">Partial/moderate Assist</span></a></li><li><a href=\"Observation-Connectathon-Assessment-FS-3-First3DSNFAdmission-Ob-15.html\">Generated Summary: id: Connectathon-Assessment-FS-3-First3DSNFAdmission-Ob-15; <span title=\"Codes: {http://loinc.org 83214-7}\">Lying to sitting on side of bed</span>; effective: Apr 9, 2020, 4:00:00 PM; <span title=\"Codes: {http://loinc.org LA27996-0}\">Partial/moderate Assist</span></a></li><li><a href=\"Observation-Connectathon-Assessment-FS-3-First3DSNFAdmission-Ob-21.html\">Generated Summary: id: Connectathon-Assessment-FS-3-First3DSNFAdmission-Ob-21; <span title=\"Codes: {http://loinc.org 83212-1}\">Sit to stand</span>; effective: Apr 9, 2020, 4:00:00 PM; <span title=\"Codes: {http://loinc.org LA27996-0}\">Partial/moderate Assist</span></a></li><li><a href=\"Observation-Connectathon-Assessment-FS-3-First3DSNFAdmission-Ob-27.html\">Generated Summary: id: Connectathon-Assessment-FS-3-First3DSNFAdmission-Ob-27; <span title=\"Codes: {http://loinc.org 83210-5}\">Chair/bed-to-chair transfer</span>; effective: Apr 9, 2020, 4:00:00 PM; <span title=\"Codes: {http://loinc.org LA11759-0}\">Substantial/maximal Assist</span></a></li><li><a href=\"Observation-Connectathon-Assessment-FS-3-First3DSNFAdmission-Ob-33.html\">Generated Summary: id: Connectathon-Assessment-FS-3-First3DSNFAdmission-Ob-33; <span title=\"Codes: {http://loinc.org 83208-9}\">Toilet transfer</span>; effective: Apr 9, 2020, 4:00:00 PM; <span title=\"Codes: {http://loinc.org LA11759-0}\">Substantial/maximal Assist</span></a></li><li><a href=\"Observation-Connectathon-Assessment-FS-3-First3DSNFAdmission-Ob-39.html\">Generated Summary: id: Connectathon-Assessment-FS-3-First3DSNFAdmission-Ob-39; <span title=\"Codes: {http://loinc.org 83206-3}\">Car transfer</span>; effective: Apr 9, 2020, 4:00:00 PM; <span title=\"Codes: {http://loinc.org LA11759-0}\">Substantial/maximal Assist</span></a></li><li><a href=\"Observation-Connectathon-Assessment-FS-3-First3DSNFAdmission-Ob-45.html\">Generated Summary: id: Connectathon-Assessment-FS-3-First3DSNFAdmission-Ob-45; <span title=\"Codes: {http://loinc.org 83204-8}\">Walk 10 feet</span>; effective: Apr 9, 2020, 4:00:00 PM; <span title=\"Codes: {http://loinc.org LA11759-0}\">Substantial/maximal Assist</span></a></li><li><a href=\"Observation-Connectathon-Assessment-FS-3-First3DSNFAdmission-Ob-51.html\">Generated Summary: id: Connectathon-Assessment-FS-3-First3DSNFAdmission-Ob-51; <span title=\"Codes: {http://loinc.org 83202-2}\">Walk 50 feet with two turns</span>; effective: Apr 9, 2020, 4:00:00 PM; <span title=\"Codes: {http://loinc.org LA11759-0}\">Substantial/maximal Assist</span></a></li><li><a href=\"Observation-Connectathon-Assessment-FS-3-First3DSNFAdmission-Ob-57.html\">Generated Summary: id: Connectathon-Assessment-FS-3-First3DSNFAdmission-Ob-57; <span title=\"Codes: {http://loinc.org 83200-6}\">Walk 150 feet</span>; effective: Apr 9, 2020, 4:00:00 PM; <span title=\"Codes: {http://loinc.org LA11759-0}\">Substantial/maximal Assist</span></a></li><li><a href=\"Observation-Connectathon-Assessment-FS-3-First3DSNFAdmission-Ob-63.html\">Generated Summary: id: Connectathon-Assessment-FS-3-First3DSNFAdmission-Ob-63; <span title=\"Codes: {http://loinc.org 83198-2}\">Walking 10 feet on uneven surfaces</span>; effective: Apr 9, 2020, 4:00:00 PM; <span title=\"Codes: {http://loinc.org LA11759-0}\">Substantial/maximal Assist</span></a></li><li><a href=\"Observation-Connectathon-Assessment-FS-3-First3DSNFAdmission-Ob-69.html\">Generated Summary: id: Connectathon-Assessment-FS-3-First3DSNFAdmission-Ob-69; <span title=\"Codes: {http://loinc.org 83196-6}\">1 step (curb)</span>; effective: Apr 9, 2020, 4:00:00 PM; <span title=\"Codes: {http://loinc.org LA26735-3}\">Not attempted due to medical condition or safety concerns</span></a></li><li><a href=\"Observation-Connectathon-Assessment-FS-3-First3DSNFAdmission-Ob-75.html\">Generated Summary: id: Connectathon-Assessment-FS-3-First3DSNFAdmission-Ob-75; <span title=\"Codes: {http://loinc.org 83194-1}\">4 steps</span>; effective: Apr 9, 2020, 4:00:00 PM; <span title=\"Codes: {http://loinc.org LA26735-3}\">Not attempted due to medical condition or safety concerns</span></a></li><li><a href=\"Observation-Connectathon-Assessment-FS-3-First3DSNFAdmission-Ob-81.html\">Generated Summary: id: Connectathon-Assessment-FS-3-First3DSNFAdmission-Ob-81; <span title=\"Codes: {http://loinc.org 83192-5}\">12 steps</span>; effective: Apr 9, 2020, 4:00:00 PM; <span title=\"Codes: {http://loinc.org LA26735-3}\">Not attempted due to medical condition or safety concerns</span></a></li><li><a href=\"Observation-Connectathon-Assessment-FS-3-First3DSNFAdmission-Ob-87.html\">Generated Summary: id: Connectathon-Assessment-FS-3-First3DSNFAdmission-Ob-87; <span title=\"Codes: {http://loinc.org 83190-9}\">Picking up object</span>; effective: Apr 9, 2020, 4:00:00 PM; <span title=\"Codes: {http://loinc.org LA26735-3}\">Not attempted due to medical condition or safety concerns</span></a></li><li><a href=\"Observation-Connectathon-Assessment-FS-3-First3DSNFAdmission-Ob-93.html\">Generated Summary: id: Connectathon-Assessment-FS-3-First3DSNFAdmission-Ob-93; <span title=\"Codes: {http://loinc.org 83188-3}\">Wheel 50 feet with two turns</span>; effective: Apr 9, 2020, 4:00:00 PM; <span title=\"Codes: {http://loinc.org LA11759-0}\">Substantial/maximal Assist</span></a></li><li><a href=\"Observation-Connectathon-Assessment-FS-3-First3DSNFAdmission-Ob-99.html\">Generated Summary: id: Connectathon-Assessment-FS-3-First3DSNFAdmission-Ob-99; <span title=\"Codes: {http://loinc.org 83235-2}\">Wheel 150 feet</span>; effective: Apr 9, 2020, 4:00:00 PM; <span title=\"Codes: {http://loinc.org LA27996-0}\">Partial/moderate Assist</span></a></li></ul><p><b>derivedFrom</b>: <a href=\"QuestionnaireResponse-Connectathon-QuestResponse-FS-3-First3DSNFAdmission.html\">Questionnaire Response. Generated Summary: id: Connectathon-QuestResponse-FS-3-First3DSNFAdmission; questionnaire: https://api.logicahealth.org/PACIO/open/Questionnaire/MDS3.0-NC-1.17; status: completed; authored: Apr 9, 2020, 4:00:00 PM</a></p></div>"
  },
  "extension": [
    {
      "url": "http://hl7.org/fhir/StructureDefinition/event-location",
      "valueReference": {
        "reference": "Location/Connectathon-Org-Loc-02"
      }
    }
  ],
  "status": "final",
  "category": [
    {
      "coding": [
        {
          "system": "http://terminology.hl7.org/CodeSystem/observation-category",
          "code": "survey"
        }
      ]
    }
  ],
  "code": {
    "coding": [
      {
        "system": "http://loinc.org",
        "code": "88330-6",
        "display": "Mobility - Admission Performance"
      }
    ]
  },
  "subject": {
    "reference": "Patient/patientBSJ1"
  },
  "effectiveDateTime": "2020-04-09T15:00:00-05:00",
  "performer": [
    {
      "reference": "Practitioner/Connectathon-Practitioner-JenCadbury"
    },
    {
      "reference": "PractitionerRole/Connectathon-Role-PT"
    },
    {
      "reference": "Organization/Connectathon-Org-02",
      "display": "Organization"
    }
  ],
  "hasMember": [
    {
      "reference": "Observation/Connectathon-Assessment-FS-3-First3DSNFAdmission-Ob-3"
    },
    {
      "reference": "Observation/Connectathon-Assessment-FS-3-First3DSNFAdmission-Ob-9"
    },
    {
      "reference": "Observation/Connectathon-Assessment-FS-3-First3DSNFAdmission-Ob-15"
    },
    {
      "reference": "Observation/Connectathon-Assessment-FS-3-First3DSNFAdmission-Ob-21"
    },
    {
      "reference": "Observation/Connectathon-Assessment-FS-3-First3DSNFAdmission-Ob-27"
    },
    {
      "reference": "Observation/Connectathon-Assessment-FS-3-First3DSNFAdmission-Ob-33"
    },
    {
      "reference": "Observation/Connectathon-Assessment-FS-3-First3DSNFAdmission-Ob-39"
    },
    {
      "reference": "Observation/Connectathon-Assessment-FS-3-First3DSNFAdmission-Ob-45"
    },
    {
      "reference": "Observation/Connectathon-Assessment-FS-3-First3DSNFAdmission-Ob-51"
    },
    {
      "reference": "Observation/Connectathon-Assessment-FS-3-First3DSNFAdmission-Ob-57"
    },
    {
      "reference": "Observation/Connectathon-Assessment-FS-3-First3DSNFAdmission-Ob-63"
    },
    {
      "reference": "Observation/Connectathon-Assessment-FS-3-First3DSNFAdmission-Ob-69"
    },
    {
      "reference": "Observation/Connectathon-Assessment-FS-3-First3DSNFAdmission-Ob-75"
    },
    {
      "reference": "Observation/Connectathon-Assessment-FS-3-First3DSNFAdmission-Ob-81"
    },
    {
      "reference": "Observation/Connectathon-Assessment-FS-3-First3DSNFAdmission-Ob-87"
    },
    {
      "reference": "Observation/Connectathon-Assessment-FS-3-First3DSNFAdmission-Ob-93"
    },
    {
      "reference": "Observation/Connectathon-Assessment-FS-3-First3DSNFAdmission-Ob-99"
    }
  ],
  "derivedFrom": [
    {
      "reference": "QuestionnaireResponse/Connectathon-QuestResponse-FS-3-First3DSNFAdmission",
      "display": "Questionnaire Response"
    }
  ]
}