<?xml version="1.0" encoding="UTF-8"?>

<Observation xmlns="http://hl7.org/fhir">
  <id value="BetsySmithMDSToiletingHygieneDischargeAdmissionPerformance01"/>
  <meta>
    <profile value="http://pacioproject.org//StructureDefinition/pacio-fs"/>
  </meta>
  <text>
    <status value="generated"/><div xmlns="http://www.w3.org/1999/xhtml"><p><b>Generated Narrative with Details</b></p><p><b>id</b>: BetsySmithMDSToiletingHygieneDischargeAdmissionPerformance01</p><p><b>meta</b>: </p><p><b>status</b>: final</p><p><b>code</b>: Toileting hygiene - functional ability during 3 day assessment period [CMS Assessment] <span style="background: LightGoldenRodYellow">(Details : {LOINC code '83228-7' = 'Toileting hygiene - functional ability during 3 day assessment period [CMS Assessment])</span></p><p><b>subject</b>: <a href="Patient-cms-patient-01.html">Generated Summary: id: cms-patient-01; Betsy Smith ; gender: female; birthDate: 1959-06-14</a></p><p><b>effective</b>: Jan 22, 2020, 12:00:00 AM</p><p><b>performer</b>: </p><ul><li><a href="Practitioner-cms-practitioner-01.html">Generated Summary: id: cms-practitioner-01; John Carlson ; gender: male; birthDate: 1970-10-27</a></li><li><a href="ccms-organization-01">ccms-organization-01</a></li></ul><p><b>value</b>: Independent - Patient completes the activity by him/herself with no assistance from a helper. <span style="background: LightGoldenRodYellow">(Details : {LOINC code 'LA9983-3' = 'Independent - Patient completes the activity by him/herself with no assistance from a helper.)</span></p></div>
  </text>
  <status value="final"/>
  <code>
    <coding>
      <system value="http://loinc.org"/>
      <code value="83228-7"/>
    </coding>
  </code>
  <subject>
    <reference value="Patient/cms-patient-01"/>
  </subject>
  <effectiveDateTime value="2020-01-22"/>
  <performer>
    <reference value="Practitioner/cms-practitioner-01"/>
  </performer>
  <performer>
    <reference value="ccms-organization-01"/>
  </performer>
  <valueCodeableConcept>
    <coding>
      <system value="http://loinc.org"/>
      <code value="LA9983-3"/>
    </coding>
  </valueCodeableConcept>
</Observation>