<?xml version="1.0" encoding="UTF-8"?>

<Observation xmlns="http://hl7.org/fhir">
  <id value="Assessment-1-First3DSNFAdmission-Observation-49"/>
  <meta>
    <profile value="http://pacioproject.org//StructureDefinition/pacio-fs"/>
  </meta>
  <text>
    <status value="generated"/><div xmlns="http://www.w3.org/1999/xhtml"><p><b>Generated Narrative with Details</b></p><p><b>id</b>: Assessment-1-First3DSNFAdmission-Observation-49</p><p><b>meta</b>: </p><p><b>status</b>: final</p><p><b>code</b>: 4 steps <span style="background: LightGoldenRodYellow">(Details : {LOINC code '83194-1' = '4 steps - functional ability during 3 day assessment period [CMS Assessment]', given as 'What was the patient's usual performance related to their ability to go up and down four steps with or without a rail?'})</span></p><p><b>subject</b>: <a href="Patient-BetsySmith.html">Generated Summary: id: BetsySmith; Betsy Smith ; gender: female; birthDate: 1959-06-14</a></p><p><b>effective</b>: Apr 2, 2020 3:00:00 PM</p><p><b>performer</b>: </p><ul><li><a href="Practitioner-CMS-Practitioner-01.html">Generated Summary: id: CMS-Practitioner-01; active; Ed Johnson ; gender: male</a></li><li><a href="Organization-CMS-Organization-01.html">Organization. Generated Summary: id: CMS-Organization-01; name: Burgers Skilled Nursing Facility</a></li></ul><p><b>value</b>: Not attempted due to medical condition or safety concern <span style="background: LightGoldenRodYellow">(Details : {LOINC code 'LA26735-3' = 'Not attempted due to medical condition or safety concerns)</span></p><p><b>derivedFrom</b>: <a href="QuestionnaireResponse-QuestionnaireResponse-1-First3DSNFAdmission.html">Generated Summary: id: QuestionnaireResponse-1-First3DSNFAdmission; questionnaire: https://api.logicahealth.org/PACIO/open/Questionnaire/MDS3.0-NC-1.17; status: completed; authored: Apr 2, 2020 3:00:00 PM</a></p></div>
  </text>
  <extension url="http://hl7.org/fhir/StructureDefinition/event-location">
    <valueReference>
      <reference value="Location/CMS-Location-SNF"/>
    </valueReference>
  </extension>
  <status value="final"/>
  <code>
    <coding>
      <system value="http://loinc.org"/>
      <code value="83194-1"/>
      <display value="What was the patient&#39;s usual performance related to their ability to go up and down four steps with or without a rail?"/>
    </coding>
    <text value="4 steps"/>
  </code>
  <subject>
    <reference value="Patient/BetsySmith"/>
  </subject>
  <effectiveDateTime value="2020-04-02T10:00:00-05:00"/>
  <performer>
    <reference value="Practitioner/CMS-Practitioner-01"/>
  </performer>
  <performer>
    <reference value="Organization/CMS-Organization-01"/>
    <display value="Organization"/>
  </performer>
  <valueCodeableConcept>
    <coding>
      <system value="http://loinc.org"/>
      <code value="LA26735-3"/>
    </coding>
    <text value="Not attempted due to medical condition or safety concern"/>
  </valueCodeableConcept>
  <derivedFrom>
    <reference value="QuestionnaireResponse/QuestionnaireResponse-1-First3DSNFAdmission"/>
  </derivedFrom>
</Observation>