{
  "resourceType": "Observation",
  "id": "Connectathon-Assessment-FS-2-Last3DHospStay-Ob-26",
  "meta": {
    "profile": [
      "https://paciowg.github.io/functional-status-ig/StructureDefinition/pacio-fs"
    ]
  },
  "text": {
    "status": "generated",
    "div": "<div xmlns=\"http://www.w3.org/1999/xhtml\"><p><b>Generated Narrative with Details</b></p><p><b>id</b>: Connectathon-Assessment-FS-2-Last3DHospStay-Ob-26</p><p><b>meta</b>: </p><p><b>status</b>: final</p><p><b>code</b>: Chair/bed-to-chair transfer <span style=\"background: LightGoldenRodYellow\">(Details : {LOINC code '83210-5' = 'Bed-to-chair transfer - functional ability during 3 day assessment period [CMS Assessment]', given as 'What was the patient's usual performance related to their ability to transfer to and from a bed to a chair (or wheelchair)?'})</span></p><p><b>subject</b>: <a href=\"Patient-patientBSJ1.html\">Generated Summary: id: patientBSJ1; Betsy Smith-Johnson </a></p><p><b>effective</b>: Apr 9, 2020, 3:00:00 PM</p><p><b>performer</b>: </p><ul><li><a href=\"Practitioner-Connectathon-Practitioner-RonMarble.html\">Generated Summary: id: Connectathon-Practitioner-RonMarble; active; Ron Marble ; gender: male</a></li><li><a href=\"PractitionerRole-Connectathon-Role-PT.html\">Generated Summary: id: Connectathon-Role-PT; active; <span title=\"Codes: {http://snomed.info/sct 36682004}\">Physiotherapist</span></a></li><li><a href=\"Organization-Connectathon-Org-01.html\">Organization. Generated Summary: id: Connectathon-Org-01; name: San Antonio General Hospital</a></li></ul><p><b>value</b>: Substantial/maximal Assist <span style=\"background: LightGoldenRodYellow\">(Details : {LOINC code 'LA11759-0' = 'Substantial/maximal assistance - Helper does more than half the effort. Helper lifts or holds trunk or limbs and provides more than half the effort.)</span></p><p><b>derivedFrom</b>: <a href=\"QuestionnaireResponse-Connectathon-QuestResponse-FS-2-Last3DHospStay.html\">Generated Summary: id: Connectathon-QuestResponse-FS-2-Last3DHospStay; questionnaire: https://api.logicahealth.org/PACIO/open/Questionnaire/MDS3.0-NC-1.17; status: completed; authored: Apr 9, 2020, 3:00:00 PM</a></p></div>"
  },
  "extension": [
    {
      "url": "http://hl7.org/fhir/StructureDefinition/event-location",
      "valueReference": {
        "reference": "Location/Connectathon-Org-Loc-01"
      }
    }
  ],
  "status": "final",
  "code": {
    "coding": [
      {
        "system": "http://loinc.org",
        "code": "83210-5",
        "display": "What was the patient's usual performance related to their ability to transfer to and from a bed to a chair (or wheelchair)?"
      }
    ],
    "text": "Chair/bed-to-chair transfer"
  },
  "subject": {
    "reference": "Patient/patientBSJ1"
  },
  "effectiveDateTime": "2020-04-09T14:00:00-05:00",
  "performer": [
    {
      "reference": "Practitioner/Connectathon-Practitioner-RonMarble"
    },
    {
      "reference": "PractitionerRole/Connectathon-Role-PT"
    },
    {
      "reference": "Organization/Connectathon-Org-01",
      "display": "Organization"
    }
  ],
  "valueCodeableConcept": {
    "coding": [
      {
        "system": "http://loinc.org",
        "code": "LA11759-0"
      }
    ],
    "text": "Substantial/maximal Assist"
  },
  "derivedFrom": [
    {
      "reference": "QuestionnaireResponse/Connectathon-QuestResponse-FS-2-Last3DHospStay"
    }
  ]
}