<?xml version="1.0" encoding="UTF-8"?>

<Observation xmlns="http://hl7.org/fhir">
  <id value="Assessment-3-HHStartOfCarePerf-Observation-7"/>
  <meta>
    <profile value="http://pacioproject.org//StructureDefinition/pacio-fs"/>
  </meta>
  <text>
    <status value="generated"/><div xmlns="http://www.w3.org/1999/xhtml"><p><b>Generated Narrative with Details</b></p><p><b>id</b>: Assessment-3-HHStartOfCarePerf-Observation-7</p><p><b>meta</b>: </p><p><b>status</b>: final</p><p><b>code</b>: Sit to lying <span style="background: LightGoldenRodYellow">(Details : {LOINC code '83216-2' = 'Sit to lying - functional ability during 3 day assessment period [CMS Assessment]', given as 'What was the patient's usual performance related to their ability to move from sitting on side of bed to lying flat on the bed?'})</span></p><p><b>subject</b>: <a href="Patient-BetsySmith.html">Generated Summary: id: BetsySmith; Betsy Smith ; gender: female; birthDate: 1959-06-14</a></p><p><b>effective</b>: Dec 4, 2019 11:00:00 PM</p><p><b>performer</b>: </p><ul><li><a href="Practitioner-CMS-Practitioner-02.html">Generated Summary: id: CMS-Practitioner-02; active; Steve Davidson ; gender: male</a></li><li><a href="Organization-CMS-Organization-02.html">Organization. Generated Summary: id: CMS-Organization-02; name: Good Health Clinic</a></li></ul><p><b>value</b>: Supervision or touching assistance <span style="background: LightGoldenRodYellow">(Details : {LOINC code 'LA28870-6' = 'Supervision or touching assistance - Helper provides verbal cues and/or touching/steadying and/or contact guard assistance as resident completes activity. Assistance may be provided throughout the activity or intermittently.', given as 'Sit to lying'})</span></p><p><b>derivedFrom</b>: <a href="QuestionnaireResponse-QuestionnaireResponse-3-HHStartOfCarePerf.html">QuestionnaireResponse. Generated Summary: id: QuestionnaireResponse-3-HHStartOfCarePerf; questionnaire: Q-MDS3-NC-1.17; status: completed; authored: Dec 4, 2019 11:00:00 PM</a></p></div>
  </text>
  <extension url="http://hl7.org/fhir/StructureDefinition/event-location">
    <valueReference>
      <reference value="Location/CMS-Location-PTRES"/>
    </valueReference>
  </extension>
  <status value="final"/>
  <code>
    <coding>
      <system value="http://loinc.org"/>
      <code value="83216-2"/>
      <display value="What was the patient&#39;s usual performance related to their ability to move from sitting on side of bed to lying flat on the bed?"/>
    </coding>
    <text value="Sit to lying"/>
  </code>
  <subject>
    <reference value="Patient/BetsySmith"/>
  </subject>
  <effectiveDateTime value="2019-12-04T18:00:00-05:00"/>
  <performer>
    <reference value="Practitioner/CMS-Practitioner-02"/>
  </performer>
  <performer>
    <reference value="Organization/CMS-Organization-02"/>
    <display value="Organization"/>
  </performer>
  <valueCodeableConcept>
    <coding>
      <system value="http://loinc.org"/>
      <code value="LA28870-6"/>
      <display value="Sit to lying"/>
    </coding>
    <text value="Supervision or touching assistance"/>
  </valueCodeableConcept>
  <derivedFrom>
    <reference value="QuestionnaireResponse/QuestionnaireResponse-3-HHStartOfCarePerf"/>
    <display value="QuestionnaireResponse"/>
  </derivedFrom>
</Observation>