{
  "resourceType": "Observation",
  "id": "BetsySmithMDSSitToLyingAdmission01",
  "meta": {
    "profile": [
      "http://pacioproject.org/StructureDefinition/pacio-fs"
    ]
  },
  "text": {
    "status": "generated",
    "div": "<div xmlns=\"http://www.w3.org/1999/xhtml\"><p><b>Generated Narrative with Details</b></p><p><b>id</b>: BetsySmithMDSSitToLyingAdmission01</p><p><b>meta</b>: </p><p><b>status</b>: final</p><p><b>code</b>: Sit to lying - functional ability during 3 day assessment period [CMS Assessment] <span style=\"background: LightGoldenRodYellow\">(Details : {LOINC code '83216-2' = 'Sit to lying - functional ability during 3 day assessment period [CMS Assessment]', given as 'Sit to lying - functional ability during 3 day assessment period [CMS Assessment]'})</span></p><p><b>subject</b>: <a href=\"Patient-cms-patient-01.html\">Generated Summary: id: cms-patient-01; Betsy Smith ; gender: female; birthDate: 1959-06-14</a></p><p><b>effective</b>: Jan 19, 2020, 12:00:00 AM</p><p><b>performer</b>: </p><ul><li><a href=\"Practitioner-cms-practitioner-01.html\">Generated Summary: id: cms-practitioner-01; John Carlson ; gender: male; birthDate: 1970-10-27</a></li><li><a href=\"ccms-organization-01\">ccms-organization-01</a></li></ul><p><b>value</b>: Independent - Patient completes the activity by him/herself with no assistance from a helper. <span style=\"background: LightGoldenRodYellow\">(Details : {LOINC code 'LA9983-3' = 'Independent - Patient completes the activity by him/herself with no assistance from a helper.', given as 'Independent - Patient completes the activity by him/herself with no assistance from a helper.'})</span></p><p><b>derivedFrom</b>: <a href=\"QuestionnaireResponse-cms-QuestionnaireResponse-01.html\">Generated Summary: id: cms-QuestionnaireResponse-01; questionnaire: https://api.logicahealth.org/PACIO/open/Questionnaire/MDS3.0-NC-1.17; status: completed</a></p></div>"
  },
  "extension": [
    {
      "url": "http://hl7.org/fhir/StructureDefinition/event-location",
      "valueReference": {
        "reference": "Location/cms-organization-location-01"
      }
    }
  ],
  "status": "final",
  "code": {
    "coding": [
      {
        "system": "http://loinc.org",
        "code": "83216-2",
        "display": "Sit to lying - functional ability during 3 day assessment period [CMS Assessment]"
      }
    ]
  },
  "subject": {
    "reference": "Patient/cms-patient-01"
  },
  "effectiveDateTime": "2020-01-19",
  "performer": [
    {
      "reference": "Practitioner/cms-practitioner-01"
    },
    {
      "reference": "ccms-organization-01"
    }
  ],
  "valueCodeableConcept": {
    "coding": [
      {
        "system": "http://loinc.org",
        "code": "LA9983-3",
        "display": "Independent - Patient completes the activity by him/herself with no assistance from a helper."
      }
    ]
  },
  "derivedFrom": [
    {
      "reference": "QuestionnaireResponse/cms-QuestionnaireResponse-01"
    }
  ]
}