{
  "resourceType": "Observation",
  "id": "Assessment-3-HHStartOfCarePerf-Observation-55",
  "meta": {
    "profile": [
      "http://pacioproject.org//StructureDefinition/pacio-fs"
    ]
  },
  "text": {
    "status": "generated",
    "div": "<div xmlns=\"http://www.w3.org/1999/xhtml\"><p><b>Generated Narrative with Details</b></p><p><b>id</b>: Assessment-3-HHStartOfCarePerf-Observation-55</p><p><b>meta</b>: </p><p><b>status</b>: final</p><p><b>code</b>: 12 steps <span style=\"background: LightGoldenRodYellow\">(Details : {LOINC code '83192-5' = '12 steps - functional ability during 3 day assessment period [CMS Assessment]', given as 'What was the patient's usual performance related to their ability to go up and down 12 steps with or without a rail?'})</span></p><p><b>subject</b>: <a href=\"Patient-BetsySmith.html\">Generated Summary: id: BetsySmith; Betsy Smith ; gender: female; birthDate: 1959-06-14</a></p><p><b>effective</b>: Dec 4, 2019 11:00:00 PM</p><p><b>performer</b>: </p><ul><li><a href=\"Practitioner-CMS-Practitioner-02.html\">Generated Summary: id: CMS-Practitioner-02; active; Steve Davidson ; gender: male</a></li><li><a href=\"Organization-CMS-Organization-02.html\">Organization. Generated Summary: id: CMS-Organization-02; name: Good Health Clinic</a></li></ul><p><b>value</b>: Substantial/maximal Assist <span style=\"background: LightGoldenRodYellow\">(Details : {LOINC code 'LA11759-0' = 'Substantial/maximal assistance - Helper does more than half the effort. Helper lifts or holds trunk or limbs and provides more than half the effort.', given as '12 steps'})</span></p><p><b>derivedFrom</b>: <a href=\"QuestionnaireResponse-QuestionnaireResponse-3-HHStartOfCarePerf.html\">QuestionnaireResponse. Generated Summary: id: QuestionnaireResponse-3-HHStartOfCarePerf; questionnaire: Q-MDS3-NC-1.17; status: completed; authored: Dec 4, 2019 11:00:00 PM</a></p></div>"
  },
  "extension": [
    {
      "url": "http://hl7.org/fhir/StructureDefinition/event-location",
      "valueReference": {
        "reference": "Location/CMS-Location-PTRES"
      }
    }
  ],
  "status": "final",
  "code": {
    "coding": [
      {
        "system": "http://loinc.org",
        "code": "83192-5",
        "display": "What was the patient's usual performance related to their ability to go up and down 12 steps with or without a rail?"
      }
    ],
    "text": "12 steps"
  },
  "subject": {
    "reference": "Patient/BetsySmith"
  },
  "effectiveDateTime": "2019-12-04T18:00:00-05:00",
  "performer": [
    {
      "reference": "Practitioner/CMS-Practitioner-02"
    },
    {
      "reference": "Organization/CMS-Organization-02",
      "display": "Organization"
    }
  ],
  "valueCodeableConcept": {
    "coding": [
      {
        "system": "http://loinc.org",
        "code": "LA11759-0",
        "display": "12 steps"
      }
    ],
    "text": "Substantial/maximal Assist"
  },
  "derivedFrom": [
    {
      "reference": "QuestionnaireResponse/QuestionnaireResponse-3-HHStartOfCarePerf",
      "display": "QuestionnaireResponse"
    }
  ]
}