{
  "resourceType": "Observation",
  "id": "Assessment-4-HHDischargePerf-Observation-24",
  "meta": {
    "profile": [
      "http://pacioproject.org//StructureDefinition/pacio-fs"
    ]
  },
  "text": {
    "status": "generated",
    "div": "<div xmlns=\"http://www.w3.org/1999/xhtml\"><p><b>Generated Narrative with Details</b></p><p><b>id</b>: Assessment-4-HHDischargePerf-Observation-24</p><p><b>meta</b>: </p><p><b>status</b>: final</p><p><b>code</b>: Toilet transfer <span style=\"background: LightGoldenRodYellow\">(Details : {LOINC code '83208-9' = 'Toilet transfer - functional ability during 3 day assessment period [CMS Assessment]', given as 'What was the patient's usual performance related to their ability to get on and off a toilet or commode?'})</span></p><p><b>subject</b>: <a href=\"Patient-BetsySmith.html\">Generated Summary: id: BetsySmith; Betsy Smith ; gender: female; birthDate: 1959-06-14</a></p><p><b>effective</b>: Dec 30, 2019 7:00:00 PM</p><p><b>performer</b>: </p><ul><li><a href=\"Practitioner-CMS-Practitioner-02.html\">Generated Summary: id: CMS-Practitioner-02; active; Steve Davidson ; gender: male</a></li><li><a href=\"Organization-CMS-Organization-02.html\">Organization. Generated Summary: id: CMS-Organization-02; name: Good Health Clinic</a></li></ul><p><b>value</b>: Independent <span style=\"background: LightGoldenRodYellow\">(Details : {LOINC code 'LA27993-7' = 'Independent - Resident completes the activity by him/herself with no assistance from a helper.', given as 'Toilet transfer'})</span></p><p><b>derivedFrom</b>: <a href=\"QuestionnaireResponse-QuestionnaireResponse-4-HHDischargePerf.html\">QuestionnaireResponse. Generated Summary: id: QuestionnaireResponse-4-HHDischargePerf; questionnaire: Q-MDS3-NC-1.17; status: completed; authored: Dec 30, 2019 7:00:00 PM</a></p></div>"
  },
  "extension": [
    {
      "url": "http://hl7.org/fhir/StructureDefinition/event-location",
      "valueReference": {
        "reference": "Location/CMS-Location-PTRES"
      }
    }
  ],
  "status": "final",
  "code": {
    "coding": [
      {
        "system": "http://loinc.org",
        "code": "83208-9",
        "display": "What was the patient's usual performance related to their ability to get on and off a toilet or commode?"
      }
    ],
    "text": "Toilet transfer"
  },
  "subject": {
    "reference": "Patient/BetsySmith"
  },
  "effectiveDateTime": "2019-12-30T14:00:00-05:00",
  "performer": [
    {
      "reference": "Practitioner/CMS-Practitioner-02"
    },
    {
      "reference": "Organization/CMS-Organization-02",
      "display": "Organization"
    }
  ],
  "valueCodeableConcept": {
    "coding": [
      {
        "system": "http://loinc.org",
        "code": "LA27993-7",
        "display": "Toilet transfer"
      }
    ],
    "text": "Independent"
  },
  "derivedFrom": [
    {
      "reference": "QuestionnaireResponse/QuestionnaireResponse-4-HHDischargePerf",
      "display": "QuestionnaireResponse"
    }
  ]
}