{"resourceType":"ImplementationGuide","id":"pacio","text":{"status":"extensions","div":"<div xmlns=\"http://www.w3.org/1999/xhtml\"><h2>FunctionalStatusImplementationGuide</h2><p>The official URL for this implementation guide is: </p><pre>https://paciowg.github.io/functional-status-ig/ImplementationGuide/pacio</pre><div><p>TO advance interoperable health data exchange between post-acute care (PAC) and other providers, patients, and key stakeholders</p>\n</div></div>"},"url":"https://paciowg.github.io/functional-status-ig/ImplementationGuide/pacio","version":"0.1.0","name":"FunctionalStatusImplementationGuide","title":"Functional Status Implementation Guide","status":"active","date":"2020-07-03T09:42:46-04:00","publisher":"PACIO Project","contact":[{"name":"PACIO project","telecom":[{"system":"email","value":"info@pacioproject.org"}]}],"description":"TO advance interoperable health data exchange between post-acute care (PAC) and other providers, patients, and key stakeholders","packageId":"pacio","license":"CC0-1.0","fhirVersion":["4.0.1"],"dependsOn":[{"uri":"http://hl7.org/fhir/us/core/ImplementationGuide/hl7.fhir.us.core","packageId":"hl7.fhir.us.core","version":"3.1.0"}],"definition":{"extension":[{"extension":[{"url":"code","valueString":"copyrightyear"},{"url":"value","valueString":"2020+"}],"url":"http://hl7.org/fhir/tools/StructureDefinition/ig-parameter"},{"extension":[{"url":"code","valueString":"releaselabel"},{"url":"value","valueString":"CI Build"}],"url":"http://hl7.org/fhir/tools/StructureDefinition/ig-parameter"},{"extension":[{"url":"code","valueString":"show-inherited-invariants"},{"url":"value","valueString":"false"}],"url":"http://hl7.org/fhir/tools/StructureDefinition/ig-parameter"},{"extension":[{"url":"code","valueString":"path-qa"},{"url":"value","valueString":"temp/qa"}],"url":"http://hl7.org/fhir/tools/StructureDefinition/ig-parameter"},{"extension":[{"url":"code","valueString":"path-temp"},{"url":"value","valueString":"temp/pages"}],"url":"http://hl7.org/fhir/tools/StructureDefinition/ig-parameter"},{"extension":[{"url":"code","valueString":"path-output"},{"url":"value","valueString":"output"}],"url":"http://hl7.org/fhir/tools/StructureDefinition/ig-parameter"},{"extension":[{"url":"code","valueString":"path-suppressed-warnings"},{"url":"value","valueString":"input/ignoreWarnings.txt"}],"url":"http://hl7.org/fhir/tools/StructureDefinition/ig-parameter"},{"extension":[{"url":"code","valueString":"template-html"},{"url":"value","valueString":"template-page.html"}],"url":"http://hl7.org/fhir/tools/StructureDefinition/ig-parameter"},{"extension":[{"url":"code","valueString":"template-md"},{"url":"value","valueString":"template-page-md.html"}],"url":"http://hl7.org/fhir/tools/StructureDefinition/ig-parameter"},{"extension":[{"url":"code","valueString":"apply-contact"},{"url":"value","valueString":"true"}],"url":"http://hl7.org/fhir/tools/StructureDefinition/ig-parameter"},{"extension":[{"url":"code","valueString":"apply-context"},{"url":"value","valueString":"true"}],"url":"http://hl7.org/fhir/tools/StructureDefinition/ig-parameter"},{"extension":[{"url":"code","valueString":"apply-copyright"},{"url":"value","valueString":"true"}],"url":"http://hl7.org/fhir/tools/StructureDefinition/ig-parameter"},{"extension":[{"url":"code","valueString":"apply-jurisdiction"},{"url":"value","valueString":"true"}],"url":"http://hl7.org/fhir/tools/StructureDefinition/ig-parameter"},{"extension":[{"url":"code","valueString":"apply-license"},{"url":"value","valueString":"true"}],"url":"http://hl7.org/fhir/tools/StructureDefinition/ig-parameter"},{"extension":[{"url":"code","valueString":"apply-publisher"},{"url":"value","valueString":"true"}],"url":"http://hl7.org/fhir/tools/StructureDefinition/ig-parameter"},{"extension":[{"url":"code","valueString":"apply-version"},{"url":"value","valueString":"true"}],"url":"http://hl7.org/fhir/tools/StructureDefinition/ig-parameter"},{"extension":[{"url":"code","valueString":"active-tables"},{"url":"value","valueString":"true"}],"url":"http://hl7.org/fhir/tools/StructureDefinition/ig-parameter"}],"grouping":[{"id":"_dyn_capabilitystatement","name":"Behavior: Capability Statements","description":"The following artifacts define the specific capabilities that different types of systems are expected to have in order to comply with this implementation guide.  Systems complying with the implementation guide are expected to declare conformance to one or more of the following capability statements."},{"id":"_str_profile","name":"Structures: Resource Profiles","description":"These define constraints on FHIR resources that need to be complied with by conformant implementations"},{"id":"_str_extension","name":"Structures: Extension Definitions","description":"These define constraints on FHIR data types that need to be complied with by conformant implementations"},{"id":"_ex_example","name":"Example: Example Instances","description":"These are example instances that show what data produced and consumed by systems conforming with this implementation guide might look like"}],"resource":[{"extension":[{"url":"http://hl7.org/fhir/StructureDefinition/implementationguide-page","valueUri":"StructureDefinition-pacio-bfs.html"}],"reference":{"reference":"StructureDefinition/pacio-bfs"},"name":"Bundled Functional Status","description":"An point in time bundle of functional status observations for a patient.","exampleBoolean":false,"groupingId":"_str_profile"},{"extension":[{"url":"http://hl7.org/fhir/StructureDefinition/implementationguide-page","valueUri":"StructureDefinition-pacio-fs.html"}],"reference":{"reference":"StructureDefinition/pacio-fs"},"name":"Functional Status","description":"An exchange of functional status data for a patient.","exampleBoolean":false,"groupingId":"_str_profile"},{"extension":[{"url":"http://hl7.org/fhir/StructureDefinition/implementationguide-page","valueUri":"StructureDefinition-pacio-functional-qr.html"}],"reference":{"reference":"StructureDefinition/pacio-functional-qr"},"name":"PACIO Questionaire Response","description":"A completed, or sections of a completed, CMS PAC assessment.","exampleBoolean":false,"groupingId":"_str_profile"},{"extension":[{"url":"http://hl7.org/fhir/StructureDefinition/implementationguide-page","valueUri":"StructureDefinition-pacio-plf.html"}],"reference":{"reference":"StructureDefinition/pacio-plf"},"name":"Prior Level Of Function","description":"An exchange of prior level of function data for a patient.","exampleBoolean":false,"groupingId":"_str_profile"},{"extension":[{"url":"http://hl7.org/fhir/StructureDefinition/implementationguide-page","valueUri":"StructureDefinition-pacio-dev.html"}],"reference":{"reference":"StructureDefinition/pacio-dev"},"name":"UseOfDevice","description":"A device used by a Patient during a functional status assessment.","exampleBoolean":false,"groupingId":"_str_profile"},{"extension":[{"url":"http://hl7.org/fhir/StructureDefinition/implementationguide-page","valueUri":"StructureDefinition-assistance-required.html"}],"reference":{"reference":"StructureDefinition/assistance-required"},"name":"AssistanceRequired","description":"Associated functional status used for display purposes.","exampleBoolean":false,"groupingId":"_str_extension"},{"extension":[{"url":"http://hl7.org/fhir/StructureDefinition/implementationguide-page","valueUri":"StructureDefinition-device-patient-used.html"}],"reference":{"reference":"StructureDefinition/device-patient-used"},"name":"DevicePatientUsed","description":"A device used by a patient during a functional status assessment.","exampleBoolean":false,"groupingId":"_str_extension"},{"extension":[{"url":"http://hl7.org/fhir/StructureDefinition/implementationguide-page","valueUri":"Observation-Assessment-HHDischarge-SelfCare.html"}],"reference":{"reference":"Observation/Assessment-HHDischarge-SelfCare"},"name":"Assessment-HHDischarge-SelfCare","exampleCanonical":"https://paciowg.github.io/functional-status-ig/StructureDefinition/pacio-bfs","groupingId":"_ex_example"},{"extension":[{"url":"http://hl7.org/fhir/StructureDefinition/implementationguide-page","valueUri":"Observation-Assessment-HHDischarge-SelfCare-Ob-12.html"}],"reference":{"reference":"Observation/Assessment-HHDischarge-SelfCare-Ob-12"},"name":"Assessment-HHDischarge-SelfCare-Ob-12","exampleCanonical":"https://paciowg.github.io/functional-status-ig/StructureDefinition/pacio-fs","groupingId":"_ex_example"},{"extension":[{"url":"http://hl7.org/fhir/StructureDefinition/implementationguide-page","valueUri":"Observation-Assessment-HHDischarge-SelfCare-Ob-18.html"}],"reference":{"reference":"Observation/Assessment-HHDischarge-SelfCare-Ob-18"},"name":"Assessment-HHDischarge-SelfCare-Ob-18","exampleCanonical":"https://paciowg.github.io/functional-status-ig/StructureDefinition/pacio-fs","groupingId":"_ex_example"},{"extension":[{"url":"http://hl7.org/fhir/StructureDefinition/implementationguide-page","valueUri":"Observation-Assessment-HHDischarge-SelfCare-Ob-24.html"}],"reference":{"reference":"Observation/Assessment-HHDischarge-SelfCare-Ob-24"},"name":"Assessment-HHDischarge-SelfCare-Ob-24","exampleCanonical":"https://paciowg.github.io/functional-status-ig/StructureDefinition/pacio-fs","groupingId":"_ex_example"},{"extension":[{"url":"http://hl7.org/fhir/StructureDefinition/implementationguide-page","valueUri":"Observation-Assessment-HHDischarge-SelfCare-Ob-30.html"}],"reference":{"reference":"Observation/Assessment-HHDischarge-SelfCare-Ob-30"},"name":"Assessment-HHDischarge-SelfCare-Ob-30","exampleCanonical":"https://paciowg.github.io/functional-status-ig/StructureDefinition/pacio-fs","groupingId":"_ex_example"},{"extension":[{"url":"http://hl7.org/fhir/StructureDefinition/implementationguide-page","valueUri":"Observation-Assessment-HHDischarge-SelfCare-Ob-36.html"}],"reference":{"reference":"Observation/Assessment-HHDischarge-SelfCare-Ob-36"},"name":"Assessment-HHDischarge-SelfCare-Ob-36","exampleCanonical":"https://paciowg.github.io/functional-status-ig/StructureDefinition/pacio-fs","groupingId":"_ex_example"},{"extension":[{"url":"http://hl7.org/fhir/StructureDefinition/implementationguide-page","valueUri":"Observation-Assessment-HHDischarge-SelfCare-Ob-42.html"}],"reference":{"reference":"Observation/Assessment-HHDischarge-SelfCare-Ob-42"},"name":"Assessment-HHDischarge-SelfCare-Ob-42","exampleCanonical":"https://paciowg.github.io/functional-status-ig/StructureDefinition/pacio-fs","groupingId":"_ex_example"},{"extension":[{"url":"http://hl7.org/fhir/StructureDefinition/implementationguide-page","valueUri":"Observation-Assessment-HHDischarge-SelfCare-Ob-6.html"}],"reference":{"reference":"Observation/Assessment-HHDischarge-SelfCare-Ob-6"},"name":"Assessment-HHDischarge-SelfCare-Ob-6","exampleCanonical":"https://paciowg.github.io/functional-status-ig/StructureDefinition/pacio-fs","groupingId":"_ex_example"},{"extension":[{"url":"http://hl7.org/fhir/StructureDefinition/implementationguide-page","valueUri":"Observation-Assessment-HHStart-SelfCare.html"}],"reference":{"reference":"Observation/Assessment-HHStart-SelfCare"},"name":"Assessment-HHStart-SelfCare","exampleCanonical":"https://paciowg.github.io/functional-status-ig/StructureDefinition/pacio-bfs","groupingId":"_ex_example"},{"extension":[{"url":"http://hl7.org/fhir/StructureDefinition/implementationguide-page","valueUri":"Observation-Assessment-HHStart-SelfCare-Ob-11.html"}],"reference":{"reference":"Observation/Assessment-HHStart-SelfCare-Ob-11"},"name":"Assessment-HHStart-SelfCare-Ob-11","exampleCanonical":"https://paciowg.github.io/functional-status-ig/StructureDefinition/pacio-fs","groupingId":"_ex_example"},{"extension":[{"url":"http://hl7.org/fhir/StructureDefinition/implementationguide-page","valueUri":"Observation-Assessment-HHStart-SelfCare-Ob-17.html"}],"reference":{"reference":"Observation/Assessment-HHStart-SelfCare-Ob-17"},"name":"Assessment-HHStart-SelfCare-Ob-17","exampleCanonical":"https://paciowg.github.io/functional-status-ig/StructureDefinition/pacio-fs","groupingId":"_ex_example"},{"extension":[{"url":"http://hl7.org/fhir/StructureDefinition/implementationguide-page","valueUri":"Observation-Assessment-HHStart-SelfCare-Ob-23.html"}],"reference":{"reference":"Observation/Assessment-HHStart-SelfCare-Ob-23"},"name":"Assessment-HHStart-SelfCare-Ob-23","exampleCanonical":"https://paciowg.github.io/functional-status-ig/StructureDefinition/pacio-fs","groupingId":"_ex_example"},{"extension":[{"url":"http://hl7.org/fhir/StructureDefinition/implementationguide-page","valueUri":"Observation-Assessment-HHStart-SelfCare-Ob-29.html"}],"reference":{"reference":"Observation/Assessment-HHStart-SelfCare-Ob-29"},"name":"Assessment-HHStart-SelfCare-Ob-29","exampleCanonical":"https://paciowg.github.io/functional-status-ig/StructureDefinition/pacio-fs","groupingId":"_ex_example"},{"extension":[{"url":"http://hl7.org/fhir/StructureDefinition/implementationguide-page","valueUri":"Observation-Assessment-HHStart-SelfCare-Ob-35.html"}],"reference":{"reference":"Observation/Assessment-HHStart-SelfCare-Ob-35"},"name":"Assessment-HHStart-SelfCare-Ob-35","exampleCanonical":"https://paciowg.github.io/functional-status-ig/StructureDefinition/pacio-fs","groupingId":"_ex_example"},{"extension":[{"url":"http://hl7.org/fhir/StructureDefinition/implementationguide-page","valueUri":"Observation-Assessment-HHStart-SelfCare-Ob-41.html"}],"reference":{"reference":"Observation/Assessment-HHStart-SelfCare-Ob-41"},"name":"Assessment-HHStart-SelfCare-Ob-41","exampleCanonical":"https://paciowg.github.io/functional-status-ig/StructureDefinition/pacio-fs","groupingId":"_ex_example"},{"extension":[{"url":"http://hl7.org/fhir/StructureDefinition/implementationguide-page","valueUri":"Observation-Assessment-HHStart-SelfCare-Ob-5.html"}],"reference":{"reference":"Observation/Assessment-HHStart-SelfCare-Ob-5"},"name":"Assessment-HHStart-SelfCare-Ob-5","exampleCanonical":"https://paciowg.github.io/functional-status-ig/StructureDefinition/pacio-fs","groupingId":"_ex_example"},{"extension":[{"url":"http://hl7.org/fhir/StructureDefinition/implementationguide-page","valueUri":"Observation-Assessment-Hosp-Admission-SelfCare.html"}],"reference":{"reference":"Observation/Assessment-Hosp-Admission-SelfCare"},"name":"Assessment-Hosp-Admission-SelfCare","exampleCanonical":"https://paciowg.github.io/functional-status-ig/StructureDefinition/pacio-bfs","groupingId":"_ex_example"},{"extension":[{"url":"http://hl7.org/fhir/StructureDefinition/implementationguide-page","valueUri":"Observation-Assessment-Hosp-Admission-SelfCare-Ob-1.html"}],"reference":{"reference":"Observation/Assessment-Hosp-Admission-SelfCare-Ob-1"},"name":"Assessment-Hosp-Admission-SelfCare-Ob-1","exampleCanonical":"https://paciowg.github.io/functional-status-ig/StructureDefinition/pacio-fs","groupingId":"_ex_example"},{"extension":[{"url":"http://hl7.org/fhir/StructureDefinition/implementationguide-page","valueUri":"Observation-Assessment-Hosp-Admission-SelfCare-Ob-13.html"}],"reference":{"reference":"Observation/Assessment-Hosp-Admission-SelfCare-Ob-13"},"name":"Assessment-Hosp-Admission-SelfCare-Ob-13","exampleCanonical":"https://paciowg.github.io/functional-status-ig/StructureDefinition/pacio-fs","groupingId":"_ex_example"},{"extension":[{"url":"http://hl7.org/fhir/StructureDefinition/implementationguide-page","valueUri":"Observation-Assessment-Hosp-Admission-SelfCare-Ob-19.html"}],"reference":{"reference":"Observation/Assessment-Hosp-Admission-SelfCare-Ob-19"},"name":"Assessment-Hosp-Admission-SelfCare-Ob-19","exampleCanonical":"https://paciowg.github.io/functional-status-ig/StructureDefinition/pacio-fs","groupingId":"_ex_example"},{"extension":[{"url":"http://hl7.org/fhir/StructureDefinition/implementationguide-page","valueUri":"Observation-Assessment-Hosp-Admission-SelfCare-Ob-25.html"}],"reference":{"reference":"Observation/Assessment-Hosp-Admission-SelfCare-Ob-25"},"name":"Assessment-Hosp-Admission-SelfCare-Ob-25","exampleCanonical":"https://paciowg.github.io/functional-status-ig/StructureDefinition/pacio-fs","groupingId":"_ex_example"},{"extension":[{"url":"http://hl7.org/fhir/StructureDefinition/implementationguide-page","valueUri":"Observation-Assessment-Hosp-Admission-SelfCare-Ob-31.html"}],"reference":{"reference":"Observation/Assessment-Hosp-Admission-SelfCare-Ob-31"},"name":"Assessment-Hosp-Admission-SelfCare-Ob-31","exampleCanonical":"https://paciowg.github.io/functional-status-ig/StructureDefinition/pacio-fs","groupingId":"_ex_example"},{"extension":[{"url":"http://hl7.org/fhir/StructureDefinition/implementationguide-page","valueUri":"Observation-Assessment-Hosp-Admission-SelfCare-Ob-37.html"}],"reference":{"reference":"Observation/Assessment-Hosp-Admission-SelfCare-Ob-37"},"name":"Assessment-Hosp-Admission-SelfCare-Ob-37","exampleCanonical":"https://paciowg.github.io/functional-status-ig/StructureDefinition/pacio-fs","groupingId":"_ex_example"},{"extension":[{"url":"http://hl7.org/fhir/StructureDefinition/implementationguide-page","valueUri":"Observation-Assessment-Hosp-Admission-SelfCare-Ob-7.html"}],"reference":{"reference":"Observation/Assessment-Hosp-Admission-SelfCare-Ob-7"},"name":"Assessment-Hosp-Admission-SelfCare-Ob-7","exampleCanonical":"https://paciowg.github.io/functional-status-ig/StructureDefinition/pacio-fs","groupingId":"_ex_example"},{"extension":[{"url":"http://hl7.org/fhir/StructureDefinition/implementationguide-page","valueUri":"Observation-Assessment-Hosp-DischargeGoal-SelfCare.html"}],"reference":{"reference":"Observation/Assessment-Hosp-DischargeGoal-SelfCare"},"name":"Assessment-Hosp-DischargeGoal-SelfCare","exampleCanonical":"https://paciowg.github.io/functional-status-ig/StructureDefinition/pacio-bfs","groupingId":"_ex_example"},{"extension":[{"url":"http://hl7.org/fhir/StructureDefinition/implementationguide-page","valueUri":"Observation-Assessment-Hosp-DischargeGoal-SelfCare-Ob-43.html"}],"reference":{"reference":"Observation/Assessment-Hosp-DischargeGoal-SelfCare-Ob-43"},"name":"Assessment-Hosp-DischargeGoal-SelfCare-Ob-43","exampleCanonical":"https://paciowg.github.io/functional-status-ig/StructureDefinition/pacio-fs","groupingId":"_ex_example"},{"extension":[{"url":"http://hl7.org/fhir/StructureDefinition/implementationguide-page","valueUri":"Observation-Assessment-Hosp-DischargeGoal-SelfCare-Ob-44.html"}],"reference":{"reference":"Observation/Assessment-Hosp-DischargeGoal-SelfCare-Ob-44"},"name":"Assessment-Hosp-DischargeGoal-SelfCare-Ob-44","exampleCanonical":"https://paciowg.github.io/functional-status-ig/StructureDefinition/pacio-fs","groupingId":"_ex_example"},{"extension":[{"url":"http://hl7.org/fhir/StructureDefinition/implementationguide-page","valueUri":"Observation-Assessment-Hosp-DischargeGoal-SelfCare-Ob-45.html"}],"reference":{"reference":"Observation/Assessment-Hosp-DischargeGoal-SelfCare-Ob-45"},"name":"Assessment-Hosp-DischargeGoal-SelfCare-Ob-45","exampleCanonical":"https://paciowg.github.io/functional-status-ig/StructureDefinition/pacio-fs","groupingId":"_ex_example"},{"extension":[{"url":"http://hl7.org/fhir/StructureDefinition/implementationguide-page","valueUri":"Observation-Assessment-Hosp-DischargeGoal-SelfCare-Ob-46.html"}],"reference":{"reference":"Observation/Assessment-Hosp-DischargeGoal-SelfCare-Ob-46"},"name":"Assessment-Hosp-DischargeGoal-SelfCare-Ob-46","exampleCanonical":"https://paciowg.github.io/functional-status-ig/StructureDefinition/pacio-fs","groupingId":"_ex_example"},{"extension":[{"url":"http://hl7.org/fhir/StructureDefinition/implementationguide-page","valueUri":"Observation-Assessment-Hosp-DischargeGoal-SelfCare-Ob-47.html"}],"reference":{"reference":"Observation/Assessment-Hosp-DischargeGoal-SelfCare-Ob-47"},"name":"Assessment-Hosp-DischargeGoal-SelfCare-Ob-47","exampleCanonical":"https://paciowg.github.io/functional-status-ig/StructureDefinition/pacio-fs","groupingId":"_ex_example"},{"extension":[{"url":"http://hl7.org/fhir/StructureDefinition/implementationguide-page","valueUri":"Observation-Assessment-Hosp-DischargeGoal-SelfCare-Ob-48.html"}],"reference":{"reference":"Observation/Assessment-Hosp-DischargeGoal-SelfCare-Ob-48"},"name":"Assessment-Hosp-DischargeGoal-SelfCare-Ob-48","exampleCanonical":"https://paciowg.github.io/functional-status-ig/StructureDefinition/pacio-fs","groupingId":"_ex_example"},{"extension":[{"url":"http://hl7.org/fhir/StructureDefinition/implementationguide-page","valueUri":"Observation-Assessment-Hosp-DischargeGoal-SelfCare-Ob-49.html"}],"reference":{"reference":"Observation/Assessment-Hosp-DischargeGoal-SelfCare-Ob-49"},"name":"Assessment-Hosp-DischargeGoal-SelfCare-Ob-49","exampleCanonical":"https://paciowg.github.io/functional-status-ig/StructureDefinition/pacio-fs","groupingId":"_ex_example"},{"extension":[{"url":"http://hl7.org/fhir/StructureDefinition/implementationguide-page","valueUri":"Observation-Assessment-Hosp-Last3DStay-SelfCare.html"}],"reference":{"reference":"Observation/Assessment-Hosp-Last3DStay-SelfCare"},"name":"Assessment-Hosp-Last3DStay-SelfCare","exampleCanonical":"https://paciowg.github.io/functional-status-ig/StructureDefinition/pacio-bfs","groupingId":"_ex_example"},{"extension":[{"url":"http://hl7.org/fhir/StructureDefinition/implementationguide-page","valueUri":"Observation-Assessment-Hosp-Last3DStay-SelfCare-Ob-14.html"}],"reference":{"reference":"Observation/Assessment-Hosp-Last3DStay-SelfCare-Ob-14"},"name":"Assessment-Hosp-Last3DStay-SelfCare-Ob-14","exampleCanonical":"https://paciowg.github.io/functional-status-ig/StructureDefinition/pacio-fs","groupingId":"_ex_example"},{"extension":[{"url":"http://hl7.org/fhir/StructureDefinition/implementationguide-page","valueUri":"Observation-Assessment-Hosp-Last3DStay-SelfCare-Ob-2.html"}],"reference":{"reference":"Observation/Assessment-Hosp-Last3DStay-SelfCare-Ob-2"},"name":"Assessment-Hosp-Last3DStay-SelfCare-Ob-2","exampleCanonical":"https://paciowg.github.io/functional-status-ig/StructureDefinition/pacio-fs","groupingId":"_ex_example"},{"extension":[{"url":"http://hl7.org/fhir/StructureDefinition/implementationguide-page","valueUri":"Observation-Assessment-Hosp-Last3DStay-SelfCare-Ob-20.html"}],"reference":{"reference":"Observation/Assessment-Hosp-Last3DStay-SelfCare-Ob-20"},"name":"Assessment-Hosp-Last3DStay-SelfCare-Ob-20","exampleCanonical":"https://paciowg.github.io/functional-status-ig/StructureDefinition/pacio-fs","groupingId":"_ex_example"},{"extension":[{"url":"http://hl7.org/fhir/StructureDefinition/implementationguide-page","valueUri":"Observation-Assessment-Hosp-Last3DStay-SelfCare-Ob-26.html"}],"reference":{"reference":"Observation/Assessment-Hosp-Last3DStay-SelfCare-Ob-26"},"name":"Assessment-Hosp-Last3DStay-SelfCare-Ob-26","exampleCanonical":"https://paciowg.github.io/functional-status-ig/StructureDefinition/pacio-fs","groupingId":"_ex_example"},{"extension":[{"url":"http://hl7.org/fhir/StructureDefinition/implementationguide-page","valueUri":"Observation-Assessment-Hosp-Last3DStay-SelfCare-Ob-32.html"}],"reference":{"reference":"Observation/Assessment-Hosp-Last3DStay-SelfCare-Ob-32"},"name":"Assessment-Hosp-Last3DStay-SelfCare-Ob-32","exampleCanonical":"https://paciowg.github.io/functional-status-ig/StructureDefinition/pacio-fs","groupingId":"_ex_example"},{"extension":[{"url":"http://hl7.org/fhir/StructureDefinition/implementationguide-page","valueUri":"Observation-Assessment-Hosp-Last3DStay-SelfCare-Ob-38.html"}],"reference":{"reference":"Observation/Assessment-Hosp-Last3DStay-SelfCare-Ob-38"},"name":"Assessment-Hosp-Last3DStay-SelfCare-Ob-38","exampleCanonical":"https://paciowg.github.io/functional-status-ig/StructureDefinition/pacio-fs","groupingId":"_ex_example"},{"extension":[{"url":"http://hl7.org/fhir/StructureDefinition/implementationguide-page","valueUri":"Observation-Assessment-Hosp-Last3DStay-SelfCare-Ob-8.html"}],"reference":{"reference":"Observation/Assessment-Hosp-Last3DStay-SelfCare-Ob-8"},"name":"Assessment-Hosp-Last3DStay-SelfCare-Ob-8","exampleCanonical":"https://paciowg.github.io/functional-status-ig/StructureDefinition/pacio-fs","groupingId":"_ex_example"},{"extension":[{"url":"http://hl7.org/fhir/StructureDefinition/implementationguide-page","valueUri":"Observation-Assessment-SNF-Admission-SelfCare.html"}],"reference":{"reference":"Observation/Assessment-SNF-Admission-SelfCare"},"name":"Assessment-SNF-Admission-SelfCare","exampleCanonical":"https://paciowg.github.io/functional-status-ig/StructureDefinition/pacio-bfs","groupingId":"_ex_example"},{"extension":[{"url":"http://hl7.org/fhir/StructureDefinition/implementationguide-page","valueUri":"Observation-Assessment-SNF-Admission-SelfCare-Ob-15.html"}],"reference":{"reference":"Observation/Assessment-SNF-Admission-SelfCare-Ob-15"},"name":"Assessment-SNF-Admission-SelfCare-Ob-15","exampleCanonical":"https://paciowg.github.io/functional-status-ig/StructureDefinition/pacio-fs","groupingId":"_ex_example"},{"extension":[{"url":"http://hl7.org/fhir/StructureDefinition/implementationguide-page","valueUri":"Observation-Assessment-SNF-Admission-SelfCare-Ob-21.html"}],"reference":{"reference":"Observation/Assessment-SNF-Admission-SelfCare-Ob-21"},"name":"Assessment-SNF-Admission-SelfCare-Ob-21","exampleCanonical":"https://paciowg.github.io/functional-status-ig/StructureDefinition/pacio-fs","groupingId":"_ex_example"},{"extension":[{"url":"http://hl7.org/fhir/StructureDefinition/implementationguide-page","valueUri":"Observation-Assessment-SNF-Admission-SelfCare-Ob-27.html"}],"reference":{"reference":"Observation/Assessment-SNF-Admission-SelfCare-Ob-27"},"name":"Assessment-SNF-Admission-SelfCare-Ob-27","exampleCanonical":"https://paciowg.github.io/functional-status-ig/StructureDefinition/pacio-fs","groupingId":"_ex_example"},{"extension":[{"url":"http://hl7.org/fhir/StructureDefinition/implementationguide-page","valueUri":"Observation-Assessment-SNF-Admission-SelfCare-Ob-3.html"}],"reference":{"reference":"Observation/Assessment-SNF-Admission-SelfCare-Ob-3"},"name":"Assessment-SNF-Admission-SelfCare-Ob-3","exampleCanonical":"https://paciowg.github.io/functional-status-ig/StructureDefinition/pacio-fs","groupingId":"_ex_example"},{"extension":[{"url":"http://hl7.org/fhir/StructureDefinition/implementationguide-page","valueUri":"Observation-Assessment-SNF-Admission-SelfCare-Ob-33.html"}],"reference":{"reference":"Observation/Assessment-SNF-Admission-SelfCare-Ob-33"},"name":"Assessment-SNF-Admission-SelfCare-Ob-33","exampleCanonical":"https://paciowg.github.io/functional-status-ig/StructureDefinition/pacio-fs","groupingId":"_ex_example"},{"extension":[{"url":"http://hl7.org/fhir/StructureDefinition/implementationguide-page","valueUri":"Observation-Assessment-SNF-Admission-SelfCare-Ob-39.html"}],"reference":{"reference":"Observation/Assessment-SNF-Admission-SelfCare-Ob-39"},"name":"Assessment-SNF-Admission-SelfCare-Ob-39","exampleCanonical":"https://paciowg.github.io/functional-status-ig/StructureDefinition/pacio-fs","groupingId":"_ex_example"},{"extension":[{"url":"http://hl7.org/fhir/StructureDefinition/implementationguide-page","valueUri":"Observation-Assessment-SNF-Admission-SelfCare-Ob-9.html"}],"reference":{"reference":"Observation/Assessment-SNF-Admission-SelfCare-Ob-9"},"name":"Assessment-SNF-Admission-SelfCare-Ob-9","exampleCanonical":"https://paciowg.github.io/functional-status-ig/StructureDefinition/pacio-fs","groupingId":"_ex_example"},{"extension":[{"url":"http://hl7.org/fhir/StructureDefinition/implementationguide-page","valueUri":"Observation-Assessment-SNF-Last3DStay-SelfCare.html"}],"reference":{"reference":"Observation/Assessment-SNF-Last3DStay-SelfCare"},"name":"Assessment-SNF-Last3DStay-SelfCare","exampleCanonical":"https://paciowg.github.io/functional-status-ig/StructureDefinition/pacio-bfs","groupingId":"_ex_example"},{"extension":[{"url":"http://hl7.org/fhir/StructureDefinition/implementationguide-page","valueUri":"Observation-Assessment-SNF-Last3DStay-SelfCare-Ob-10.html"}],"reference":{"reference":"Observation/Assessment-SNF-Last3DStay-SelfCare-Ob-10"},"name":"Assessment-SNF-Last3DStay-SelfCare-Ob-10","exampleCanonical":"https://paciowg.github.io/functional-status-ig/StructureDefinition/pacio-fs","groupingId":"_ex_example"},{"extension":[{"url":"http://hl7.org/fhir/StructureDefinition/implementationguide-page","valueUri":"Observation-Assessment-SNF-Last3DStay-SelfCare-Ob-16.html"}],"reference":{"reference":"Observation/Assessment-SNF-Last3DStay-SelfCare-Ob-16"},"name":"Assessment-SNF-Last3DStay-SelfCare-Ob-16","exampleCanonical":"https://paciowg.github.io/functional-status-ig/StructureDefinition/pacio-fs","groupingId":"_ex_example"},{"extension":[{"url":"http://hl7.org/fhir/StructureDefinition/implementationguide-page","valueUri":"Observation-Assessment-SNF-Last3DStay-SelfCare-Ob-22.html"}],"reference":{"reference":"Observation/Assessment-SNF-Last3DStay-SelfCare-Ob-22"},"name":"Assessment-SNF-Last3DStay-SelfCare-Ob-22","exampleCanonical":"https://paciowg.github.io/functional-status-ig/StructureDefinition/pacio-fs","groupingId":"_ex_example"},{"extension":[{"url":"http://hl7.org/fhir/StructureDefinition/implementationguide-page","valueUri":"Observation-Assessment-SNF-Last3DStay-SelfCare-Ob-28.html"}],"reference":{"reference":"Observation/Assessment-SNF-Last3DStay-SelfCare-Ob-28"},"name":"Assessment-SNF-Last3DStay-SelfCare-Ob-28","exampleCanonical":"https://paciowg.github.io/functional-status-ig/StructureDefinition/pacio-fs","groupingId":"_ex_example"},{"extension":[{"url":"http://hl7.org/fhir/StructureDefinition/implementationguide-page","valueUri":"Observation-Assessment-SNF-Last3DStay-SelfCare-Ob-34.html"}],"reference":{"reference":"Observation/Assessment-SNF-Last3DStay-SelfCare-Ob-34"},"name":"Assessment-SNF-Last3DStay-SelfCare-Ob-34","exampleCanonical":"https://paciowg.github.io/functional-status-ig/StructureDefinition/pacio-fs","groupingId":"_ex_example"},{"extension":[{"url":"http://hl7.org/fhir/StructureDefinition/implementationguide-page","valueUri":"Observation-Assessment-SNF-Last3DStay-SelfCare-Ob-4.html"}],"reference":{"reference":"Observation/Assessment-SNF-Last3DStay-SelfCare-Ob-4"},"name":"Assessment-SNF-Last3DStay-SelfCare-Ob-4","exampleCanonical":"https://paciowg.github.io/functional-status-ig/StructureDefinition/pacio-fs","groupingId":"_ex_example"},{"extension":[{"url":"http://hl7.org/fhir/StructureDefinition/implementationguide-page","valueUri":"Observation-Assessment-SNF-Last3DStay-SelfCare-Ob-40.html"}],"reference":{"reference":"Observation/Assessment-SNF-Last3DStay-SelfCare-Ob-40"},"name":"Assessment-SNF-Last3DStay-SelfCare-Ob-40","exampleCanonical":"https://paciowg.github.io/functional-status-ig/StructureDefinition/pacio-fs","groupingId":"_ex_example"},{"extension":[{"url":"http://hl7.org/fhir/StructureDefinition/implementationguide-page","valueUri":"Organization-Org-01.html"}],"reference":{"reference":"Organization/Org-01"},"name":"Org-01","exampleBoolean":true,"groupingId":"_ex_example"},{"extension":[{"url":"http://hl7.org/fhir/StructureDefinition/implementationguide-page","valueUri":"Organization-Org-02.html"}],"reference":{"reference":"Organization/Org-02"},"name":"Org-02","exampleBoolean":true,"groupingId":"_ex_example"},{"extension":[{"url":"http://hl7.org/fhir/StructureDefinition/implementationguide-page","valueUri":"Organization-Org-03.html"}],"reference":{"reference":"Organization/Org-03"},"name":"Org-03","exampleBoolean":true,"groupingId":"_ex_example"},{"extension":[{"url":"http://hl7.org/fhir/StructureDefinition/implementationguide-page","valueUri":"Location-Org-Loc-01.html"}],"reference":{"reference":"Location/Org-Loc-01"},"name":"Org-Loc-01","exampleBoolean":true,"groupingId":"_ex_example"},{"extension":[{"url":"http://hl7.org/fhir/StructureDefinition/implementationguide-page","valueUri":"Location-Org-Loc-02.html"}],"reference":{"reference":"Location/Org-Loc-02"},"name":"Org-Loc-02","exampleBoolean":true,"groupingId":"_ex_example"},{"extension":[{"url":"http://hl7.org/fhir/StructureDefinition/implementationguide-page","valueUri":"Location-Org-Loc-03.html"}],"reference":{"reference":"Location/Org-Loc-03"},"name":"Org-Loc-03","exampleBoolean":true,"groupingId":"_ex_example"},{"extension":[{"url":"http://hl7.org/fhir/StructureDefinition/implementationguide-page","valueUri":"Practitioner-Practitioner-DanielGranger.html"}],"reference":{"reference":"Practitioner/Practitioner-DanielGranger"},"name":"Practitioner-DanielGranger","exampleBoolean":true,"groupingId":"_ex_example"},{"extension":[{"url":"http://hl7.org/fhir/StructureDefinition/implementationguide-page","valueUri":"Practitioner-Practitioner-HoneyJones.html"}],"reference":{"reference":"Practitioner/Practitioner-HoneyJones"},"name":"Practitioner-HoneyJones","exampleBoolean":true,"groupingId":"_ex_example"},{"extension":[{"url":"http://hl7.org/fhir/StructureDefinition/implementationguide-page","valueUri":"Practitioner-Practitioner-JenCadbury.html"}],"reference":{"reference":"Practitioner/Practitioner-JenCadbury"},"name":"Practitioner-JenCadbury","exampleBoolean":true,"groupingId":"_ex_example"},{"extension":[{"url":"http://hl7.org/fhir/StructureDefinition/implementationguide-page","valueUri":"Practitioner-Practitioner-JennyGlass.html"}],"reference":{"reference":"Practitioner/Practitioner-JennyGlass"},"name":"Practitioner-JennyGlass","exampleBoolean":true,"groupingId":"_ex_example"},{"extension":[{"url":"http://hl7.org/fhir/StructureDefinition/implementationguide-page","valueUri":"Practitioner-Practitioner-LunaBaskins.html"}],"reference":{"reference":"Practitioner/Practitioner-LunaBaskins"},"name":"Practitioner-LunaBaskins","exampleBoolean":true,"groupingId":"_ex_example"},{"extension":[{"url":"http://hl7.org/fhir/StructureDefinition/implementationguide-page","valueUri":"Practitioner-Practitioner-RonBurgendy.html"}],"reference":{"reference":"Practitioner/Practitioner-RonBurgendy"},"name":"Practitioner-RonBurgendy","exampleBoolean":true,"groupingId":"_ex_example"},{"extension":[{"url":"http://hl7.org/fhir/StructureDefinition/implementationguide-page","valueUri":"Practitioner-Practitioner-RonMarble.html"}],"reference":{"reference":"Practitioner/Practitioner-RonMarble"},"name":"Practitioner-RonMarble","exampleBoolean":true,"groupingId":"_ex_example"},{"extension":[{"url":"http://hl7.org/fhir/StructureDefinition/implementationguide-page","valueUri":"Practitioner-Practitioner-SallySmith.html"}],"reference":{"reference":"Practitioner/Practitioner-SallySmith"},"name":"Practitioner-SallySmith","exampleBoolean":true,"groupingId":"_ex_example"},{"extension":[{"url":"http://hl7.org/fhir/StructureDefinition/implementationguide-page","valueUri":"Practitioner-Practitioner-ScottDumble.html"}],"reference":{"reference":"Practitioner/Practitioner-ScottDumble"},"name":"Practitioner-ScottDumble","exampleBoolean":true,"groupingId":"_ex_example"},{"extension":[{"url":"http://hl7.org/fhir/StructureDefinition/implementationguide-page","valueUri":"QuestionnaireResponse-QResponse-HHDischarge-SelfCare.html"}],"reference":{"reference":"QuestionnaireResponse/QResponse-HHDischarge-SelfCare"},"name":"QResponse-HHDischarge-SelfCare","exampleCanonical":"https://paciowg.github.io/functional-status-ig/StructureDefinition/pacio-functional-qr","groupingId":"_ex_example"},{"extension":[{"url":"http://hl7.org/fhir/StructureDefinition/implementationguide-page","valueUri":"QuestionnaireResponse-QResponse-HHStart-SelfCare.html"}],"reference":{"reference":"QuestionnaireResponse/QResponse-HHStart-SelfCare"},"name":"QResponse-HHStart-SelfCare","exampleCanonical":"https://paciowg.github.io/functional-status-ig/StructureDefinition/pacio-functional-qr","groupingId":"_ex_example"},{"extension":[{"url":"http://hl7.org/fhir/StructureDefinition/implementationguide-page","valueUri":"QuestionnaireResponse-QResponse-Hosp-Admission-SelfCare.html"}],"reference":{"reference":"QuestionnaireResponse/QResponse-Hosp-Admission-SelfCare"},"name":"QResponse-Hosp-Admission-SelfCare","exampleCanonical":"https://paciowg.github.io/functional-status-ig/StructureDefinition/pacio-functional-qr","groupingId":"_ex_example"},{"extension":[{"url":"http://hl7.org/fhir/StructureDefinition/implementationguide-page","valueUri":"QuestionnaireResponse-QResponse-Hosp-DischargeGoal-SelfCare.html"}],"reference":{"reference":"QuestionnaireResponse/QResponse-Hosp-DischargeGoal-SelfCare"},"name":"QResponse-Hosp-DischargeGoal-SelfCare","exampleCanonical":"https://paciowg.github.io/functional-status-ig/StructureDefinition/pacio-functional-qr","groupingId":"_ex_example"},{"extension":[{"url":"http://hl7.org/fhir/StructureDefinition/implementationguide-page","valueUri":"QuestionnaireResponse-QResponse-Hosp-Last3DStay-SelfCare.html"}],"reference":{"reference":"QuestionnaireResponse/QResponse-Hosp-Last3DStay-SelfCare"},"name":"QResponse-Hosp-Last3DStay-SelfCare","exampleCanonical":"https://paciowg.github.io/functional-status-ig/StructureDefinition/pacio-functional-qr","groupingId":"_ex_example"},{"extension":[{"url":"http://hl7.org/fhir/StructureDefinition/implementationguide-page","valueUri":"QuestionnaireResponse-QResponse-SNF-Admission-SelfCare.html"}],"reference":{"reference":"QuestionnaireResponse/QResponse-SNF-Admission-SelfCare"},"name":"QResponse-SNF-Admission-SelfCare","exampleCanonical":"https://paciowg.github.io/functional-status-ig/StructureDefinition/pacio-functional-qr","groupingId":"_ex_example"},{"extension":[{"url":"http://hl7.org/fhir/StructureDefinition/implementationguide-page","valueUri":"QuestionnaireResponse-QResponse-SNF-Last3DStay-SelfCare.html"}],"reference":{"reference":"QuestionnaireResponse/QResponse-SNF-Last3DStay-SelfCare"},"name":"QResponse-SNF-Last3DStay-SelfCare","exampleCanonical":"https://paciowg.github.io/functional-status-ig/StructureDefinition/pacio-functional-qr","groupingId":"_ex_example"},{"extension":[{"url":"http://hl7.org/fhir/StructureDefinition/implementationguide-page","valueUri":"PractitionerRole-Role-PT.html"}],"reference":{"reference":"PractitionerRole/Role-PT"},"name":"Role-PT","exampleBoolean":true,"groupingId":"_ex_example"},{"extension":[{"url":"http://hl7.org/fhir/StructureDefinition/implementationguide-page","valueUri":"PractitionerRole-Role-RN.html"}],"reference":{"reference":"PractitionerRole/Role-RN"},"name":"Role-RN","exampleBoolean":true,"groupingId":"_ex_example"},{"extension":[{"url":"http://hl7.org/fhir/StructureDefinition/implementationguide-page","valueUri":"Device-cms-device-01.html"}],"reference":{"reference":"Device/cms-device-01"},"name":"cms-device-01","exampleBoolean":true,"groupingId":"_ex_example"},{"extension":[{"url":"http://hl7.org/fhir/StructureDefinition/implementationguide-page","valueUri":"DeviceUseStatement-cms-deviceUse-01.html"}],"reference":{"reference":"DeviceUseStatement/cms-deviceUse-01"},"name":"cms-deviceUse-01","exampleCanonical":"https://paciowg.github.io/functional-status-ig/StructureDefinition/pacio-dev","groupingId":"_ex_example"},{"extension":[{"url":"http://hl7.org/fhir/StructureDefinition/implementationguide-page","valueUri":"Patient-patientBSJ1.html"}],"reference":{"reference":"Patient/patientBSJ1"},"name":"patientBSJ1","exampleBoolean":true,"groupingId":"_ex_example"},{"extension":[{"url":"http://hl7.org/fhir/StructureDefinition/implementationguide-page","valueUri":"CapabilityStatement-pacio-cs.html"}],"reference":{"reference":"CapabilityStatement/pacio-cs"},"name":"PACIO functional Status Capability Statement","description":"This Capability Statement defines the expected capabilities of a PACIO functional Status FHIR server conforming to the PACIO functional Status Implementation Guide.","exampleBoolean":false,"groupingId":"_dyn_capabilitystatement"}],"page":{"nameUrl":"toc.html","title":"Table of Contents","generation":"html","page":[{"nameUrl":"index.html","title":"Home","generation":"markdown"},{"nameUrl":"functional_status_use_case.html","title":"Functional Status Use Case","generation":"markdown"},{"nameUrl":"profile_highlights_and_guidance.html","title":"Profile Highlights and Guidance","generation":"markdown"},{"nameUrl":"security_and_data_sharing.html","title":"Security and Data Sharing","generation":"markdown"},{"nameUrl":"underlying_technologies.html","title":"Underlying Technologies","generation":"markdown"},{"nameUrl":"artifacts.html","title":"Artifacts Summary","generation":"html","page":[{"nameUrl":"CapabilityStatement-pacio-cs.html","title":"PACIO functional Status Capability Statement","generation":"generated"},{"nameUrl":"StructureDefinition-pacio-bfs.html","title":"Bundled Functional Status","generation":"generated"},{"nameUrl":"StructureDefinition-pacio-fs.html","title":"Functional Status","generation":"generated"},{"nameUrl":"StructureDefinition-pacio-functional-qr.html","title":"PACIO Questionaire Response","generation":"generated"},{"nameUrl":"StructureDefinition-pacio-plf.html","title":"Prior Level Of Function","generation":"generated"},{"nameUrl":"StructureDefinition-pacio-dev.html","title":"UseOfDevice","generation":"generated"},{"nameUrl":"StructureDefinition-assistance-required.html","title":"AssistanceRequired","generation":"generated"},{"nameUrl":"StructureDefinition-device-patient-used.html","title":"DevicePatientUsed","generation":"generated"},{"nameUrl":"Observation-Assessment-HHDischarge-SelfCare.html","title":"Assessment-HHDischarge-SelfCare","generation":"generated"},{"nameUrl":"Observation-Assessment-HHDischarge-SelfCare-Ob-12.html","title":"Assessment-HHDischarge-SelfCare-Ob-12","generation":"generated"},{"nameUrl":"Observation-Assessment-HHDischarge-SelfCare-Ob-18.html","title":"Assessment-HHDischarge-SelfCare-Ob-18","generation":"generated"},{"nameUrl":"Observation-Assessment-HHDischarge-SelfCare-Ob-24.html","title":"Assessment-HHDischarge-SelfCare-Ob-24","generation":"generated"},{"nameUrl":"Observation-Assessment-HHDischarge-SelfCare-Ob-30.html","title":"Assessment-HHDischarge-SelfCare-Ob-30","generation":"generated"},{"nameUrl":"Observation-Assessment-HHDischarge-SelfCare-Ob-36.html","title":"Assessment-HHDischarge-SelfCare-Ob-36","generation":"generated"},{"nameUrl":"Observation-Assessment-HHDischarge-SelfCare-Ob-42.html","title":"Assessment-HHDischarge-SelfCare-Ob-42","generation":"generated"},{"nameUrl":"Observation-Assessment-HHDischarge-SelfCare-Ob-6.html","title":"Assessment-HHDischarge-SelfCare-Ob-6","generation":"generated"},{"nameUrl":"Observation-Assessment-HHStart-SelfCare.html","title":"Assessment-HHStart-SelfCare","generation":"generated"},{"nameUrl":"Observation-Assessment-HHStart-SelfCare-Ob-11.html","title":"Assessment-HHStart-SelfCare-Ob-11","generation":"generated"},{"nameUrl":"Observation-Assessment-HHStart-SelfCare-Ob-17.html","title":"Assessment-HHStart-SelfCare-Ob-17","generation":"generated"},{"nameUrl":"Observation-Assessment-HHStart-SelfCare-Ob-23.html","title":"Assessment-HHStart-SelfCare-Ob-23","generation":"generated"},{"nameUrl":"Observation-Assessment-HHStart-SelfCare-Ob-29.html","title":"Assessment-HHStart-SelfCare-Ob-29","generation":"generated"},{"nameUrl":"Observation-Assessment-HHStart-SelfCare-Ob-35.html","title":"Assessment-HHStart-SelfCare-Ob-35","generation":"generated"},{"nameUrl":"Observation-Assessment-HHStart-SelfCare-Ob-41.html","title":"Assessment-HHStart-SelfCare-Ob-41","generation":"generated"},{"nameUrl":"Observation-Assessment-HHStart-SelfCare-Ob-5.html","title":"Assessment-HHStart-SelfCare-Ob-5","generation":"generated"},{"nameUrl":"Observation-Assessment-Hosp-Admission-SelfCare.html","title":"Assessment-Hosp-Admission-SelfCare","generation":"generated"},{"nameUrl":"Observation-Assessment-Hosp-Admission-SelfCare-Ob-1.html","title":"Assessment-Hosp-Admission-SelfCare-Ob-1","generation":"generated"},{"nameUrl":"Observation-Assessment-Hosp-Admission-SelfCare-Ob-13.html","title":"Assessment-Hosp-Admission-SelfCare-Ob-13","generation":"generated"},{"nameUrl":"Observation-Assessment-Hosp-Admission-SelfCare-Ob-19.html","title":"Assessment-Hosp-Admission-SelfCare-Ob-19","generation":"generated"},{"nameUrl":"Observation-Assessment-Hosp-Admission-SelfCare-Ob-25.html","title":"Assessment-Hosp-Admission-SelfCare-Ob-25","generation":"generated"},{"nameUrl":"Observation-Assessment-Hosp-Admission-SelfCare-Ob-31.html","title":"Assessment-Hosp-Admission-SelfCare-Ob-31","generation":"generated"},{"nameUrl":"Observation-Assessment-Hosp-Admission-SelfCare-Ob-37.html","title":"Assessment-Hosp-Admission-SelfCare-Ob-37","generation":"generated"},{"nameUrl":"Observation-Assessment-Hosp-Admission-SelfCare-Ob-7.html","title":"Assessment-Hosp-Admission-SelfCare-Ob-7","generation":"generated"},{"nameUrl":"Observation-Assessment-Hosp-DischargeGoal-SelfCare.html","title":"Assessment-Hosp-DischargeGoal-SelfCare","generation":"generated"},{"nameUrl":"Observation-Assessment-Hosp-DischargeGoal-SelfCare-Ob-43.html","title":"Assessment-Hosp-DischargeGoal-SelfCare-Ob-43","generation":"generated"},{"nameUrl":"Observation-Assessment-Hosp-DischargeGoal-SelfCare-Ob-44.html","title":"Assessment-Hosp-DischargeGoal-SelfCare-Ob-44","generation":"generated"},{"nameUrl":"Observation-Assessment-Hosp-DischargeGoal-SelfCare-Ob-45.html","title":"Assessment-Hosp-DischargeGoal-SelfCare-Ob-45","generation":"generated"},{"nameUrl":"Observation-Assessment-Hosp-DischargeGoal-SelfCare-Ob-46.html","title":"Assessment-Hosp-DischargeGoal-SelfCare-Ob-46","generation":"generated"},{"nameUrl":"Observation-Assessment-Hosp-DischargeGoal-SelfCare-Ob-47.html","title":"Assessment-Hosp-DischargeGoal-SelfCare-Ob-47","generation":"generated"},{"nameUrl":"Observation-Assessment-Hosp-DischargeGoal-SelfCare-Ob-48.html","title":"Assessment-Hosp-DischargeGoal-SelfCare-Ob-48","generation":"generated"},{"nameUrl":"Observation-Assessment-Hosp-DischargeGoal-SelfCare-Ob-49.html","title":"Assessment-Hosp-DischargeGoal-SelfCare-Ob-49","generation":"generated"},{"nameUrl":"Observation-Assessment-Hosp-Last3DStay-SelfCare.html","title":"Assessment-Hosp-Last3DStay-SelfCare","generation":"generated"},{"nameUrl":"Observation-Assessment-Hosp-Last3DStay-SelfCare-Ob-14.html","title":"Assessment-Hosp-Last3DStay-SelfCare-Ob-14","generation":"generated"},{"nameUrl":"Observation-Assessment-Hosp-Last3DStay-SelfCare-Ob-2.html","title":"Assessment-Hosp-Last3DStay-SelfCare-Ob-2","generation":"generated"},{"nameUrl":"Observation-Assessment-Hosp-Last3DStay-SelfCare-Ob-20.html","title":"Assessment-Hosp-Last3DStay-SelfCare-Ob-20","generation":"generated"},{"nameUrl":"Observation-Assessment-Hosp-Last3DStay-SelfCare-Ob-26.html","title":"Assessment-Hosp-Last3DStay-SelfCare-Ob-26","generation":"generated"},{"nameUrl":"Observation-Assessment-Hosp-Last3DStay-SelfCare-Ob-32.html","title":"Assessment-Hosp-Last3DStay-SelfCare-Ob-32","generation":"generated"},{"nameUrl":"Observation-Assessment-Hosp-Last3DStay-SelfCare-Ob-38.html","title":"Assessment-Hosp-Last3DStay-SelfCare-Ob-38","generation":"generated"},{"nameUrl":"Observation-Assessment-Hosp-Last3DStay-SelfCare-Ob-8.html","title":"Assessment-Hosp-Last3DStay-SelfCare-Ob-8","generation":"generated"},{"nameUrl":"Observation-Assessment-SNF-Admission-SelfCare.html","title":"Assessment-SNF-Admission-SelfCare","generation":"generated"},{"nameUrl":"Observation-Assessment-SNF-Admission-SelfCare-Ob-15.html","title":"Assessment-SNF-Admission-SelfCare-Ob-15","generation":"generated"},{"nameUrl":"Observation-Assessment-SNF-Admission-SelfCare-Ob-21.html","title":"Assessment-SNF-Admission-SelfCare-Ob-21","generation":"generated"},{"nameUrl":"Observation-Assessment-SNF-Admission-SelfCare-Ob-27.html","title":"Assessment-SNF-Admission-SelfCare-Ob-27","generation":"generated"},{"nameUrl":"Observation-Assessment-SNF-Admission-SelfCare-Ob-3.html","title":"Assessment-SNF-Admission-SelfCare-Ob-3","generation":"generated"},{"nameUrl":"Observation-Assessment-SNF-Admission-SelfCare-Ob-33.html","title":"Assessment-SNF-Admission-SelfCare-Ob-33","generation":"generated"},{"nameUrl":"Observation-Assessment-SNF-Admission-SelfCare-Ob-39.html","title":"Assessment-SNF-Admission-SelfCare-Ob-39","generation":"generated"},{"nameUrl":"Observation-Assessment-SNF-Admission-SelfCare-Ob-9.html","title":"Assessment-SNF-Admission-SelfCare-Ob-9","generation":"generated"},{"nameUrl":"Observation-Assessment-SNF-Last3DStay-SelfCare.html","title":"Assessment-SNF-Last3DStay-SelfCare","generation":"generated"},{"nameUrl":"Observation-Assessment-SNF-Last3DStay-SelfCare-Ob-10.html","title":"Assessment-SNF-Last3DStay-SelfCare-Ob-10","generation":"generated"},{"nameUrl":"Observation-Assessment-SNF-Last3DStay-SelfCare-Ob-16.html","title":"Assessment-SNF-Last3DStay-SelfCare-Ob-16","generation":"generated"},{"nameUrl":"Observation-Assessment-SNF-Last3DStay-SelfCare-Ob-22.html","title":"Assessment-SNF-Last3DStay-SelfCare-Ob-22","generation":"generated"},{"nameUrl":"Observation-Assessment-SNF-Last3DStay-SelfCare-Ob-28.html","title":"Assessment-SNF-Last3DStay-SelfCare-Ob-28","generation":"generated"},{"nameUrl":"Observation-Assessment-SNF-Last3DStay-SelfCare-Ob-34.html","title":"Assessment-SNF-Last3DStay-SelfCare-Ob-34","generation":"generated"},{"nameUrl":"Observation-Assessment-SNF-Last3DStay-SelfCare-Ob-4.html","title":"Assessment-SNF-Last3DStay-SelfCare-Ob-4","generation":"generated"},{"nameUrl":"Observation-Assessment-SNF-Last3DStay-SelfCare-Ob-40.html","title":"Assessment-SNF-Last3DStay-SelfCare-Ob-40","generation":"generated"},{"nameUrl":"Organization-Org-01.html","title":"Org-01","generation":"generated"},{"nameUrl":"Organization-Org-02.html","title":"Org-02","generation":"generated"},{"nameUrl":"Organization-Org-03.html","title":"Org-03","generation":"generated"},{"nameUrl":"Location-Org-Loc-01.html","title":"Org-Loc-01","generation":"generated"},{"nameUrl":"Location-Org-Loc-02.html","title":"Org-Loc-02","generation":"generated"},{"nameUrl":"Location-Org-Loc-03.html","title":"Org-Loc-03","generation":"generated"},{"nameUrl":"Practitioner-Practitioner-DanielGranger.html","title":"Practitioner-DanielGranger","generation":"generated"},{"nameUrl":"Practitioner-Practitioner-HoneyJones.html","title":"Practitioner-HoneyJones","generation":"generated"},{"nameUrl":"Practitioner-Practitioner-JenCadbury.html","title":"Practitioner-JenCadbury","generation":"generated"},{"nameUrl":"Practitioner-Practitioner-JennyGlass.html","title":"Practitioner-JennyGlass","generation":"generated"},{"nameUrl":"Practitioner-Practitioner-LunaBaskins.html","title":"Practitioner-LunaBaskins","generation":"generated"},{"nameUrl":"Practitioner-Practitioner-RonBurgendy.html","title":"Practitioner-RonBurgendy","generation":"generated"},{"nameUrl":"Practitioner-Practitioner-RonMarble.html","title":"Practitioner-RonMarble","generation":"generated"},{"nameUrl":"Practitioner-Practitioner-SallySmith.html","title":"Practitioner-SallySmith","generation":"generated"},{"nameUrl":"Practitioner-Practitioner-ScottDumble.html","title":"Practitioner-ScottDumble","generation":"generated"},{"nameUrl":"QuestionnaireResponse-QResponse-HHDischarge-SelfCare.html","title":"QResponse-HHDischarge-SelfCare","generation":"generated"},{"nameUrl":"QuestionnaireResponse-QResponse-HHStart-SelfCare.html","title":"QResponse-HHStart-SelfCare","generation":"generated"},{"nameUrl":"QuestionnaireResponse-QResponse-Hosp-Admission-SelfCare.html","title":"QResponse-Hosp-Admission-SelfCare","generation":"generated"},{"nameUrl":"QuestionnaireResponse-QResponse-Hosp-DischargeGoal-SelfCare.html","title":"QResponse-Hosp-DischargeGoal-SelfCare","generation":"generated"},{"nameUrl":"QuestionnaireResponse-QResponse-Hosp-Last3DStay-SelfCare.html","title":"QResponse-Hosp-Last3DStay-SelfCare","generation":"generated"},{"nameUrl":"QuestionnaireResponse-QResponse-SNF-Admission-SelfCare.html","title":"QResponse-SNF-Admission-SelfCare","generation":"generated"},{"nameUrl":"QuestionnaireResponse-QResponse-SNF-Last3DStay-SelfCare.html","title":"QResponse-SNF-Last3DStay-SelfCare","generation":"generated"},{"nameUrl":"PractitionerRole-Role-PT.html","title":"Role-PT","generation":"generated"},{"nameUrl":"PractitionerRole-Role-RN.html","title":"Role-RN","generation":"generated"},{"nameUrl":"Device-cms-device-01.html","title":"cms-device-01","generation":"generated"},{"nameUrl":"DeviceUseStatement-cms-deviceUse-01.html","title":"cms-deviceUse-01","generation":"generated"},{"nameUrl":"Patient-patientBSJ1.html","title":"patientBSJ1","generation":"generated"}]}]},"parameter":[{"code":"path-resource","value":"input/capabilities"},{"code":"path-resource","value":"input/examples"},{"code":"path-resource","value":"input/extensions"},{"code":"path-resource","value":"input/models"},{"code":"path-resource","value":"input/operations"},{"code":"path-resource","value":"input/profiles"},{"code":"path-resource","value":"input/resources"},{"code":"path-resource","value":"input/vocabulary"},{"code":"path-pages","value":"template/config"},{"code":"path-pages","value":"input/images"},{"code":"path-tx-cache","value":"input-cache/txcache"}]}}