<?xml version="1.0" encoding="UTF-8"?>

<DeviceUseStatement xmlns="http://hl7.org/fhir">
  <id value="BFS-SNF-Admission-Mobility-1-UseOfDevice-16"/>
  <meta>
    <profile value="http://paciowg.github.io/functional-status-ig/StructureDefinition/pacio-dev"/>
  </meta>
  <text>
    <status value="generated"/><div xmlns="http://www.w3.org/1999/xhtml"><p><b>Generated Narrative</b></p><p><b>status</b>: active</p><p><b>subject</b>: <a href="Patient-patientBSJ1.html">Generated Summary: Betsy Smith-Johnson </a></p><p><b>derivedFrom</b>: <a href="Observation-BFS-SNF-Admission-Mobility-1.html">Generated Summary: <span title="Codes: {http://terminology.hl7.org/CodeSystem/observation-category survey}">Survey</span>; <span title="Codes: {http://loinc.org 88330-6}">Mobility - admission performance during 3 day assessment period [CMS Assessment]</span>; effective: Jul 11, 2020, 2:32:00 PM</a></p><p><b>recordedOn</b>: Jul 11, 2020, 2:32:00 PM</p><p><b>source</b>: <a href="Practitioner-Practitioner-JenCadbury.html">Generated Summary: active; Jen Cadbury ; gender: female</a></p><p><b>device</b>: <a href="Device-CMS-Device-7.html">Generated Summary: <span title="Codes: {http://snomed.info/sct 58938008}">WC - Wheelchair</span></a></p></div>
  </text>
  <status value="active"/>
  <subject>
    <reference value="Patient/patientBSJ1"/>
  </subject>
  <derivedFrom>
    <reference value="Observation/BFS-SNF-Admission-Mobility-1"/>
  </derivedFrom>
  <recordedOn value="2020-07-11T16:32:00-05:00"/>
  <source>
    <reference value="Practitioner/Practitioner-JenCadbury"/>
  </source>
  <device>
    <reference value="Device/CMS-Device-7"/>
  </device>
</DeviceUseStatement>