<?xml version="1.0" encoding="UTF-8"?>

<Observation xmlns="http://hl7.org/fhir">
  <id value="FSC-HH-Discharge-Mobility-SelfCare-1"/>
  <meta>
    <profile value="http://paciowg.github.io/functional-status-ig/StructureDefinition/pacio-fsc"/>
  </meta>
  <text>
    <status value="extensions"/><div xmlns="http://www.w3.org/1999/xhtml"><p><b>Generated Narrative</b></p><p><b>ObservationEventLocation</b>: <a href="Location-Org-Loc-03.html">Generated Summary: status: active; name: Sky Harbor Home Health Services</a></p><p></p><p><b>category</b>: <span title="Codes: {http://paciowg.github.io/cognitive-status-ig/CodeSystem/pacio-cat-cs functioning}">Functioning</span>, <span title="Codes: {http://terminology.hl7.org/CodeSystem/observation-category survey}">Survey</span></p><p><b>code</b>: <span title="Codes: {http://loinc.org 89475-8}">OASIS D - Self-care - discharge performance during assessment period [CMS Assessment]</span></p><p><b>subject</b>: <a href="Patient-patientBSJ1.html">Generated Summary: Betsy Smith-Johnson </a></p><p><b>effective</b>: Aug 30, 2020, 12:00:00 PM</p><p><b>performer</b>: <a href="PractitionerRole-Role-PT-ScottDumble.html">Generated Summary: active; <span title="Codes: {http://snomed.info/sct 36682004}">Physiotherapist</span></a></p><p><b>hasMember</b>: </p><ul><li><a href="Observation-FSC-HH-Discharge-Mobility-SelfCare-1-Ob-Question-37.html">Generated Summary: <span title="Codes: {http://paciowg.github.io/cognitive-status-ig/CodeSystem/pacio-cat-cs functioning}">Functioning</span>, <span title="Codes: {http://terminology.hl7.org/CodeSystem/observation-category survey}">Survey</span>; <span title="Codes: {http://loinc.org 89410-5}">Eating</span>; effective: Aug 30, 2020, 12:00:00 PM; <span title="Codes: {http://loinc.org LA9983-3}">Independent</span></a></li><li><a href="Observation-FSC-HH-Discharge-Mobility-SelfCare-1-Ob-Question-39.html">Generated Summary: <span title="Codes: {http://paciowg.github.io/cognitive-status-ig/CodeSystem/pacio-cat-cs functioning}">Functioning</span>, <span title="Codes: {http://terminology.hl7.org/CodeSystem/observation-category survey}">Survey</span>; <span title="Codes: {http://loinc.org 89405-5}">Oral hygiene</span>; effective: Aug 30, 2020, 12:00:00 PM; <span title="Codes: {http://loinc.org LA9983-3}">Independent</span></a></li><li><a href="Observation-FSC-HH-Discharge-Mobility-SelfCare-1-Ob-Question-41.html">Generated Summary: <span title="Codes: {http://paciowg.github.io/cognitive-status-ig/CodeSystem/pacio-cat-cs functioning}">Functioning</span>, <span title="Codes: {http://terminology.hl7.org/CodeSystem/observation-category survey}">Survey</span>; <span title="Codes: {http://loinc.org 57245-3}">Toileting hygiene</span>; effective: Aug 30, 2020, 12:00:00 PM; <span title="Codes: {http://loinc.org LA9983-3}">Independent</span></a></li><li><a href="Observation-FSC-HH-Discharge-Mobility-SelfCare-1-Ob-Question-43.html">Generated Summary: <span title="Codes: {http://paciowg.github.io/cognitive-status-ig/CodeSystem/pacio-cat-cs functioning}">Functioning</span>, <span title="Codes: {http://terminology.hl7.org/CodeSystem/observation-category survey}">Survey</span>; <span title="Codes: {http://loinc.org 89397-4}">Shower/bathe self</span>; effective: Aug 30, 2020, 12:00:00 PM; <span title="Codes: {http://loinc.org LA9983-3}">Independent</span></a></li><li><a href="Observation-FSC-HH-Discharge-Mobility-SelfCare-1-Ob-Question-45.html">Generated Summary: <span title="Codes: {http://paciowg.github.io/cognitive-status-ig/CodeSystem/pacio-cat-cs functioning}">Functioning</span>, <span title="Codes: {http://terminology.hl7.org/CodeSystem/observation-category survey}">Survey</span>; <span title="Codes: {http://loinc.org 89388-3}">Upper body dressing</span>; effective: Aug 30, 2020, 12:00:00 PM; <span title="Codes: {http://loinc.org LA9983-3}">Independent</span></a></li><li><a href="Observation-FSC-HH-Discharge-Mobility-SelfCare-1-Ob-Question-47.html">Generated Summary: <span title="Codes: {http://paciowg.github.io/cognitive-status-ig/CodeSystem/pacio-cat-cs functioning}">Functioning</span>, <span title="Codes: {http://terminology.hl7.org/CodeSystem/observation-category survey}">Survey</span>; <span title="Codes: {http://loinc.org 89407-1}">Lower body dressing</span>; effective: Aug 30, 2020, 12:00:00 PM; <span title="Codes: {http://loinc.org LA9983-3}">Independent</span></a></li><li><a href="Observation-FSC-HH-Discharge-Mobility-SelfCare-1-Ob-Question-49.html">Generated Summary: <span title="Codes: {http://paciowg.github.io/cognitive-status-ig/CodeSystem/pacio-cat-cs functioning}">Functioning</span>, <span title="Codes: {http://terminology.hl7.org/CodeSystem/observation-category survey}">Survey</span>; <span title="Codes: {http://loinc.org 89401-4}">Putting on and taking off footwear</span>; effective: Aug 30, 2020, 12:00:00 PM; <span title="Codes: {http://loinc.org LA9983-3}">Independent</span></a></li></ul><p><b>derivedFrom</b>: <a href="QuestionnaireResponse-QResponse-HH-Discharge-Mobility-SelfCare-1.html">Questionnaire Response. Generated Summary: questionnaire: https://api.logicahealth.org/PACIO/open/Questionnaire/MDS3.0-NC-1.17; status: completed; authored: Aug 30, 2020, 12:00:00 PM</a></p></div>
  </text>
  <extension url="http://paciowg.github.io/functional-status-ig/StructureDefinition/event-location">
    <valueReference>
      <reference value="Location/Org-Loc-03"/>
    </valueReference>
  </extension>
  <status value="final"/>
  <category>
    <coding>
      <system value="http://paciowg.github.io/cognitive-status-ig/CodeSystem/pacio-cat-cs"/>
      <code value="functioning"/>
      <display value="Functioning"/>
    </coding>
  </category>
  <category>
    <coding>
      <system value="http://terminology.hl7.org/CodeSystem/observation-category"/>
      <code value="survey"/>
      <display value="Survey"/>
    </coding>
  </category>
  <code>
    <coding>
      <system value="http://loinc.org"/>
      <code value="89475-8"/>
      <display value="OASIS D - Self-care - discharge performance during assessment period [CMS Assessment]"/>
    </coding>
  </code>
  <subject>
    <reference value="Patient/patientBSJ1"/>
  </subject>
  <effectiveDateTime value="2020-08-30T14:00:00-05:00"/>
  <performer>
    <reference value="PractitionerRole/Role-PT-ScottDumble"/>
  </performer>
  <hasMember>
    <reference value="Observation/FSC-HH-Discharge-Mobility-SelfCare-1-Ob-Question-37"/>
  </hasMember>
  <hasMember>
    <reference value="Observation/FSC-HH-Discharge-Mobility-SelfCare-1-Ob-Question-39"/>
  </hasMember>
  <hasMember>
    <reference value="Observation/FSC-HH-Discharge-Mobility-SelfCare-1-Ob-Question-41"/>
  </hasMember>
  <hasMember>
    <reference value="Observation/FSC-HH-Discharge-Mobility-SelfCare-1-Ob-Question-43"/>
  </hasMember>
  <hasMember>
    <reference value="Observation/FSC-HH-Discharge-Mobility-SelfCare-1-Ob-Question-45"/>
  </hasMember>
  <hasMember>
    <reference value="Observation/FSC-HH-Discharge-Mobility-SelfCare-1-Ob-Question-47"/>
  </hasMember>
  <hasMember>
    <reference value="Observation/FSC-HH-Discharge-Mobility-SelfCare-1-Ob-Question-49"/>
  </hasMember>
  <derivedFrom>
    <reference value="QuestionnaireResponse/QResponse-HH-Discharge-Mobility-SelfCare-1"/>
    <display value="Questionnaire Response"/>
  </derivedFrom>
</Observation>