{"resourceType":"ImplementationGuide","id":"hl7.fhir.us.pacio-fs","text":{"status":"extensions","div":"<div xmlns=\"http://www.w3.org/1999/xhtml\"><h2>PACIOFunctionalStatusImplementationGuide</h2><p>The official URL for this implementation guide is: </p><pre>http://paciowg.github.io/functional-status-ig/ImplementationGuide/hl7.fhir.us.pacio-fs</pre><div><p>To advance interoperable health data exchange between post-acute care (PAC) and other providers, patients, and key stakeholders</p>\n</div></div>"},"url":"http://paciowg.github.io/functional-status-ig/ImplementationGuide/hl7.fhir.us.pacio-fs","version":"0.1.0","name":"PACIOFunctionalStatusImplementationGuide","title":"PACIO Functional Status Implementation Guide","status":"active","date":"2021-09-15T21:20:17-07:00","contact":[{"name":"PACIO project","telecom":[{"system":"url","value":"http://www.hl7.org/Special/committees/patientcare/"},{"system":"email","value":"info@pacioproject.org"}]}],"description":"To advance interoperable health data exchange between post-acute care (PAC) and other providers, patients, and key stakeholders","jurisdiction":[{"coding":[{"system":"urn:iso:std:iso:3166","code":"US"}]}],"packageId":"hl7.fhir.us.pacio-fs","license":"CC0-1.0","fhirVersion":["4.0.1"],"dependsOn":[{"id":"hl7_fhir_us_core","uri":"http://hl7.org/fhir/us/core/ImplementationGuide/hl7.fhir.us.core","packageId":"hl7.fhir.us.core","version":"3.1.1"}],"definition":{"extension":[{"extension":[{"url":"code","valueString":"copyrightyear"},{"url":"value","valueString":"2020+"}],"url":"http://hl7.org/fhir/tools/StructureDefinition/ig-parameter"},{"extension":[{"url":"code","valueString":"releaselabel"},{"url":"value","valueString":"CI Build"}],"url":"http://hl7.org/fhir/tools/StructureDefinition/ig-parameter"},{"extension":[{"url":"code","valueString":"show-inherited-invariants"},{"url":"value","valueString":"false"}],"url":"http://hl7.org/fhir/tools/StructureDefinition/ig-parameter"},{"extension":[{"url":"code","valueString":"path-liquid"},{"url":"value","valueString":"template/liquid"}],"url":"http://hl7.org/fhir/tools/StructureDefinition/ig-parameter"},{"extension":[{"url":"code","valueString":"path-liquid"},{"url":"value","valueString":"input/liquid"}],"url":"http://hl7.org/fhir/tools/StructureDefinition/ig-parameter"},{"extension":[{"url":"code","valueString":"path-qa"},{"url":"value","valueString":"temp/qa"}],"url":"http://hl7.org/fhir/tools/StructureDefinition/ig-parameter"},{"extension":[{"url":"code","valueString":"path-temp"},{"url":"value","valueString":"temp/pages"}],"url":"http://hl7.org/fhir/tools/StructureDefinition/ig-parameter"},{"extension":[{"url":"code","valueString":"path-output"},{"url":"value","valueString":"output"}],"url":"http://hl7.org/fhir/tools/StructureDefinition/ig-parameter"},{"extension":[{"url":"code","valueString":"path-suppressed-warnings"},{"url":"value","valueString":"input/ignoreWarnings.txt"}],"url":"http://hl7.org/fhir/tools/StructureDefinition/ig-parameter"},{"extension":[{"url":"code","valueString":"path-history"},{"url":"value","valueString":"http://paciowg.github.io/functional-status-ig/history.html"}],"url":"http://hl7.org/fhir/tools/StructureDefinition/ig-parameter"},{"extension":[{"url":"code","valueString":"template-html"},{"url":"value","valueString":"template-page.html"}],"url":"http://hl7.org/fhir/tools/StructureDefinition/ig-parameter"},{"extension":[{"url":"code","valueString":"template-md"},{"url":"value","valueString":"template-page-md.html"}],"url":"http://hl7.org/fhir/tools/StructureDefinition/ig-parameter"},{"extension":[{"url":"code","valueString":"apply-contact"},{"url":"value","valueString":"true"}],"url":"http://hl7.org/fhir/tools/StructureDefinition/ig-parameter"},{"extension":[{"url":"code","valueString":"apply-context"},{"url":"value","valueString":"true"}],"url":"http://hl7.org/fhir/tools/StructureDefinition/ig-parameter"},{"extension":[{"url":"code","valueString":"apply-copyright"},{"url":"value","valueString":"true"}],"url":"http://hl7.org/fhir/tools/StructureDefinition/ig-parameter"},{"extension":[{"url":"code","valueString":"apply-jurisdiction"},{"url":"value","valueString":"true"}],"url":"http://hl7.org/fhir/tools/StructureDefinition/ig-parameter"},{"extension":[{"url":"code","valueString":"apply-license"},{"url":"value","valueString":"true"}],"url":"http://hl7.org/fhir/tools/StructureDefinition/ig-parameter"},{"extension":[{"url":"code","valueString":"apply-publisher"},{"url":"value","valueString":"true"}],"url":"http://hl7.org/fhir/tools/StructureDefinition/ig-parameter"},{"extension":[{"url":"code","valueString":"apply-version"},{"url":"value","valueString":"true"}],"url":"http://hl7.org/fhir/tools/StructureDefinition/ig-parameter"},{"extension":[{"url":"code","valueString":"active-tables"},{"url":"value","valueString":"true"}],"url":"http://hl7.org/fhir/tools/StructureDefinition/ig-parameter"}],"grouping":[{"id":"-dyn-capabilitystatement","name":"Behavior: Capability Statements","description":"The following artifacts define the specific capabilities that different types of systems are expected to have in order to comply with this implementation guide.  Systems conforming to this implementation guide are expected to declare conformance to one or more of the following capability statements."},{"id":"-str-profile","name":"Structures: Resource Profiles","description":"These define constraints on FHIR resources for systems conforming to this implementation guide"},{"id":"-str-extension","name":"Structures: Extension Definitions","description":"These define constraints on FHIR data types for systems conforming to this implementation guide"},{"id":"-ex-example","name":"Example: Example Instances","description":"These are example instances that show what data produced and consumed by systems conforming with this implementation guide might look like"}],"resource":[{"extension":[{"url":"http://hl7.org/fhir/StructureDefinition/implementationguide-page","valueUri":"StructureDefinition-pacio-fs.html"}],"reference":{"reference":"StructureDefinition/pacio-fs"},"name":"PACIO Functional Status","description":"An exchange of functional status observation for a patient. This profile is used for exchanging a single observation data generally included in a set of observation data collected through the use of a structured resource (e.g. assessment tool, instrument, or screen).","exampleBoolean":false,"groupingId":"-str-profile"},{"extension":[{"url":"http://hl7.org/fhir/StructureDefinition/implementationguide-page","valueUri":"StructureDefinition-pacio-fsc.html"}],"reference":{"reference":"StructureDefinition/pacio-fsc"},"name":"PACIO Functional Status Collection","description":"A point in time collection of functional status observations for a patient. This profile is used for exchanging a set of observation data collected through the use of a structured resource (e.g. assessment tool, instrument, or screen).","exampleBoolean":false,"groupingId":"-str-profile"},{"extension":[{"url":"http://hl7.org/fhir/StructureDefinition/implementationguide-page","valueUri":"StructureDefinition-pacio-nhfs.html"}],"reference":{"reference":"StructureDefinition/pacio-nhfs"},"name":"PACIO Narrative History of Functional Status","description":"An exchange of summary observation regarding the most recent prior level of function immediately preceding the current admission, illness, or exacerbation for a patient. The use of this profile is encouraged in the absence of formal prior level of function assessments. For formal assessments conducted with for example, an assessment instrument, use the Functional Status Collection and Functional Status profiles to capture assessment data.","exampleBoolean":false,"groupingId":"-str-profile"},{"extension":[{"url":"http://hl7.org/fhir/StructureDefinition/implementationguide-page","valueUri":"StructureDefinition-pacio-dev.html"}],"reference":{"reference":"StructureDefinition/pacio-dev"},"name":"Use of Device","description":"A record of an assistive device–e.g. walker or wheelchair, being used by a patient during a functional status assessment. This profile based on the DeviceUseStatement resource provides a way to include information about device usage during an assessment.","exampleBoolean":false,"groupingId":"-str-profile"},{"extension":[{"url":"http://hl7.org/fhir/StructureDefinition/implementationguide-page","valueUri":"StructureDefinition-assistance-required.html"}],"reference":{"reference":"StructureDefinition/assistance-required"},"name":"AssistanceRequired","description":"Associated with the Narrative History of Functional Status profile to provide a high-level indication of assistance required for the person’s baseline ability (physical function immediately preceding the current admission, illness, or exacerbation for a patient) to perform everyday activities. The CMS Assessment answer list LL4309-2 provides possible values for this extension.","exampleBoolean":false,"groupingId":"-str-extension"},{"extension":[{"url":"http://hl7.org/fhir/StructureDefinition/implementationguide-page","valueUri":"StructureDefinition-device-patient-used.html"}],"reference":{"reference":"StructureDefinition/device-patient-used"},"name":"DevicePatientUsed","description":"Associated with the Funcational Status Collection profile to point to a record indicating what healthcare-related assistive device was used by a patient during a functional status assessment. This extension leverages the DeviceUseStatement resource instead of Device resource so as to indicate appropriately a record of assistive device usage by a patient.","exampleBoolean":false,"groupingId":"-str-extension"},{"extension":[{"url":"http://hl7.org/fhir/StructureDefinition/implementationguide-page","valueUri":"StructureDefinition-event-location.html"}],"reference":{"reference":"StructureDefinition/event-location"},"name":"ObservationEventLocation","description":"This extension is used to indicate the principal physical location where an observation event occurred.","exampleBoolean":false,"groupingId":"-str-extension"},{"extension":[{"url":"http://hl7.org/fhir/StructureDefinition/implementationguide-page","valueUri":"Observation-BSJ-Narrative-History-Functional-Status-1.html"}],"reference":{"reference":"Observation/BSJ-Narrative-History-Functional-Status-1"},"name":"BSJ-Narrative-History-Functional-Status-1","description":"An instance of NarrativeHistoryOfFunctionalStatus","exampleCanonical":"http://paciowg.github.io/functional-status-ig/StructureDefinition/pacio-nhfs","groupingId":"-ex-example"},{"extension":[{"url":"http://hl7.org/fhir/StructureDefinition/implementationguide-page","valueUri":"Device-CMS-Device-1.html"}],"reference":{"reference":"Device/CMS-Device-1"},"name":"CMS-Device-1","description":"An instance of Device","exampleBoolean":true,"groupingId":"-ex-example"},{"extension":[{"url":"http://hl7.org/fhir/StructureDefinition/implementationguide-page","valueUri":"Device-CMS-Device-2.html"}],"reference":{"reference":"Device/CMS-Device-2"},"name":"CMS-Device-2","description":"An instance of Device","exampleBoolean":true,"groupingId":"-ex-example"},{"extension":[{"url":"http://hl7.org/fhir/StructureDefinition/implementationguide-page","valueUri":"Device-CMS-Device-3.html"}],"reference":{"reference":"Device/CMS-Device-3"},"name":"CMS-Device-3","description":"An instance of Device","exampleBoolean":true,"groupingId":"-ex-example"},{"extension":[{"url":"http://hl7.org/fhir/StructureDefinition/implementationguide-page","valueUri":"Device-CMS-Device-4.html"}],"reference":{"reference":"Device/CMS-Device-4"},"name":"CMS-Device-4","description":"An instance of Device","exampleBoolean":true,"groupingId":"-ex-example"},{"extension":[{"url":"http://hl7.org/fhir/StructureDefinition/implementationguide-page","valueUri":"Device-CMS-Device-5.html"}],"reference":{"reference":"Device/CMS-Device-5"},"name":"CMS-Device-5","description":"An instance of Device","exampleBoolean":true,"groupingId":"-ex-example"},{"extension":[{"url":"http://hl7.org/fhir/StructureDefinition/implementationguide-page","valueUri":"Device-CMS-Device-6.html"}],"reference":{"reference":"Device/CMS-Device-6"},"name":"CMS-Device-6","description":"An instance of Device","exampleBoolean":true,"groupingId":"-ex-example"},{"extension":[{"url":"http://hl7.org/fhir/StructureDefinition/implementationguide-page","valueUri":"Device-CMS-Device-7.html"}],"reference":{"reference":"Device/CMS-Device-7"},"name":"CMS-Device-7","description":"An instance of Device","exampleBoolean":true,"groupingId":"-ex-example"},{"extension":[{"url":"http://hl7.org/fhir/StructureDefinition/implementationguide-page","valueUri":"Observation-FSC-HH-Discharge-Mobility-SelfCare-1.html"}],"reference":{"reference":"Observation/FSC-HH-Discharge-Mobility-SelfCare-1"},"name":"FSC-HH-Discharge-Mobility-SelfCare-1","description":"An instance of FunctionalStatusCollection","exampleCanonical":"http://paciowg.github.io/functional-status-ig/StructureDefinition/pacio-fsc","groupingId":"-ex-example"},{"extension":[{"url":"http://hl7.org/fhir/StructureDefinition/implementationguide-page","valueUri":"Observation-FSC-HH-Discharge-Mobility-SelfCare-1-Ob-Question-37.html"}],"reference":{"reference":"Observation/FSC-HH-Discharge-Mobility-SelfCare-1-Ob-Question-37"},"name":"FSC-HH-Discharge-Mobility-SelfCare-1-Ob-Question-37","description":"An instance of FunctionalStatus","exampleCanonical":"http://paciowg.github.io/functional-status-ig/StructureDefinition/pacio-fs","groupingId":"-ex-example"},{"extension":[{"url":"http://hl7.org/fhir/StructureDefinition/implementationguide-page","valueUri":"Observation-FSC-HH-Discharge-Mobility-SelfCare-1-Ob-Question-39.html"}],"reference":{"reference":"Observation/FSC-HH-Discharge-Mobility-SelfCare-1-Ob-Question-39"},"name":"FSC-HH-Discharge-Mobility-SelfCare-1-Ob-Question-39","description":"An instance of FunctionalStatus","exampleCanonical":"http://paciowg.github.io/functional-status-ig/StructureDefinition/pacio-fs","groupingId":"-ex-example"},{"extension":[{"url":"http://hl7.org/fhir/StructureDefinition/implementationguide-page","valueUri":"Observation-FSC-HH-Discharge-Mobility-SelfCare-1-Ob-Question-41.html"}],"reference":{"reference":"Observation/FSC-HH-Discharge-Mobility-SelfCare-1-Ob-Question-41"},"name":"FSC-HH-Discharge-Mobility-SelfCare-1-Ob-Question-41","description":"An instance of FunctionalStatus","exampleCanonical":"http://paciowg.github.io/functional-status-ig/StructureDefinition/pacio-fs","groupingId":"-ex-example"},{"extension":[{"url":"http://hl7.org/fhir/StructureDefinition/implementationguide-page","valueUri":"Observation-FSC-HH-Discharge-Mobility-SelfCare-1-Ob-Question-43.html"}],"reference":{"reference":"Observation/FSC-HH-Discharge-Mobility-SelfCare-1-Ob-Question-43"},"name":"FSC-HH-Discharge-Mobility-SelfCare-1-Ob-Question-43","description":"An instance of FunctionalStatus","exampleCanonical":"http://paciowg.github.io/functional-status-ig/StructureDefinition/pacio-fs","groupingId":"-ex-example"},{"extension":[{"url":"http://hl7.org/fhir/StructureDefinition/implementationguide-page","valueUri":"Observation-FSC-HH-Discharge-Mobility-SelfCare-1-Ob-Question-45.html"}],"reference":{"reference":"Observation/FSC-HH-Discharge-Mobility-SelfCare-1-Ob-Question-45"},"name":"FSC-HH-Discharge-Mobility-SelfCare-1-Ob-Question-45","description":"An instance of FunctionalStatus","exampleCanonical":"http://paciowg.github.io/functional-status-ig/StructureDefinition/pacio-fs","groupingId":"-ex-example"},{"extension":[{"url":"http://hl7.org/fhir/StructureDefinition/implementationguide-page","valueUri":"Observation-FSC-HH-Discharge-Mobility-SelfCare-1-Ob-Question-47.html"}],"reference":{"reference":"Observation/FSC-HH-Discharge-Mobility-SelfCare-1-Ob-Question-47"},"name":"FSC-HH-Discharge-Mobility-SelfCare-1-Ob-Question-47","description":"An instance of FunctionalStatus","exampleCanonical":"http://paciowg.github.io/functional-status-ig/StructureDefinition/pacio-fs","groupingId":"-ex-example"},{"extension":[{"url":"http://hl7.org/fhir/StructureDefinition/implementationguide-page","valueUri":"Observation-FSC-HH-Discharge-Mobility-SelfCare-1-Ob-Question-49.html"}],"reference":{"reference":"Observation/FSC-HH-Discharge-Mobility-SelfCare-1-Ob-Question-49"},"name":"FSC-HH-Discharge-Mobility-SelfCare-1-Ob-Question-49","description":"An instance of FunctionalStatus","exampleCanonical":"http://paciowg.github.io/functional-status-ig/StructureDefinition/pacio-fs","groupingId":"-ex-example"},{"extension":[{"url":"http://hl7.org/fhir/StructureDefinition/implementationguide-page","valueUri":"Observation-FSC-HH-StartOfCare-Mobility-SelfCare-1.html"}],"reference":{"reference":"Observation/FSC-HH-StartOfCare-Mobility-SelfCare-1"},"name":"FSC-HH-StartOfCare-Mobility-SelfCare-1","description":"An instance of FunctionalStatusCollection","exampleCanonical":"http://paciowg.github.io/functional-status-ig/StructureDefinition/pacio-fsc","groupingId":"-ex-example"},{"extension":[{"url":"http://hl7.org/fhir/StructureDefinition/implementationguide-page","valueUri":"Observation-FSC-HH-StartOfCare-Mobility-SelfCare-1-Ob-Question-36.html"}],"reference":{"reference":"Observation/FSC-HH-StartOfCare-Mobility-SelfCare-1-Ob-Question-36"},"name":"FSC-HH-StartOfCare-Mobility-SelfCare-1-Ob-Question-36","description":"An instance of FunctionalStatus","exampleCanonical":"http://paciowg.github.io/functional-status-ig/StructureDefinition/pacio-fs","groupingId":"-ex-example"},{"extension":[{"url":"http://hl7.org/fhir/StructureDefinition/implementationguide-page","valueUri":"Observation-FSC-HH-StartOfCare-Mobility-SelfCare-1-Ob-Question-38.html"}],"reference":{"reference":"Observation/FSC-HH-StartOfCare-Mobility-SelfCare-1-Ob-Question-38"},"name":"FSC-HH-StartOfCare-Mobility-SelfCare-1-Ob-Question-38","description":"An instance of FunctionalStatus","exampleCanonical":"http://paciowg.github.io/functional-status-ig/StructureDefinition/pacio-fs","groupingId":"-ex-example"},{"extension":[{"url":"http://hl7.org/fhir/StructureDefinition/implementationguide-page","valueUri":"Observation-FSC-HH-StartOfCare-Mobility-SelfCare-1-Ob-Question-40.html"}],"reference":{"reference":"Observation/FSC-HH-StartOfCare-Mobility-SelfCare-1-Ob-Question-40"},"name":"FSC-HH-StartOfCare-Mobility-SelfCare-1-Ob-Question-40","description":"An instance of FunctionalStatus","exampleCanonical":"http://paciowg.github.io/functional-status-ig/StructureDefinition/pacio-fs","groupingId":"-ex-example"},{"extension":[{"url":"http://hl7.org/fhir/StructureDefinition/implementationguide-page","valueUri":"Observation-FSC-HH-StartOfCare-Mobility-SelfCare-1-Ob-Question-42.html"}],"reference":{"reference":"Observation/FSC-HH-StartOfCare-Mobility-SelfCare-1-Ob-Question-42"},"name":"FSC-HH-StartOfCare-Mobility-SelfCare-1-Ob-Question-42","description":"An instance of FunctionalStatus","exampleCanonical":"http://paciowg.github.io/functional-status-ig/StructureDefinition/pacio-fs","groupingId":"-ex-example"},{"extension":[{"url":"http://hl7.org/fhir/StructureDefinition/implementationguide-page","valueUri":"Observation-FSC-HH-StartOfCare-Mobility-SelfCare-1-Ob-Question-44.html"}],"reference":{"reference":"Observation/FSC-HH-StartOfCare-Mobility-SelfCare-1-Ob-Question-44"},"name":"FSC-HH-StartOfCare-Mobility-SelfCare-1-Ob-Question-44","description":"An instance of FunctionalStatus","exampleCanonical":"http://paciowg.github.io/functional-status-ig/StructureDefinition/pacio-fs","groupingId":"-ex-example"},{"extension":[{"url":"http://hl7.org/fhir/StructureDefinition/implementationguide-page","valueUri":"Observation-FSC-HH-StartOfCare-Mobility-SelfCare-1-Ob-Question-46.html"}],"reference":{"reference":"Observation/FSC-HH-StartOfCare-Mobility-SelfCare-1-Ob-Question-46"},"name":"FSC-HH-StartOfCare-Mobility-SelfCare-1-Ob-Question-46","description":"An instance of FunctionalStatus","exampleCanonical":"http://paciowg.github.io/functional-status-ig/StructureDefinition/pacio-fs","groupingId":"-ex-example"},{"extension":[{"url":"http://hl7.org/fhir/StructureDefinition/implementationguide-page","valueUri":"Observation-FSC-HH-StartOfCare-Mobility-SelfCare-1-Ob-Question-48.html"}],"reference":{"reference":"Observation/FSC-HH-StartOfCare-Mobility-SelfCare-1-Ob-Question-48"},"name":"FSC-HH-StartOfCare-Mobility-SelfCare-1-Ob-Question-48","description":"An instance of FunctionalStatus","exampleCanonical":"http://paciowg.github.io/functional-status-ig/StructureDefinition/pacio-fs","groupingId":"-ex-example"},{"extension":[{"url":"http://hl7.org/fhir/StructureDefinition/implementationguide-page","valueUri":"Observation-FSC-Hospital-Admission-Mobility-1.html"}],"reference":{"reference":"Observation/FSC-Hospital-Admission-Mobility-1"},"name":"FSC-Hospital-Admission-Mobility-1","description":"An instance of FunctionalStatusCollection","exampleCanonical":"http://paciowg.github.io/functional-status-ig/StructureDefinition/pacio-fsc","groupingId":"-ex-example"},{"extension":[{"url":"http://hl7.org/fhir/StructureDefinition/implementationguide-page","valueUri":"Observation-FSC-Hospital-Admission-Mobility-1-Ob-Question-1.html"}],"reference":{"reference":"Observation/FSC-Hospital-Admission-Mobility-1-Ob-Question-1"},"name":"FSC-Hospital-Admission-Mobility-1-Ob-Question-1","description":"An instance of FunctionalStatus","exampleCanonical":"http://paciowg.github.io/functional-status-ig/StructureDefinition/pacio-fs","groupingId":"-ex-example"},{"extension":[{"url":"http://hl7.org/fhir/StructureDefinition/implementationguide-page","valueUri":"Observation-FSC-Hospital-Admission-Mobility-1-Ob-Question-13.html"}],"reference":{"reference":"Observation/FSC-Hospital-Admission-Mobility-1-Ob-Question-13"},"name":"FSC-Hospital-Admission-Mobility-1-Ob-Question-13","description":"An instance of FunctionalStatus","exampleCanonical":"http://paciowg.github.io/functional-status-ig/StructureDefinition/pacio-fs","groupingId":"-ex-example"},{"extension":[{"url":"http://hl7.org/fhir/StructureDefinition/implementationguide-page","valueUri":"Observation-FSC-Hospital-Admission-Mobility-1-Ob-Question-19.html"}],"reference":{"reference":"Observation/FSC-Hospital-Admission-Mobility-1-Ob-Question-19"},"name":"FSC-Hospital-Admission-Mobility-1-Ob-Question-19","description":"An instance of FunctionalStatus","exampleCanonical":"http://paciowg.github.io/functional-status-ig/StructureDefinition/pacio-fs","groupingId":"-ex-example"},{"extension":[{"url":"http://hl7.org/fhir/StructureDefinition/implementationguide-page","valueUri":"Observation-FSC-Hospital-Admission-Mobility-1-Ob-Question-25.html"}],"reference":{"reference":"Observation/FSC-Hospital-Admission-Mobility-1-Ob-Question-25"},"name":"FSC-Hospital-Admission-Mobility-1-Ob-Question-25","description":"An instance of FunctionalStatus","exampleCanonical":"http://paciowg.github.io/functional-status-ig/StructureDefinition/pacio-fs","groupingId":"-ex-example"},{"extension":[{"url":"http://hl7.org/fhir/StructureDefinition/implementationguide-page","valueUri":"Observation-FSC-Hospital-Admission-Mobility-1-Ob-Question-31.html"}],"reference":{"reference":"Observation/FSC-Hospital-Admission-Mobility-1-Ob-Question-31"},"name":"FSC-Hospital-Admission-Mobility-1-Ob-Question-31","description":"An instance of FunctionalStatus","exampleCanonical":"http://paciowg.github.io/functional-status-ig/StructureDefinition/pacio-fs","groupingId":"-ex-example"},{"extension":[{"url":"http://hl7.org/fhir/StructureDefinition/implementationguide-page","valueUri":"Observation-FSC-Hospital-Admission-Mobility-1-Ob-Question-37.html"}],"reference":{"reference":"Observation/FSC-Hospital-Admission-Mobility-1-Ob-Question-37"},"name":"FSC-Hospital-Admission-Mobility-1-Ob-Question-37","description":"An instance of FunctionalStatus","exampleCanonical":"http://paciowg.github.io/functional-status-ig/StructureDefinition/pacio-fs","groupingId":"-ex-example"},{"extension":[{"url":"http://hl7.org/fhir/StructureDefinition/implementationguide-page","valueUri":"Observation-FSC-Hospital-Admission-Mobility-1-Ob-Question-43.html"}],"reference":{"reference":"Observation/FSC-Hospital-Admission-Mobility-1-Ob-Question-43"},"name":"FSC-Hospital-Admission-Mobility-1-Ob-Question-43","description":"An instance of FunctionalStatus","exampleCanonical":"http://paciowg.github.io/functional-status-ig/StructureDefinition/pacio-fs","groupingId":"-ex-example"},{"extension":[{"url":"http://hl7.org/fhir/StructureDefinition/implementationguide-page","valueUri":"Observation-FSC-Hospital-Admission-Mobility-1-Ob-Question-49.html"}],"reference":{"reference":"Observation/FSC-Hospital-Admission-Mobility-1-Ob-Question-49"},"name":"FSC-Hospital-Admission-Mobility-1-Ob-Question-49","description":"An instance of FunctionalStatus","exampleCanonical":"http://paciowg.github.io/functional-status-ig/StructureDefinition/pacio-fs","groupingId":"-ex-example"},{"extension":[{"url":"http://hl7.org/fhir/StructureDefinition/implementationguide-page","valueUri":"Observation-FSC-Hospital-Admission-Mobility-1-Ob-Question-55.html"}],"reference":{"reference":"Observation/FSC-Hospital-Admission-Mobility-1-Ob-Question-55"},"name":"FSC-Hospital-Admission-Mobility-1-Ob-Question-55","description":"An instance of FunctionalStatus","exampleCanonical":"http://paciowg.github.io/functional-status-ig/StructureDefinition/pacio-fs","groupingId":"-ex-example"},{"extension":[{"url":"http://hl7.org/fhir/StructureDefinition/implementationguide-page","valueUri":"Observation-FSC-Hospital-Admission-Mobility-1-Ob-Question-61.html"}],"reference":{"reference":"Observation/FSC-Hospital-Admission-Mobility-1-Ob-Question-61"},"name":"FSC-Hospital-Admission-Mobility-1-Ob-Question-61","description":"An instance of FunctionalStatus","exampleCanonical":"http://paciowg.github.io/functional-status-ig/StructureDefinition/pacio-fs","groupingId":"-ex-example"},{"extension":[{"url":"http://hl7.org/fhir/StructureDefinition/implementationguide-page","valueUri":"Observation-FSC-Hospital-Admission-Mobility-1-Ob-Question-67.html"}],"reference":{"reference":"Observation/FSC-Hospital-Admission-Mobility-1-Ob-Question-67"},"name":"FSC-Hospital-Admission-Mobility-1-Ob-Question-67","description":"An instance of FunctionalStatus","exampleCanonical":"http://paciowg.github.io/functional-status-ig/StructureDefinition/pacio-fs","groupingId":"-ex-example"},{"extension":[{"url":"http://hl7.org/fhir/StructureDefinition/implementationguide-page","valueUri":"Observation-FSC-Hospital-Admission-Mobility-1-Ob-Question-7.html"}],"reference":{"reference":"Observation/FSC-Hospital-Admission-Mobility-1-Ob-Question-7"},"name":"FSC-Hospital-Admission-Mobility-1-Ob-Question-7","description":"An instance of FunctionalStatus","exampleCanonical":"http://paciowg.github.io/functional-status-ig/StructureDefinition/pacio-fs","groupingId":"-ex-example"},{"extension":[{"url":"http://hl7.org/fhir/StructureDefinition/implementationguide-page","valueUri":"Observation-FSC-Hospital-Admission-Mobility-1-Ob-Question-73.html"}],"reference":{"reference":"Observation/FSC-Hospital-Admission-Mobility-1-Ob-Question-73"},"name":"FSC-Hospital-Admission-Mobility-1-Ob-Question-73","description":"An instance of FunctionalStatus","exampleCanonical":"http://paciowg.github.io/functional-status-ig/StructureDefinition/pacio-fs","groupingId":"-ex-example"},{"extension":[{"url":"http://hl7.org/fhir/StructureDefinition/implementationguide-page","valueUri":"Observation-FSC-Hospital-Admission-Mobility-1-Ob-Question-79.html"}],"reference":{"reference":"Observation/FSC-Hospital-Admission-Mobility-1-Ob-Question-79"},"name":"FSC-Hospital-Admission-Mobility-1-Ob-Question-79","description":"An instance of FunctionalStatus","exampleCanonical":"http://paciowg.github.io/functional-status-ig/StructureDefinition/pacio-fs","groupingId":"-ex-example"},{"extension":[{"url":"http://hl7.org/fhir/StructureDefinition/implementationguide-page","valueUri":"Observation-FSC-Hospital-Admission-Mobility-1-Ob-Question-85.html"}],"reference":{"reference":"Observation/FSC-Hospital-Admission-Mobility-1-Ob-Question-85"},"name":"FSC-Hospital-Admission-Mobility-1-Ob-Question-85","description":"An instance of FunctionalStatus","exampleCanonical":"http://paciowg.github.io/functional-status-ig/StructureDefinition/pacio-fs","groupingId":"-ex-example"},{"extension":[{"url":"http://hl7.org/fhir/StructureDefinition/implementationguide-page","valueUri":"Observation-FSC-Hospital-Admission-Mobility-1-Ob-Question-91.html"}],"reference":{"reference":"Observation/FSC-Hospital-Admission-Mobility-1-Ob-Question-91"},"name":"FSC-Hospital-Admission-Mobility-1-Ob-Question-91","description":"An instance of FunctionalStatus","exampleCanonical":"http://paciowg.github.io/functional-status-ig/StructureDefinition/pacio-fs","groupingId":"-ex-example"},{"extension":[{"url":"http://hl7.org/fhir/StructureDefinition/implementationguide-page","valueUri":"Observation-FSC-Hospital-Admission-Mobility-1-Ob-Question-97.html"}],"reference":{"reference":"Observation/FSC-Hospital-Admission-Mobility-1-Ob-Question-97"},"name":"FSC-Hospital-Admission-Mobility-1-Ob-Question-97","description":"An instance of FunctionalStatus","exampleCanonical":"http://paciowg.github.io/functional-status-ig/StructureDefinition/pacio-fs","groupingId":"-ex-example"},{"extension":[{"url":"http://hl7.org/fhir/StructureDefinition/implementationguide-page","valueUri":"DeviceUseStatement-FSC-Hospital-Admission-Mobility-1-UseOfDevice-17.html"}],"reference":{"reference":"DeviceUseStatement/FSC-Hospital-Admission-Mobility-1-UseOfDevice-17"},"name":"FSC-Hospital-Admission-Mobility-1-UseOfDevice-17","description":"An instance of UseOfDevice","exampleCanonical":"http://paciowg.github.io/functional-status-ig/StructureDefinition/pacio-dev","groupingId":"-ex-example"},{"extension":[{"url":"http://hl7.org/fhir/StructureDefinition/implementationguide-page","valueUri":"DeviceUseStatement-FSC-Hospital-Admission-Mobility-1-UseOfDevice-18.html"}],"reference":{"reference":"DeviceUseStatement/FSC-Hospital-Admission-Mobility-1-UseOfDevice-18"},"name":"FSC-Hospital-Admission-Mobility-1-UseOfDevice-18","description":"An instance of UseOfDevice","exampleCanonical":"http://paciowg.github.io/functional-status-ig/StructureDefinition/pacio-dev","groupingId":"-ex-example"},{"extension":[{"url":"http://hl7.org/fhir/StructureDefinition/implementationguide-page","valueUri":"Observation-FSC-Hospital-Discharge-Mobility-1.html"}],"reference":{"reference":"Observation/FSC-Hospital-Discharge-Mobility-1"},"name":"FSC-Hospital-Discharge-Mobility-1","description":"An instance of FunctionalStatusCollection","exampleCanonical":"http://paciowg.github.io/functional-status-ig/StructureDefinition/pacio-fsc","groupingId":"-ex-example"},{"extension":[{"url":"http://hl7.org/fhir/StructureDefinition/implementationguide-page","valueUri":"Observation-FSC-Hospital-Discharge-Mobility-1-Ob-Question-14.html"}],"reference":{"reference":"Observation/FSC-Hospital-Discharge-Mobility-1-Ob-Question-14"},"name":"FSC-Hospital-Discharge-Mobility-1-Ob-Question-14","description":"An instance of FunctionalStatus","exampleCanonical":"http://paciowg.github.io/functional-status-ig/StructureDefinition/pacio-fs","groupingId":"-ex-example"},{"extension":[{"url":"http://hl7.org/fhir/StructureDefinition/implementationguide-page","valueUri":"Observation-FSC-Hospital-Discharge-Mobility-1-Ob-Question-2.html"}],"reference":{"reference":"Observation/FSC-Hospital-Discharge-Mobility-1-Ob-Question-2"},"name":"FSC-Hospital-Discharge-Mobility-1-Ob-Question-2","description":"An instance of FunctionalStatus","exampleCanonical":"http://paciowg.github.io/functional-status-ig/StructureDefinition/pacio-fs","groupingId":"-ex-example"},{"extension":[{"url":"http://hl7.org/fhir/StructureDefinition/implementationguide-page","valueUri":"Observation-FSC-Hospital-Discharge-Mobility-1-Ob-Question-20.html"}],"reference":{"reference":"Observation/FSC-Hospital-Discharge-Mobility-1-Ob-Question-20"},"name":"FSC-Hospital-Discharge-Mobility-1-Ob-Question-20","description":"An instance of FunctionalStatus","exampleCanonical":"http://paciowg.github.io/functional-status-ig/StructureDefinition/pacio-fs","groupingId":"-ex-example"},{"extension":[{"url":"http://hl7.org/fhir/StructureDefinition/implementationguide-page","valueUri":"Observation-FSC-Hospital-Discharge-Mobility-1-Ob-Question-26.html"}],"reference":{"reference":"Observation/FSC-Hospital-Discharge-Mobility-1-Ob-Question-26"},"name":"FSC-Hospital-Discharge-Mobility-1-Ob-Question-26","description":"An instance of FunctionalStatus","exampleCanonical":"http://paciowg.github.io/functional-status-ig/StructureDefinition/pacio-fs","groupingId":"-ex-example"},{"extension":[{"url":"http://hl7.org/fhir/StructureDefinition/implementationguide-page","valueUri":"Observation-FSC-Hospital-Discharge-Mobility-1-Ob-Question-32.html"}],"reference":{"reference":"Observation/FSC-Hospital-Discharge-Mobility-1-Ob-Question-32"},"name":"FSC-Hospital-Discharge-Mobility-1-Ob-Question-32","description":"An instance of FunctionalStatus","exampleCanonical":"http://paciowg.github.io/functional-status-ig/StructureDefinition/pacio-fs","groupingId":"-ex-example"},{"extension":[{"url":"http://hl7.org/fhir/StructureDefinition/implementationguide-page","valueUri":"Observation-FSC-Hospital-Discharge-Mobility-1-Ob-Question-38.html"}],"reference":{"reference":"Observation/FSC-Hospital-Discharge-Mobility-1-Ob-Question-38"},"name":"FSC-Hospital-Discharge-Mobility-1-Ob-Question-38","description":"An instance of FunctionalStatus","exampleCanonical":"http://paciowg.github.io/functional-status-ig/StructureDefinition/pacio-fs","groupingId":"-ex-example"},{"extension":[{"url":"http://hl7.org/fhir/StructureDefinition/implementationguide-page","valueUri":"Observation-FSC-Hospital-Discharge-Mobility-1-Ob-Question-44.html"}],"reference":{"reference":"Observation/FSC-Hospital-Discharge-Mobility-1-Ob-Question-44"},"name":"FSC-Hospital-Discharge-Mobility-1-Ob-Question-44","description":"An instance of FunctionalStatus","exampleCanonical":"http://paciowg.github.io/functional-status-ig/StructureDefinition/pacio-fs","groupingId":"-ex-example"},{"extension":[{"url":"http://hl7.org/fhir/StructureDefinition/implementationguide-page","valueUri":"Observation-FSC-Hospital-Discharge-Mobility-1-Ob-Question-50.html"}],"reference":{"reference":"Observation/FSC-Hospital-Discharge-Mobility-1-Ob-Question-50"},"name":"FSC-Hospital-Discharge-Mobility-1-Ob-Question-50","description":"An instance of FunctionalStatus","exampleCanonical":"http://paciowg.github.io/functional-status-ig/StructureDefinition/pacio-fs","groupingId":"-ex-example"},{"extension":[{"url":"http://hl7.org/fhir/StructureDefinition/implementationguide-page","valueUri":"Observation-FSC-Hospital-Discharge-Mobility-1-Ob-Question-56.html"}],"reference":{"reference":"Observation/FSC-Hospital-Discharge-Mobility-1-Ob-Question-56"},"name":"FSC-Hospital-Discharge-Mobility-1-Ob-Question-56","description":"An instance of FunctionalStatus","exampleCanonical":"http://paciowg.github.io/functional-status-ig/StructureDefinition/pacio-fs","groupingId":"-ex-example"},{"extension":[{"url":"http://hl7.org/fhir/StructureDefinition/implementationguide-page","valueUri":"Observation-FSC-Hospital-Discharge-Mobility-1-Ob-Question-62.html"}],"reference":{"reference":"Observation/FSC-Hospital-Discharge-Mobility-1-Ob-Question-62"},"name":"FSC-Hospital-Discharge-Mobility-1-Ob-Question-62","description":"An instance of FunctionalStatus","exampleCanonical":"http://paciowg.github.io/functional-status-ig/StructureDefinition/pacio-fs","groupingId":"-ex-example"},{"extension":[{"url":"http://hl7.org/fhir/StructureDefinition/implementationguide-page","valueUri":"Observation-FSC-Hospital-Discharge-Mobility-1-Ob-Question-68.html"}],"reference":{"reference":"Observation/FSC-Hospital-Discharge-Mobility-1-Ob-Question-68"},"name":"FSC-Hospital-Discharge-Mobility-1-Ob-Question-68","description":"An instance of FunctionalStatus","exampleCanonical":"http://paciowg.github.io/functional-status-ig/StructureDefinition/pacio-fs","groupingId":"-ex-example"},{"extension":[{"url":"http://hl7.org/fhir/StructureDefinition/implementationguide-page","valueUri":"Observation-FSC-Hospital-Discharge-Mobility-1-Ob-Question-74.html"}],"reference":{"reference":"Observation/FSC-Hospital-Discharge-Mobility-1-Ob-Question-74"},"name":"FSC-Hospital-Discharge-Mobility-1-Ob-Question-74","description":"An instance of FunctionalStatus","exampleCanonical":"http://paciowg.github.io/functional-status-ig/StructureDefinition/pacio-fs","groupingId":"-ex-example"},{"extension":[{"url":"http://hl7.org/fhir/StructureDefinition/implementationguide-page","valueUri":"Observation-FSC-Hospital-Discharge-Mobility-1-Ob-Question-8.html"}],"reference":{"reference":"Observation/FSC-Hospital-Discharge-Mobility-1-Ob-Question-8"},"name":"FSC-Hospital-Discharge-Mobility-1-Ob-Question-8","description":"An instance of FunctionalStatus","exampleCanonical":"http://paciowg.github.io/functional-status-ig/StructureDefinition/pacio-fs","groupingId":"-ex-example"},{"extension":[{"url":"http://hl7.org/fhir/StructureDefinition/implementationguide-page","valueUri":"Observation-FSC-Hospital-Discharge-Mobility-1-Ob-Question-80.html"}],"reference":{"reference":"Observation/FSC-Hospital-Discharge-Mobility-1-Ob-Question-80"},"name":"FSC-Hospital-Discharge-Mobility-1-Ob-Question-80","description":"An instance of FunctionalStatus","exampleCanonical":"http://paciowg.github.io/functional-status-ig/StructureDefinition/pacio-fs","groupingId":"-ex-example"},{"extension":[{"url":"http://hl7.org/fhir/StructureDefinition/implementationguide-page","valueUri":"Observation-FSC-Hospital-Discharge-Mobility-1-Ob-Question-86.html"}],"reference":{"reference":"Observation/FSC-Hospital-Discharge-Mobility-1-Ob-Question-86"},"name":"FSC-Hospital-Discharge-Mobility-1-Ob-Question-86","description":"An instance of FunctionalStatus","exampleCanonical":"http://paciowg.github.io/functional-status-ig/StructureDefinition/pacio-fs","groupingId":"-ex-example"},{"extension":[{"url":"http://hl7.org/fhir/StructureDefinition/implementationguide-page","valueUri":"Observation-FSC-Hospital-Discharge-Mobility-1-Ob-Question-92.html"}],"reference":{"reference":"Observation/FSC-Hospital-Discharge-Mobility-1-Ob-Question-92"},"name":"FSC-Hospital-Discharge-Mobility-1-Ob-Question-92","description":"An instance of FunctionalStatus","exampleCanonical":"http://paciowg.github.io/functional-status-ig/StructureDefinition/pacio-fs","groupingId":"-ex-example"},{"extension":[{"url":"http://hl7.org/fhir/StructureDefinition/implementationguide-page","valueUri":"Observation-FSC-Hospital-Discharge-Mobility-1-Ob-Question-98.html"}],"reference":{"reference":"Observation/FSC-Hospital-Discharge-Mobility-1-Ob-Question-98"},"name":"FSC-Hospital-Discharge-Mobility-1-Ob-Question-98","description":"An instance of FunctionalStatus","exampleCanonical":"http://paciowg.github.io/functional-status-ig/StructureDefinition/pacio-fs","groupingId":"-ex-example"},{"extension":[{"url":"http://hl7.org/fhir/StructureDefinition/implementationguide-page","valueUri":"DeviceUseStatement-FSC-Hospital-Discharge-Mobility-1-UseOfDevice-1.html"}],"reference":{"reference":"DeviceUseStatement/FSC-Hospital-Discharge-Mobility-1-UseOfDevice-1"},"name":"FSC-Hospital-Discharge-Mobility-1-UseOfDevice-1","description":"An instance of UseOfDevice","exampleCanonical":"http://paciowg.github.io/functional-status-ig/StructureDefinition/pacio-dev","groupingId":"-ex-example"},{"extension":[{"url":"http://hl7.org/fhir/StructureDefinition/implementationguide-page","valueUri":"DeviceUseStatement-FSC-Hospital-Discharge-Mobility-1-UseOfDevice-2.html"}],"reference":{"reference":"DeviceUseStatement/FSC-Hospital-Discharge-Mobility-1-UseOfDevice-2"},"name":"FSC-Hospital-Discharge-Mobility-1-UseOfDevice-2","description":"An instance of UseOfDevice","exampleCanonical":"http://paciowg.github.io/functional-status-ig/StructureDefinition/pacio-dev","groupingId":"-ex-example"},{"extension":[{"url":"http://hl7.org/fhir/StructureDefinition/implementationguide-page","valueUri":"DeviceUseStatement-FSC-Hospital-Discharge-Mobility-1-UseOfDevice-3.html"}],"reference":{"reference":"DeviceUseStatement/FSC-Hospital-Discharge-Mobility-1-UseOfDevice-3"},"name":"FSC-Hospital-Discharge-Mobility-1-UseOfDevice-3","description":"An instance of UseOfDevice","exampleCanonical":"http://paciowg.github.io/functional-status-ig/StructureDefinition/pacio-dev","groupingId":"-ex-example"},{"extension":[{"url":"http://hl7.org/fhir/StructureDefinition/implementationguide-page","valueUri":"DeviceUseStatement-FSC-Hospital-Discharge-Mobility-1-UseOfDevice-4.html"}],"reference":{"reference":"DeviceUseStatement/FSC-Hospital-Discharge-Mobility-1-UseOfDevice-4"},"name":"FSC-Hospital-Discharge-Mobility-1-UseOfDevice-4","description":"An instance of UseOfDevice","exampleCanonical":"http://paciowg.github.io/functional-status-ig/StructureDefinition/pacio-dev","groupingId":"-ex-example"},{"extension":[{"url":"http://hl7.org/fhir/StructureDefinition/implementationguide-page","valueUri":"DeviceUseStatement-FSC-Hospital-Discharge-Mobility-1-UseOfDevice-5.html"}],"reference":{"reference":"DeviceUseStatement/FSC-Hospital-Discharge-Mobility-1-UseOfDevice-5"},"name":"FSC-Hospital-Discharge-Mobility-1-UseOfDevice-5","description":"An instance of UseOfDevice","exampleCanonical":"http://paciowg.github.io/functional-status-ig/StructureDefinition/pacio-dev","groupingId":"-ex-example"},{"extension":[{"url":"http://hl7.org/fhir/StructureDefinition/implementationguide-page","valueUri":"Observation-FSC-SNF-Admission-Mobility-SelfCare-1.html"}],"reference":{"reference":"Observation/FSC-SNF-Admission-Mobility-SelfCare-1"},"name":"FSC-SNF-Admission-Mobility-SelfCare-1","description":"An instance of FunctionalStatusCollection","exampleCanonical":"http://paciowg.github.io/functional-status-ig/StructureDefinition/pacio-fsc","groupingId":"-ex-example"},{"extension":[{"url":"http://hl7.org/fhir/StructureDefinition/implementationguide-page","valueUri":"Observation-FSC-SNF-Admission-Mobility-SelfCare-1-Ob-Question-11.html"}],"reference":{"reference":"Observation/FSC-SNF-Admission-Mobility-SelfCare-1-Ob-Question-11"},"name":"FSC-SNF-Admission-Mobility-SelfCare-1-Ob-Question-11","description":"An instance of FunctionalStatus","exampleCanonical":"http://paciowg.github.io/functional-status-ig/StructureDefinition/pacio-fs","groupingId":"-ex-example"},{"extension":[{"url":"http://hl7.org/fhir/StructureDefinition/implementationguide-page","valueUri":"Observation-FSC-SNF-Admission-Mobility-SelfCare-1-Ob-Question-15.html"}],"reference":{"reference":"Observation/FSC-SNF-Admission-Mobility-SelfCare-1-Ob-Question-15"},"name":"FSC-SNF-Admission-Mobility-SelfCare-1-Ob-Question-15","description":"An instance of FunctionalStatus","exampleCanonical":"http://paciowg.github.io/functional-status-ig/StructureDefinition/pacio-fs","groupingId":"-ex-example"},{"extension":[{"url":"http://hl7.org/fhir/StructureDefinition/implementationguide-page","valueUri":"Observation-FSC-SNF-Admission-Mobility-SelfCare-1-Ob-Question-19.html"}],"reference":{"reference":"Observation/FSC-SNF-Admission-Mobility-SelfCare-1-Ob-Question-19"},"name":"FSC-SNF-Admission-Mobility-SelfCare-1-Ob-Question-19","description":"An instance of FunctionalStatus","exampleCanonical":"http://paciowg.github.io/functional-status-ig/StructureDefinition/pacio-fs","groupingId":"-ex-example"},{"extension":[{"url":"http://hl7.org/fhir/StructureDefinition/implementationguide-page","valueUri":"Observation-FSC-SNF-Admission-Mobility-SelfCare-1-Ob-Question-23.html"}],"reference":{"reference":"Observation/FSC-SNF-Admission-Mobility-SelfCare-1-Ob-Question-23"},"name":"FSC-SNF-Admission-Mobility-SelfCare-1-Ob-Question-23","description":"An instance of FunctionalStatus","exampleCanonical":"http://paciowg.github.io/functional-status-ig/StructureDefinition/pacio-fs","groupingId":"-ex-example"},{"extension":[{"url":"http://hl7.org/fhir/StructureDefinition/implementationguide-page","valueUri":"Observation-FSC-SNF-Admission-Mobility-SelfCare-1-Ob-Question-27.html"}],"reference":{"reference":"Observation/FSC-SNF-Admission-Mobility-SelfCare-1-Ob-Question-27"},"name":"FSC-SNF-Admission-Mobility-SelfCare-1-Ob-Question-27","description":"An instance of FunctionalStatus","exampleCanonical":"http://paciowg.github.io/functional-status-ig/StructureDefinition/pacio-fs","groupingId":"-ex-example"},{"extension":[{"url":"http://hl7.org/fhir/StructureDefinition/implementationguide-page","valueUri":"Observation-FSC-SNF-Admission-Mobility-SelfCare-1-Ob-Question-3.html"}],"reference":{"reference":"Observation/FSC-SNF-Admission-Mobility-SelfCare-1-Ob-Question-3"},"name":"FSC-SNF-Admission-Mobility-SelfCare-1-Ob-Question-3","description":"An instance of FunctionalStatus","exampleCanonical":"http://paciowg.github.io/functional-status-ig/StructureDefinition/pacio-fs","groupingId":"-ex-example"},{"extension":[{"url":"http://hl7.org/fhir/StructureDefinition/implementationguide-page","valueUri":"Observation-FSC-SNF-Admission-Mobility-SelfCare-1-Ob-Question-7.html"}],"reference":{"reference":"Observation/FSC-SNF-Admission-Mobility-SelfCare-1-Ob-Question-7"},"name":"FSC-SNF-Admission-Mobility-SelfCare-1-Ob-Question-7","description":"An instance of FunctionalStatus","exampleCanonical":"http://paciowg.github.io/functional-status-ig/StructureDefinition/pacio-fs","groupingId":"-ex-example"},{"extension":[{"url":"http://hl7.org/fhir/StructureDefinition/implementationguide-page","valueUri":"Observation-FSC-SNF-Discharge-Mobility-SelfCare-1.html"}],"reference":{"reference":"Observation/FSC-SNF-Discharge-Mobility-SelfCare-1"},"name":"FSC-SNF-Discharge-Mobility-SelfCare-1","description":"An instance of FunctionalStatusCollection","exampleCanonical":"http://paciowg.github.io/functional-status-ig/StructureDefinition/pacio-fsc","groupingId":"-ex-example"},{"extension":[{"url":"http://hl7.org/fhir/StructureDefinition/implementationguide-page","valueUri":"Observation-FSC-SNF-Discharge-Mobility-SelfCare-1-Ob-Question-12.html"}],"reference":{"reference":"Observation/FSC-SNF-Discharge-Mobility-SelfCare-1-Ob-Question-12"},"name":"FSC-SNF-Discharge-Mobility-SelfCare-1-Ob-Question-12","description":"An instance of FunctionalStatus","exampleCanonical":"http://paciowg.github.io/functional-status-ig/StructureDefinition/pacio-fs","groupingId":"-ex-example"},{"extension":[{"url":"http://hl7.org/fhir/StructureDefinition/implementationguide-page","valueUri":"Observation-FSC-SNF-Discharge-Mobility-SelfCare-1-Ob-Question-16.html"}],"reference":{"reference":"Observation/FSC-SNF-Discharge-Mobility-SelfCare-1-Ob-Question-16"},"name":"FSC-SNF-Discharge-Mobility-SelfCare-1-Ob-Question-16","description":"An instance of FunctionalStatus","exampleCanonical":"http://paciowg.github.io/functional-status-ig/StructureDefinition/pacio-fs","groupingId":"-ex-example"},{"extension":[{"url":"http://hl7.org/fhir/StructureDefinition/implementationguide-page","valueUri":"Observation-FSC-SNF-Discharge-Mobility-SelfCare-1-Ob-Question-20.html"}],"reference":{"reference":"Observation/FSC-SNF-Discharge-Mobility-SelfCare-1-Ob-Question-20"},"name":"FSC-SNF-Discharge-Mobility-SelfCare-1-Ob-Question-20","description":"An instance of FunctionalStatus","exampleCanonical":"http://paciowg.github.io/functional-status-ig/StructureDefinition/pacio-fs","groupingId":"-ex-example"},{"extension":[{"url":"http://hl7.org/fhir/StructureDefinition/implementationguide-page","valueUri":"Observation-FSC-SNF-Discharge-Mobility-SelfCare-1-Ob-Question-24.html"}],"reference":{"reference":"Observation/FSC-SNF-Discharge-Mobility-SelfCare-1-Ob-Question-24"},"name":"FSC-SNF-Discharge-Mobility-SelfCare-1-Ob-Question-24","description":"An instance of FunctionalStatus","exampleCanonical":"http://paciowg.github.io/functional-status-ig/StructureDefinition/pacio-fs","groupingId":"-ex-example"},{"extension":[{"url":"http://hl7.org/fhir/StructureDefinition/implementationguide-page","valueUri":"Observation-FSC-SNF-Discharge-Mobility-SelfCare-1-Ob-Question-28.html"}],"reference":{"reference":"Observation/FSC-SNF-Discharge-Mobility-SelfCare-1-Ob-Question-28"},"name":"FSC-SNF-Discharge-Mobility-SelfCare-1-Ob-Question-28","description":"An instance of FunctionalStatus","exampleCanonical":"http://paciowg.github.io/functional-status-ig/StructureDefinition/pacio-fs","groupingId":"-ex-example"},{"extension":[{"url":"http://hl7.org/fhir/StructureDefinition/implementationguide-page","valueUri":"Observation-FSC-SNF-Discharge-Mobility-SelfCare-1-Ob-Question-4.html"}],"reference":{"reference":"Observation/FSC-SNF-Discharge-Mobility-SelfCare-1-Ob-Question-4"},"name":"FSC-SNF-Discharge-Mobility-SelfCare-1-Ob-Question-4","description":"An instance of FunctionalStatus","exampleCanonical":"http://paciowg.github.io/functional-status-ig/StructureDefinition/pacio-fs","groupingId":"-ex-example"},{"extension":[{"url":"http://hl7.org/fhir/StructureDefinition/implementationguide-page","valueUri":"Observation-FSC-SNF-Discharge-Mobility-SelfCare-1-Ob-Question-8.html"}],"reference":{"reference":"Observation/FSC-SNF-Discharge-Mobility-SelfCare-1-Ob-Question-8"},"name":"FSC-SNF-Discharge-Mobility-SelfCare-1-Ob-Question-8","description":"An instance of FunctionalStatus","exampleCanonical":"http://paciowg.github.io/functional-status-ig/StructureDefinition/pacio-fs","groupingId":"-ex-example"},{"extension":[{"url":"http://hl7.org/fhir/StructureDefinition/implementationguide-page","valueUri":"Observation-FSC-SNF-DischargeGoal-Mobility-SelfCare-1.html"}],"reference":{"reference":"Observation/FSC-SNF-DischargeGoal-Mobility-SelfCare-1"},"name":"FSC-SNF-DischargeGoal-Mobility-SelfCare-1","description":"An instance of FunctionalStatusCollection","exampleCanonical":"http://paciowg.github.io/functional-status-ig/StructureDefinition/pacio-fsc","groupingId":"-ex-example"},{"extension":[{"url":"http://hl7.org/fhir/StructureDefinition/implementationguide-page","valueUri":"Observation-FSC-SNF-DischargeGoal-Mobility-SelfCare-1-Ob-Question-29.html"}],"reference":{"reference":"Observation/FSC-SNF-DischargeGoal-Mobility-SelfCare-1-Ob-Question-29"},"name":"FSC-SNF-DischargeGoal-Mobility-SelfCare-1-Ob-Question-29","description":"An instance of FunctionalStatus","exampleCanonical":"http://paciowg.github.io/functional-status-ig/StructureDefinition/pacio-fs","groupingId":"-ex-example"},{"extension":[{"url":"http://hl7.org/fhir/StructureDefinition/implementationguide-page","valueUri":"Observation-FSC-SNF-DischargeGoal-Mobility-SelfCare-1-Ob-Question-30.html"}],"reference":{"reference":"Observation/FSC-SNF-DischargeGoal-Mobility-SelfCare-1-Ob-Question-30"},"name":"FSC-SNF-DischargeGoal-Mobility-SelfCare-1-Ob-Question-30","description":"An instance of FunctionalStatus","exampleCanonical":"http://paciowg.github.io/functional-status-ig/StructureDefinition/pacio-fs","groupingId":"-ex-example"},{"extension":[{"url":"http://hl7.org/fhir/StructureDefinition/implementationguide-page","valueUri":"Observation-FSC-SNF-DischargeGoal-Mobility-SelfCare-1-Ob-Question-31.html"}],"reference":{"reference":"Observation/FSC-SNF-DischargeGoal-Mobility-SelfCare-1-Ob-Question-31"},"name":"FSC-SNF-DischargeGoal-Mobility-SelfCare-1-Ob-Question-31","description":"An instance of FunctionalStatus","exampleCanonical":"http://paciowg.github.io/functional-status-ig/StructureDefinition/pacio-fs","groupingId":"-ex-example"},{"extension":[{"url":"http://hl7.org/fhir/StructureDefinition/implementationguide-page","valueUri":"Observation-FSC-SNF-DischargeGoal-Mobility-SelfCare-1-Ob-Question-32.html"}],"reference":{"reference":"Observation/FSC-SNF-DischargeGoal-Mobility-SelfCare-1-Ob-Question-32"},"name":"FSC-SNF-DischargeGoal-Mobility-SelfCare-1-Ob-Question-32","description":"An instance of FunctionalStatus","exampleCanonical":"http://paciowg.github.io/functional-status-ig/StructureDefinition/pacio-fs","groupingId":"-ex-example"},{"extension":[{"url":"http://hl7.org/fhir/StructureDefinition/implementationguide-page","valueUri":"Observation-FSC-SNF-DischargeGoal-Mobility-SelfCare-1-Ob-Question-33.html"}],"reference":{"reference":"Observation/FSC-SNF-DischargeGoal-Mobility-SelfCare-1-Ob-Question-33"},"name":"FSC-SNF-DischargeGoal-Mobility-SelfCare-1-Ob-Question-33","description":"An instance of FunctionalStatus","exampleCanonical":"http://paciowg.github.io/functional-status-ig/StructureDefinition/pacio-fs","groupingId":"-ex-example"},{"extension":[{"url":"http://hl7.org/fhir/StructureDefinition/implementationguide-page","valueUri":"Observation-FSC-SNF-DischargeGoal-Mobility-SelfCare-1-Ob-Question-34.html"}],"reference":{"reference":"Observation/FSC-SNF-DischargeGoal-Mobility-SelfCare-1-Ob-Question-34"},"name":"FSC-SNF-DischargeGoal-Mobility-SelfCare-1-Ob-Question-34","description":"An instance of FunctionalStatus","exampleCanonical":"http://paciowg.github.io/functional-status-ig/StructureDefinition/pacio-fs","groupingId":"-ex-example"},{"extension":[{"url":"http://hl7.org/fhir/StructureDefinition/implementationguide-page","valueUri":"Observation-FSC-SNF-DischargeGoal-Mobility-SelfCare-1-Ob-Question-35.html"}],"reference":{"reference":"Observation/FSC-SNF-DischargeGoal-Mobility-SelfCare-1-Ob-Question-35"},"name":"FSC-SNF-DischargeGoal-Mobility-SelfCare-1-Ob-Question-35","description":"An instance of FunctionalStatus","exampleCanonical":"http://paciowg.github.io/functional-status-ig/StructureDefinition/pacio-fs","groupingId":"-ex-example"},{"extension":[{"url":"http://hl7.org/fhir/StructureDefinition/implementationguide-page","valueUri":"Organization-Org-01.html"}],"reference":{"reference":"Organization/Org-01"},"name":"Org-01","description":"An instance of Organization","exampleBoolean":true,"groupingId":"-ex-example"},{"extension":[{"url":"http://hl7.org/fhir/StructureDefinition/implementationguide-page","valueUri":"Organization-Org-02.html"}],"reference":{"reference":"Organization/Org-02"},"name":"Org-02","description":"An instance of Organization","exampleBoolean":true,"groupingId":"-ex-example"},{"extension":[{"url":"http://hl7.org/fhir/StructureDefinition/implementationguide-page","valueUri":"Organization-Org-03.html"}],"reference":{"reference":"Organization/Org-03"},"name":"Org-03","description":"An instance of Organization","exampleBoolean":true,"groupingId":"-ex-example"},{"extension":[{"url":"http://hl7.org/fhir/StructureDefinition/implementationguide-page","valueUri":"Location-Org-Loc-01.html"}],"reference":{"reference":"Location/Org-Loc-01"},"name":"Org-Loc-01","description":"An instance of Location","exampleBoolean":true,"groupingId":"-ex-example"},{"extension":[{"url":"http://hl7.org/fhir/StructureDefinition/implementationguide-page","valueUri":"Location-Org-Loc-02.html"}],"reference":{"reference":"Location/Org-Loc-02"},"name":"Org-Loc-02","description":"An instance of Location","exampleBoolean":true,"groupingId":"-ex-example"},{"extension":[{"url":"http://hl7.org/fhir/StructureDefinition/implementationguide-page","valueUri":"Location-Org-Loc-03.html"}],"reference":{"reference":"Location/Org-Loc-03"},"name":"Org-Loc-03","description":"An instance of Location","exampleBoolean":true,"groupingId":"-ex-example"},{"extension":[{"url":"http://hl7.org/fhir/StructureDefinition/implementationguide-page","valueUri":"Practitioner-Practitioner-DanielGranger.html"}],"reference":{"reference":"Practitioner/Practitioner-DanielGranger"},"name":"Practitioner-DanielGranger","description":"An instance of Practitioner","exampleBoolean":true,"groupingId":"-ex-example"},{"extension":[{"url":"http://hl7.org/fhir/StructureDefinition/implementationguide-page","valueUri":"Practitioner-Practitioner-JenCadbury.html"}],"reference":{"reference":"Practitioner/Practitioner-JenCadbury"},"name":"Practitioner-JenCadbury","description":"An instance of Practitioner","exampleBoolean":true,"groupingId":"-ex-example"},{"extension":[{"url":"http://hl7.org/fhir/StructureDefinition/implementationguide-page","valueUri":"Practitioner-Practitioner-JohnSmith.html"}],"reference":{"reference":"Practitioner/Practitioner-JohnSmith"},"name":"Practitioner-JohnSmith","description":"An instance of Practitioner","exampleBoolean":true,"groupingId":"-ex-example"},{"extension":[{"url":"http://hl7.org/fhir/StructureDefinition/implementationguide-page","valueUri":"Practitioner-Practitioner-LunaBaskins.html"}],"reference":{"reference":"Practitioner/Practitioner-LunaBaskins"},"name":"Practitioner-LunaBaskins","description":"An instance of Practitioner","exampleBoolean":true,"groupingId":"-ex-example"},{"extension":[{"url":"http://hl7.org/fhir/StructureDefinition/implementationguide-page","valueUri":"Practitioner-Practitioner-NoraOlogist.html"}],"reference":{"reference":"Practitioner/Practitioner-NoraOlogist"},"name":"Practitioner-NoraOlogist","description":"An instance of Practitioner","exampleBoolean":true,"groupingId":"-ex-example"},{"extension":[{"url":"http://hl7.org/fhir/StructureDefinition/implementationguide-page","valueUri":"Practitioner-Practitioner-RonMarble.html"}],"reference":{"reference":"Practitioner/Practitioner-RonMarble"},"name":"Practitioner-RonMarble","description":"An instance of Practitioner","exampleBoolean":true,"groupingId":"-ex-example"},{"extension":[{"url":"http://hl7.org/fhir/StructureDefinition/implementationguide-page","valueUri":"Practitioner-Practitioner-SallySmith.html"}],"reference":{"reference":"Practitioner/Practitioner-SallySmith"},"name":"Practitioner-SallySmith","description":"An instance of Practitioner","exampleBoolean":true,"groupingId":"-ex-example"},{"extension":[{"url":"http://hl7.org/fhir/StructureDefinition/implementationguide-page","valueUri":"Practitioner-Practitioner-ScottDumble.html"}],"reference":{"reference":"Practitioner/Practitioner-ScottDumble"},"name":"Practitioner-ScottDumble","description":"An instance of Practitioner","exampleBoolean":true,"groupingId":"-ex-example"},{"extension":[{"url":"http://hl7.org/fhir/StructureDefinition/implementationguide-page","valueUri":"QuestionnaireResponse-QResponse-HH-Discharge-Mobility-SelfCare-1.html"}],"reference":{"reference":"QuestionnaireResponse/QResponse-HH-Discharge-Mobility-SelfCare-1"},"name":"QResponse-HH-Discharge-Mobility-SelfCare-1","description":"An instance of QuestionnaireResponse","exampleBoolean":true,"groupingId":"-ex-example"},{"extension":[{"url":"http://hl7.org/fhir/StructureDefinition/implementationguide-page","valueUri":"QuestionnaireResponse-QResponse-HH-StartOfCare-Mobility-SelfCare-1.html"}],"reference":{"reference":"QuestionnaireResponse/QResponse-HH-StartOfCare-Mobility-SelfCare-1"},"name":"QResponse-HH-StartOfCare-Mobility-SelfCare-1","description":"An instance of QuestionnaireResponse","exampleBoolean":true,"groupingId":"-ex-example"},{"extension":[{"url":"http://hl7.org/fhir/StructureDefinition/implementationguide-page","valueUri":"QuestionnaireResponse-QResponse-Hospital-Admission-Mobility-1.html"}],"reference":{"reference":"QuestionnaireResponse/QResponse-Hospital-Admission-Mobility-1"},"name":"QResponse-Hospital-Admission-Mobility-1","description":"An instance of QuestionnaireResponse","exampleBoolean":true,"groupingId":"-ex-example"},{"extension":[{"url":"http://hl7.org/fhir/StructureDefinition/implementationguide-page","valueUri":"QuestionnaireResponse-QResponse-Hospital-Discharge-Mobility-1.html"}],"reference":{"reference":"QuestionnaireResponse/QResponse-Hospital-Discharge-Mobility-1"},"name":"QResponse-Hospital-Discharge-Mobility-1","description":"An instance of QuestionnaireResponse","exampleBoolean":true,"groupingId":"-ex-example"},{"extension":[{"url":"http://hl7.org/fhir/StructureDefinition/implementationguide-page","valueUri":"QuestionnaireResponse-QResponse-SNF-Admission-Mobility-SelfCare-1.html"}],"reference":{"reference":"QuestionnaireResponse/QResponse-SNF-Admission-Mobility-SelfCare-1"},"name":"QResponse-SNF-Admission-Mobility-SelfCare-1","description":"An instance of QuestionnaireResponse","exampleBoolean":true,"groupingId":"-ex-example"},{"extension":[{"url":"http://hl7.org/fhir/StructureDefinition/implementationguide-page","valueUri":"QuestionnaireResponse-QResponse-SNF-Discharge-Mobility-SelfCare-1.html"}],"reference":{"reference":"QuestionnaireResponse/QResponse-SNF-Discharge-Mobility-SelfCare-1"},"name":"QResponse-SNF-Discharge-Mobility-SelfCare-1","description":"An instance of QuestionnaireResponse","exampleBoolean":true,"groupingId":"-ex-example"},{"extension":[{"url":"http://hl7.org/fhir/StructureDefinition/implementationguide-page","valueUri":"QuestionnaireResponse-QResponse-SNF-DischargeGoal-Mobility-SelfCare-1.html"}],"reference":{"reference":"QuestionnaireResponse/QResponse-SNF-DischargeGoal-Mobility-SelfCare-1"},"name":"QResponse-SNF-DischargeGoal-Mobility-SelfCare-1","description":"An instance of QuestionnaireResponse","exampleBoolean":true,"groupingId":"-ex-example"},{"extension":[{"url":"http://hl7.org/fhir/StructureDefinition/implementationguide-page","valueUri":"PractitionerRole-Role-OT-DanielGranger.html"}],"reference":{"reference":"PractitionerRole/Role-OT-DanielGranger"},"name":"Role-OT-DanielGranger","description":"An instance of PractitionerRole","exampleBoolean":true,"groupingId":"-ex-example"},{"extension":[{"url":"http://hl7.org/fhir/StructureDefinition/implementationguide-page","valueUri":"PractitionerRole-Role-OT-JenCadbury.html"}],"reference":{"reference":"PractitionerRole/Role-OT-JenCadbury"},"name":"Role-OT-JenCadbury","description":"An instance of PractitionerRole","exampleBoolean":true,"groupingId":"-ex-example"},{"extension":[{"url":"http://hl7.org/fhir/StructureDefinition/implementationguide-page","valueUri":"PractitionerRole-Role-PT-LunaBaskins.html"}],"reference":{"reference":"PractitionerRole/Role-PT-LunaBaskins"},"name":"Role-PT-LunaBaskins","description":"An instance of PractitionerRole","exampleBoolean":true,"groupingId":"-ex-example"},{"extension":[{"url":"http://hl7.org/fhir/StructureDefinition/implementationguide-page","valueUri":"PractitionerRole-Role-PT-RonMarble.html"}],"reference":{"reference":"PractitionerRole/Role-PT-RonMarble"},"name":"Role-PT-RonMarble","description":"An instance of PractitionerRole","exampleBoolean":true,"groupingId":"-ex-example"},{"extension":[{"url":"http://hl7.org/fhir/StructureDefinition/implementationguide-page","valueUri":"PractitionerRole-Role-PT-SallySmith.html"}],"reference":{"reference":"PractitionerRole/Role-PT-SallySmith"},"name":"Role-PT-SallySmith","description":"An instance of PractitionerRole","exampleBoolean":true,"groupingId":"-ex-example"},{"extension":[{"url":"http://hl7.org/fhir/StructureDefinition/implementationguide-page","valueUri":"PractitionerRole-Role-PT-ScottDumble.html"}],"reference":{"reference":"PractitionerRole/Role-PT-ScottDumble"},"name":"Role-PT-ScottDumble","description":"An instance of PractitionerRole","exampleBoolean":true,"groupingId":"-ex-example"},{"extension":[{"url":"http://hl7.org/fhir/StructureDefinition/implementationguide-page","valueUri":"Patient-patientBSJ1.html"}],"reference":{"reference":"Patient/patientBSJ1"},"name":"patientBSJ1","description":"An instance of Patient","exampleBoolean":true,"groupingId":"-ex-example"},{"extension":[{"url":"http://hl7.org/fhir/StructureDefinition/implementationguide-page","valueUri":"Organization-provider-org-01.html"}],"reference":{"reference":"Organization/provider-org-01"},"name":"provider-org-01","description":"An instance of Organization","exampleBoolean":true,"groupingId":"-ex-example"},{"extension":[{"url":"http://hl7.org/fhir/StructureDefinition/implementationguide-page","valueUri":"Location-provider-org-loc-01.html"}],"reference":{"reference":"Location/provider-org-loc-01"},"name":"provider-org-loc-01","description":"An instance of Location","exampleBoolean":true,"groupingId":"-ex-example"},{"extension":[{"url":"http://hl7.org/fhir/StructureDefinition/implementationguide-page","valueUri":"PractitionerRole-provider-role-pcp.html"}],"reference":{"reference":"PractitionerRole/provider-role-pcp"},"name":"provider-role-pcp","description":"An instance of PractitionerRole","exampleBoolean":true,"groupingId":"-ex-example"},{"extension":[{"url":"http://hl7.org/fhir/StructureDefinition/implementationguide-page","valueUri":"CapabilityStatement-pacio-fs.html"}],"reference":{"reference":"CapabilityStatement/pacio-fs"},"name":"PACIO Functional Status Capability Statement","description":"This Capability Statement defines the expected capabilities of a PACIO Functional Status FHIR server conforming to the PACIO functional Status Implementation Guide.","exampleBoolean":false,"groupingId":"-dyn-capabilitystatement"}],"page":{"nameUrl":"toc.html","title":"Table of Contents","generation":"html","page":[{"nameUrl":"index.html","title":"Home","generation":"markdown"},{"nameUrl":"functional_status_use_case.html","title":"Functional Status Use Case","generation":"markdown"},{"nameUrl":"profile_highlights_and_guidance.html","title":"Profile Highlights and Guidance","generation":"markdown"},{"nameUrl":"security_and_data_sharing.html","title":"Security and Data Sharing","generation":"markdown"},{"nameUrl":"underlying_technologies.html","title":"Underlying Technologies","generation":"markdown"},{"nameUrl":"artifacts.html","title":"Artifacts Summary","generation":"html","page":[{"nameUrl":"CapabilityStatement-pacio-fs.html","title":"PACIO Functional Status Capability Statement","generation":"generated"},{"nameUrl":"StructureDefinition-pacio-fs.html","title":"PACIO Functional Status","generation":"generated"},{"nameUrl":"StructureDefinition-pacio-fsc.html","title":"PACIO Functional Status Collection","generation":"generated"},{"nameUrl":"StructureDefinition-pacio-nhfs.html","title":"PACIO Narrative History of Functional Status","generation":"generated"},{"nameUrl":"StructureDefinition-pacio-dev.html","title":"Use of Device","generation":"generated"},{"nameUrl":"StructureDefinition-assistance-required.html","title":"AssistanceRequired","generation":"generated"},{"nameUrl":"StructureDefinition-device-patient-used.html","title":"DevicePatientUsed","generation":"generated"},{"nameUrl":"StructureDefinition-event-location.html","title":"ObservationEventLocation","generation":"generated"},{"nameUrl":"Observation-BSJ-Narrative-History-Functional-Status-1.html","title":"BSJ-Narrative-History-Functional-Status-1","generation":"generated"},{"nameUrl":"Device-CMS-Device-1.html","title":"CMS-Device-1","generation":"generated"},{"nameUrl":"Device-CMS-Device-2.html","title":"CMS-Device-2","generation":"generated"},{"nameUrl":"Device-CMS-Device-3.html","title":"CMS-Device-3","generation":"generated"},{"nameUrl":"Device-CMS-Device-4.html","title":"CMS-Device-4","generation":"generated"},{"nameUrl":"Device-CMS-Device-5.html","title":"CMS-Device-5","generation":"generated"},{"nameUrl":"Device-CMS-Device-6.html","title":"CMS-Device-6","generation":"generated"},{"nameUrl":"Device-CMS-Device-7.html","title":"CMS-Device-7","generation":"generated"},{"nameUrl":"Observation-FSC-HH-Discharge-Mobility-SelfCare-1.html","title":"FSC-HH-Discharge-Mobility-SelfCare-1","generation":"generated"},{"nameUrl":"Observation-FSC-HH-Discharge-Mobility-SelfCare-1-Ob-Question-37.html","title":"FSC-HH-Discharge-Mobility-SelfCare-1-Ob-Question-37","generation":"generated"},{"nameUrl":"Observation-FSC-HH-Discharge-Mobility-SelfCare-1-Ob-Question-39.html","title":"FSC-HH-Discharge-Mobility-SelfCare-1-Ob-Question-39","generation":"generated"},{"nameUrl":"Observation-FSC-HH-Discharge-Mobility-SelfCare-1-Ob-Question-41.html","title":"FSC-HH-Discharge-Mobility-SelfCare-1-Ob-Question-41","generation":"generated"},{"nameUrl":"Observation-FSC-HH-Discharge-Mobility-SelfCare-1-Ob-Question-43.html","title":"FSC-HH-Discharge-Mobility-SelfCare-1-Ob-Question-43","generation":"generated"},{"nameUrl":"Observation-FSC-HH-Discharge-Mobility-SelfCare-1-Ob-Question-45.html","title":"FSC-HH-Discharge-Mobility-SelfCare-1-Ob-Question-45","generation":"generated"},{"nameUrl":"Observation-FSC-HH-Discharge-Mobility-SelfCare-1-Ob-Question-47.html","title":"FSC-HH-Discharge-Mobility-SelfCare-1-Ob-Question-47","generation":"generated"},{"nameUrl":"Observation-FSC-HH-Discharge-Mobility-SelfCare-1-Ob-Question-49.html","title":"FSC-HH-Discharge-Mobility-SelfCare-1-Ob-Question-49","generation":"generated"},{"nameUrl":"Observation-FSC-HH-StartOfCare-Mobility-SelfCare-1.html","title":"FSC-HH-StartOfCare-Mobility-SelfCare-1","generation":"generated"},{"nameUrl":"Observation-FSC-HH-StartOfCare-Mobility-SelfCare-1-Ob-Question-36.html","title":"FSC-HH-StartOfCare-Mobility-SelfCare-1-Ob-Question-36","generation":"generated"},{"nameUrl":"Observation-FSC-HH-StartOfCare-Mobility-SelfCare-1-Ob-Question-38.html","title":"FSC-HH-StartOfCare-Mobility-SelfCare-1-Ob-Question-38","generation":"generated"},{"nameUrl":"Observation-FSC-HH-StartOfCare-Mobility-SelfCare-1-Ob-Question-40.html","title":"FSC-HH-StartOfCare-Mobility-SelfCare-1-Ob-Question-40","generation":"generated"},{"nameUrl":"Observation-FSC-HH-StartOfCare-Mobility-SelfCare-1-Ob-Question-42.html","title":"FSC-HH-StartOfCare-Mobility-SelfCare-1-Ob-Question-42","generation":"generated"},{"nameUrl":"Observation-FSC-HH-StartOfCare-Mobility-SelfCare-1-Ob-Question-44.html","title":"FSC-HH-StartOfCare-Mobility-SelfCare-1-Ob-Question-44","generation":"generated"},{"nameUrl":"Observation-FSC-HH-StartOfCare-Mobility-SelfCare-1-Ob-Question-46.html","title":"FSC-HH-StartOfCare-Mobility-SelfCare-1-Ob-Question-46","generation":"generated"},{"nameUrl":"Observation-FSC-HH-StartOfCare-Mobility-SelfCare-1-Ob-Question-48.html","title":"FSC-HH-StartOfCare-Mobility-SelfCare-1-Ob-Question-48","generation":"generated"},{"nameUrl":"Observation-FSC-Hospital-Admission-Mobility-1.html","title":"FSC-Hospital-Admission-Mobility-1","generation":"generated"},{"nameUrl":"Observation-FSC-Hospital-Admission-Mobility-1-Ob-Question-1.html","title":"FSC-Hospital-Admission-Mobility-1-Ob-Question-1","generation":"generated"},{"nameUrl":"Observation-FSC-Hospital-Admission-Mobility-1-Ob-Question-13.html","title":"FSC-Hospital-Admission-Mobility-1-Ob-Question-13","generation":"generated"},{"nameUrl":"Observation-FSC-Hospital-Admission-Mobility-1-Ob-Question-19.html","title":"FSC-Hospital-Admission-Mobility-1-Ob-Question-19","generation":"generated"},{"nameUrl":"Observation-FSC-Hospital-Admission-Mobility-1-Ob-Question-25.html","title":"FSC-Hospital-Admission-Mobility-1-Ob-Question-25","generation":"generated"},{"nameUrl":"Observation-FSC-Hospital-Admission-Mobility-1-Ob-Question-31.html","title":"FSC-Hospital-Admission-Mobility-1-Ob-Question-31","generation":"generated"},{"nameUrl":"Observation-FSC-Hospital-Admission-Mobility-1-Ob-Question-37.html","title":"FSC-Hospital-Admission-Mobility-1-Ob-Question-37","generation":"generated"},{"nameUrl":"Observation-FSC-Hospital-Admission-Mobility-1-Ob-Question-43.html","title":"FSC-Hospital-Admission-Mobility-1-Ob-Question-43","generation":"generated"},{"nameUrl":"Observation-FSC-Hospital-Admission-Mobility-1-Ob-Question-49.html","title":"FSC-Hospital-Admission-Mobility-1-Ob-Question-49","generation":"generated"},{"nameUrl":"Observation-FSC-Hospital-Admission-Mobility-1-Ob-Question-55.html","title":"FSC-Hospital-Admission-Mobility-1-Ob-Question-55","generation":"generated"},{"nameUrl":"Observation-FSC-Hospital-Admission-Mobility-1-Ob-Question-61.html","title":"FSC-Hospital-Admission-Mobility-1-Ob-Question-61","generation":"generated"},{"nameUrl":"Observation-FSC-Hospital-Admission-Mobility-1-Ob-Question-67.html","title":"FSC-Hospital-Admission-Mobility-1-Ob-Question-67","generation":"generated"},{"nameUrl":"Observation-FSC-Hospital-Admission-Mobility-1-Ob-Question-7.html","title":"FSC-Hospital-Admission-Mobility-1-Ob-Question-7","generation":"generated"},{"nameUrl":"Observation-FSC-Hospital-Admission-Mobility-1-Ob-Question-73.html","title":"FSC-Hospital-Admission-Mobility-1-Ob-Question-73","generation":"generated"},{"nameUrl":"Observation-FSC-Hospital-Admission-Mobility-1-Ob-Question-79.html","title":"FSC-Hospital-Admission-Mobility-1-Ob-Question-79","generation":"generated"},{"nameUrl":"Observation-FSC-Hospital-Admission-Mobility-1-Ob-Question-85.html","title":"FSC-Hospital-Admission-Mobility-1-Ob-Question-85","generation":"generated"},{"nameUrl":"Observation-FSC-Hospital-Admission-Mobility-1-Ob-Question-91.html","title":"FSC-Hospital-Admission-Mobility-1-Ob-Question-91","generation":"generated"},{"nameUrl":"Observation-FSC-Hospital-Admission-Mobility-1-Ob-Question-97.html","title":"FSC-Hospital-Admission-Mobility-1-Ob-Question-97","generation":"generated"},{"nameUrl":"DeviceUseStatement-FSC-Hospital-Admission-Mobility-1-UseOfDevice-17.html","title":"FSC-Hospital-Admission-Mobility-1-UseOfDevice-17","generation":"generated"},{"nameUrl":"DeviceUseStatement-FSC-Hospital-Admission-Mobility-1-UseOfDevice-18.html","title":"FSC-Hospital-Admission-Mobility-1-UseOfDevice-18","generation":"generated"},{"nameUrl":"Observation-FSC-Hospital-Discharge-Mobility-1.html","title":"FSC-Hospital-Discharge-Mobility-1","generation":"generated"},{"nameUrl":"Observation-FSC-Hospital-Discharge-Mobility-1-Ob-Question-14.html","title":"FSC-Hospital-Discharge-Mobility-1-Ob-Question-14","generation":"generated"},{"nameUrl":"Observation-FSC-Hospital-Discharge-Mobility-1-Ob-Question-2.html","title":"FSC-Hospital-Discharge-Mobility-1-Ob-Question-2","generation":"generated"},{"nameUrl":"Observation-FSC-Hospital-Discharge-Mobility-1-Ob-Question-20.html","title":"FSC-Hospital-Discharge-Mobility-1-Ob-Question-20","generation":"generated"},{"nameUrl":"Observation-FSC-Hospital-Discharge-Mobility-1-Ob-Question-26.html","title":"FSC-Hospital-Discharge-Mobility-1-Ob-Question-26","generation":"generated"},{"nameUrl":"Observation-FSC-Hospital-Discharge-Mobility-1-Ob-Question-32.html","title":"FSC-Hospital-Discharge-Mobility-1-Ob-Question-32","generation":"generated"},{"nameUrl":"Observation-FSC-Hospital-Discharge-Mobility-1-Ob-Question-38.html","title":"FSC-Hospital-Discharge-Mobility-1-Ob-Question-38","generation":"generated"},{"nameUrl":"Observation-FSC-Hospital-Discharge-Mobility-1-Ob-Question-44.html","title":"FSC-Hospital-Discharge-Mobility-1-Ob-Question-44","generation":"generated"},{"nameUrl":"Observation-FSC-Hospital-Discharge-Mobility-1-Ob-Question-50.html","title":"FSC-Hospital-Discharge-Mobility-1-Ob-Question-50","generation":"generated"},{"nameUrl":"Observation-FSC-Hospital-Discharge-Mobility-1-Ob-Question-56.html","title":"FSC-Hospital-Discharge-Mobility-1-Ob-Question-56","generation":"generated"},{"nameUrl":"Observation-FSC-Hospital-Discharge-Mobility-1-Ob-Question-62.html","title":"FSC-Hospital-Discharge-Mobility-1-Ob-Question-62","generation":"generated"},{"nameUrl":"Observation-FSC-Hospital-Discharge-Mobility-1-Ob-Question-68.html","title":"FSC-Hospital-Discharge-Mobility-1-Ob-Question-68","generation":"generated"},{"nameUrl":"Observation-FSC-Hospital-Discharge-Mobility-1-Ob-Question-74.html","title":"FSC-Hospital-Discharge-Mobility-1-Ob-Question-74","generation":"generated"},{"nameUrl":"Observation-FSC-Hospital-Discharge-Mobility-1-Ob-Question-8.html","title":"FSC-Hospital-Discharge-Mobility-1-Ob-Question-8","generation":"generated"},{"nameUrl":"Observation-FSC-Hospital-Discharge-Mobility-1-Ob-Question-80.html","title":"FSC-Hospital-Discharge-Mobility-1-Ob-Question-80","generation":"generated"},{"nameUrl":"Observation-FSC-Hospital-Discharge-Mobility-1-Ob-Question-86.html","title":"FSC-Hospital-Discharge-Mobility-1-Ob-Question-86","generation":"generated"},{"nameUrl":"Observation-FSC-Hospital-Discharge-Mobility-1-Ob-Question-92.html","title":"FSC-Hospital-Discharge-Mobility-1-Ob-Question-92","generation":"generated"},{"nameUrl":"Observation-FSC-Hospital-Discharge-Mobility-1-Ob-Question-98.html","title":"FSC-Hospital-Discharge-Mobility-1-Ob-Question-98","generation":"generated"},{"nameUrl":"DeviceUseStatement-FSC-Hospital-Discharge-Mobility-1-UseOfDevice-1.html","title":"FSC-Hospital-Discharge-Mobility-1-UseOfDevice-1","generation":"generated"},{"nameUrl":"DeviceUseStatement-FSC-Hospital-Discharge-Mobility-1-UseOfDevice-2.html","title":"FSC-Hospital-Discharge-Mobility-1-UseOfDevice-2","generation":"generated"},{"nameUrl":"DeviceUseStatement-FSC-Hospital-Discharge-Mobility-1-UseOfDevice-3.html","title":"FSC-Hospital-Discharge-Mobility-1-UseOfDevice-3","generation":"generated"},{"nameUrl":"DeviceUseStatement-FSC-Hospital-Discharge-Mobility-1-UseOfDevice-4.html","title":"FSC-Hospital-Discharge-Mobility-1-UseOfDevice-4","generation":"generated"},{"nameUrl":"DeviceUseStatement-FSC-Hospital-Discharge-Mobility-1-UseOfDevice-5.html","title":"FSC-Hospital-Discharge-Mobility-1-UseOfDevice-5","generation":"generated"},{"nameUrl":"Observation-FSC-SNF-Admission-Mobility-SelfCare-1.html","title":"FSC-SNF-Admission-Mobility-SelfCare-1","generation":"generated"},{"nameUrl":"Observation-FSC-SNF-Admission-Mobility-SelfCare-1-Ob-Question-11.html","title":"FSC-SNF-Admission-Mobility-SelfCare-1-Ob-Question-11","generation":"generated"},{"nameUrl":"Observation-FSC-SNF-Admission-Mobility-SelfCare-1-Ob-Question-15.html","title":"FSC-SNF-Admission-Mobility-SelfCare-1-Ob-Question-15","generation":"generated"},{"nameUrl":"Observation-FSC-SNF-Admission-Mobility-SelfCare-1-Ob-Question-19.html","title":"FSC-SNF-Admission-Mobility-SelfCare-1-Ob-Question-19","generation":"generated"},{"nameUrl":"Observation-FSC-SNF-Admission-Mobility-SelfCare-1-Ob-Question-23.html","title":"FSC-SNF-Admission-Mobility-SelfCare-1-Ob-Question-23","generation":"generated"},{"nameUrl":"Observation-FSC-SNF-Admission-Mobility-SelfCare-1-Ob-Question-27.html","title":"FSC-SNF-Admission-Mobility-SelfCare-1-Ob-Question-27","generation":"generated"},{"nameUrl":"Observation-FSC-SNF-Admission-Mobility-SelfCare-1-Ob-Question-3.html","title":"FSC-SNF-Admission-Mobility-SelfCare-1-Ob-Question-3","generation":"generated"},{"nameUrl":"Observation-FSC-SNF-Admission-Mobility-SelfCare-1-Ob-Question-7.html","title":"FSC-SNF-Admission-Mobility-SelfCare-1-Ob-Question-7","generation":"generated"},{"nameUrl":"Observation-FSC-SNF-Discharge-Mobility-SelfCare-1.html","title":"FSC-SNF-Discharge-Mobility-SelfCare-1","generation":"generated"},{"nameUrl":"Observation-FSC-SNF-Discharge-Mobility-SelfCare-1-Ob-Question-12.html","title":"FSC-SNF-Discharge-Mobility-SelfCare-1-Ob-Question-12","generation":"generated"},{"nameUrl":"Observation-FSC-SNF-Discharge-Mobility-SelfCare-1-Ob-Question-16.html","title":"FSC-SNF-Discharge-Mobility-SelfCare-1-Ob-Question-16","generation":"generated"},{"nameUrl":"Observation-FSC-SNF-Discharge-Mobility-SelfCare-1-Ob-Question-20.html","title":"FSC-SNF-Discharge-Mobility-SelfCare-1-Ob-Question-20","generation":"generated"},{"nameUrl":"Observation-FSC-SNF-Discharge-Mobility-SelfCare-1-Ob-Question-24.html","title":"FSC-SNF-Discharge-Mobility-SelfCare-1-Ob-Question-24","generation":"generated"},{"nameUrl":"Observation-FSC-SNF-Discharge-Mobility-SelfCare-1-Ob-Question-28.html","title":"FSC-SNF-Discharge-Mobility-SelfCare-1-Ob-Question-28","generation":"generated"},{"nameUrl":"Observation-FSC-SNF-Discharge-Mobility-SelfCare-1-Ob-Question-4.html","title":"FSC-SNF-Discharge-Mobility-SelfCare-1-Ob-Question-4","generation":"generated"},{"nameUrl":"Observation-FSC-SNF-Discharge-Mobility-SelfCare-1-Ob-Question-8.html","title":"FSC-SNF-Discharge-Mobility-SelfCare-1-Ob-Question-8","generation":"generated"},{"nameUrl":"Observation-FSC-SNF-DischargeGoal-Mobility-SelfCare-1.html","title":"FSC-SNF-DischargeGoal-Mobility-SelfCare-1","generation":"generated"},{"nameUrl":"Observation-FSC-SNF-DischargeGoal-Mobility-SelfCare-1-Ob-Question-29.html","title":"FSC-SNF-DischargeGoal-Mobility-SelfCare-1-Ob-Question-29","generation":"generated"},{"nameUrl":"Observation-FSC-SNF-DischargeGoal-Mobility-SelfCare-1-Ob-Question-30.html","title":"FSC-SNF-DischargeGoal-Mobility-SelfCare-1-Ob-Question-30","generation":"generated"},{"nameUrl":"Observation-FSC-SNF-DischargeGoal-Mobility-SelfCare-1-Ob-Question-31.html","title":"FSC-SNF-DischargeGoal-Mobility-SelfCare-1-Ob-Question-31","generation":"generated"},{"nameUrl":"Observation-FSC-SNF-DischargeGoal-Mobility-SelfCare-1-Ob-Question-32.html","title":"FSC-SNF-DischargeGoal-Mobility-SelfCare-1-Ob-Question-32","generation":"generated"},{"nameUrl":"Observation-FSC-SNF-DischargeGoal-Mobility-SelfCare-1-Ob-Question-33.html","title":"FSC-SNF-DischargeGoal-Mobility-SelfCare-1-Ob-Question-33","generation":"generated"},{"nameUrl":"Observation-FSC-SNF-DischargeGoal-Mobility-SelfCare-1-Ob-Question-34.html","title":"FSC-SNF-DischargeGoal-Mobility-SelfCare-1-Ob-Question-34","generation":"generated"},{"nameUrl":"Observation-FSC-SNF-DischargeGoal-Mobility-SelfCare-1-Ob-Question-35.html","title":"FSC-SNF-DischargeGoal-Mobility-SelfCare-1-Ob-Question-35","generation":"generated"},{"nameUrl":"Organization-Org-01.html","title":"Org-01","generation":"generated"},{"nameUrl":"Organization-Org-02.html","title":"Org-02","generation":"generated"},{"nameUrl":"Organization-Org-03.html","title":"Org-03","generation":"generated"},{"nameUrl":"Location-Org-Loc-01.html","title":"Org-Loc-01","generation":"generated"},{"nameUrl":"Location-Org-Loc-02.html","title":"Org-Loc-02","generation":"generated"},{"nameUrl":"Location-Org-Loc-03.html","title":"Org-Loc-03","generation":"generated"},{"nameUrl":"Practitioner-Practitioner-DanielGranger.html","title":"Practitioner-DanielGranger","generation":"generated"},{"nameUrl":"Practitioner-Practitioner-JenCadbury.html","title":"Practitioner-JenCadbury","generation":"generated"},{"nameUrl":"Practitioner-Practitioner-JohnSmith.html","title":"Practitioner-JohnSmith","generation":"generated"},{"nameUrl":"Practitioner-Practitioner-LunaBaskins.html","title":"Practitioner-LunaBaskins","generation":"generated"},{"nameUrl":"Practitioner-Practitioner-NoraOlogist.html","title":"Practitioner-NoraOlogist","generation":"generated"},{"nameUrl":"Practitioner-Practitioner-RonMarble.html","title":"Practitioner-RonMarble","generation":"generated"},{"nameUrl":"Practitioner-Practitioner-SallySmith.html","title":"Practitioner-SallySmith","generation":"generated"},{"nameUrl":"Practitioner-Practitioner-ScottDumble.html","title":"Practitioner-ScottDumble","generation":"generated"},{"nameUrl":"QuestionnaireResponse-QResponse-HH-Discharge-Mobility-SelfCare-1.html","title":"QResponse-HH-Discharge-Mobility-SelfCare-1","generation":"generated"},{"nameUrl":"QuestionnaireResponse-QResponse-HH-StartOfCare-Mobility-SelfCare-1.html","title":"QResponse-HH-StartOfCare-Mobility-SelfCare-1","generation":"generated"},{"nameUrl":"QuestionnaireResponse-QResponse-Hospital-Admission-Mobility-1.html","title":"QResponse-Hospital-Admission-Mobility-1","generation":"generated"},{"nameUrl":"QuestionnaireResponse-QResponse-Hospital-Discharge-Mobility-1.html","title":"QResponse-Hospital-Discharge-Mobility-1","generation":"generated"},{"nameUrl":"QuestionnaireResponse-QResponse-SNF-Admission-Mobility-SelfCare-1.html","title":"QResponse-SNF-Admission-Mobility-SelfCare-1","generation":"generated"},{"nameUrl":"QuestionnaireResponse-QResponse-SNF-Discharge-Mobility-SelfCare-1.html","title":"QResponse-SNF-Discharge-Mobility-SelfCare-1","generation":"generated"},{"nameUrl":"QuestionnaireResponse-QResponse-SNF-DischargeGoal-Mobility-SelfCare-1.html","title":"QResponse-SNF-DischargeGoal-Mobility-SelfCare-1","generation":"generated"},{"nameUrl":"PractitionerRole-Role-OT-DanielGranger.html","title":"Role-OT-DanielGranger","generation":"generated"},{"nameUrl":"PractitionerRole-Role-OT-JenCadbury.html","title":"Role-OT-JenCadbury","generation":"generated"},{"nameUrl":"PractitionerRole-Role-PT-LunaBaskins.html","title":"Role-PT-LunaBaskins","generation":"generated"},{"nameUrl":"PractitionerRole-Role-PT-RonMarble.html","title":"Role-PT-RonMarble","generation":"generated"},{"nameUrl":"PractitionerRole-Role-PT-SallySmith.html","title":"Role-PT-SallySmith","generation":"generated"},{"nameUrl":"PractitionerRole-Role-PT-ScottDumble.html","title":"Role-PT-ScottDumble","generation":"generated"},{"nameUrl":"Patient-patientBSJ1.html","title":"patientBSJ1","generation":"generated"},{"nameUrl":"Organization-provider-org-01.html","title":"provider-org-01","generation":"generated"},{"nameUrl":"Location-provider-org-loc-01.html","title":"provider-org-loc-01","generation":"generated"},{"nameUrl":"PractitionerRole-provider-role-pcp.html","title":"provider-role-pcp","generation":"generated"}]}]},"parameter":[{"code":"path-resource","value":"input/capabilities"},{"code":"path-resource","value":"input/examples"},{"code":"path-resource","value":"input/extensions"},{"code":"path-resource","value":"input/models"},{"code":"path-resource","value":"input/operations"},{"code":"path-resource","value":"input/profiles"},{"code":"path-resource","value":"input/resources"},{"code":"path-resource","value":"input/vocabulary"},{"code":"path-resource","value":"input/maps"},{"code":"path-resource","value":"input/testing"},{"code":"path-resource","value":"input/history"},{"code":"path-resource","value":"fsh-generated/resources"},{"code":"path-pages","value":"template/config"},{"code":"path-pages","value":"input/images"},{"code":"path-tx-cache","value":"input-cache/txcache"}]}}