{
  "resourceType": "DeviceUseStatement",
  "id": "BFS-SNF-Discharge-Mobility-1-UseOfDevice-11",
  "meta": {
    "profile": [
      "http://paciowg.github.io/functional-status-ig/StructureDefinition/pacio-dev"
    ]
  },
  "text": {
    "status": "generated",
    "div": "<div xmlns=\"http://www.w3.org/1999/xhtml\"><p><b>Generated Narrative</b></p><p><b>status</b>: active</p><p><b>subject</b>: <a href=\"Patient-patientBSJ1.html\">Generated Summary: Betsy Smith-Johnson </a></p><p><b>derivedFrom</b>: <a href=\"Observation-BFS-SNF-Discharge-Mobility-1.html\">Generated Summary: <span title=\"Codes: {http://paciowg.github.io/cognitive-status-ig/CodeSystem/pacio-cat-cs functioning}\">functioning</span>, <span title=\"Codes: {http://terminology.hl7.org/CodeSystem/observation-category survey}\">Survey</span>; <span title=\"Codes: {http://loinc.org 88331-4}\">Mobility - discharge performance during 3 day assessment period [CMS Assessment]</span>; effective: Aug 1, 2020, 9:00:00 AM</a></p><p><b>recordedOn</b>: Aug 1, 2020, 9:00:00 AM</p><p><b>source</b>: <a href=\"Practitioner-Practitioner-DanielGranger.html\">Generated Summary: active; Daniel Granger ; gender: male</a></p><p><b>device</b>: <a href=\"Device-CMS-Device-6.html\">Generated Summary: <span title=\"Codes: {http://snomed.info/sct 360303004}\">Hand rail</span></a></p></div>"
  },
  "status": "active",
  "subject": {
    "reference": "Patient/patientBSJ1"
  },
  "derivedFrom": [
    {
      "reference": "Observation/BFS-SNF-Discharge-Mobility-1"
    }
  ],
  "recordedOn": "2020-08-01T11:00:00-05:00",
  "source": {
    "reference": "Practitioner/Practitioner-DanielGranger"
  },
  "device": {
    "reference": "Device/CMS-Device-6"
  }
}