{
  "resourceType": "Observation",
  "id": "FSC-Hospital-Admission-Mobility-1-Ob-Question-79",
  "meta": {
    "profile": [
      "http://paciowg.github.io/functional-status-ig/StructureDefinition/pacio-fs"
    ]
  },
  "text": {
    "status": "extensions",
    "div": "<div xmlns=\"http://www.w3.org/1999/xhtml\"><p><b>Generated Narrative</b></p><p><b>ObservationEventLocation</b>: <a href=\"Location-Org-Loc-01.html\">Generated Summary: status: active; name: San Antonio General Hospital</a></p><p></p><p><b>category</b>: <span title=\"Codes: {http://paciowg.github.io/functional-status-ig/CodeSystem/pacio-cat-cs functioning}\">Functioning</span></p><p><b>code</b>: <span title=\"Codes: {http://loinc.org 83192-5}\">12 steps</span></p><p><b>subject</b>: <a href=\"Patient-patientBSJ1.html\">Generated Summary: Betsy Smith-Johnson </a></p><p><b>effective</b>: Jul 8, 2020, 2:00:00 PM</p><p><b>performer</b>: <a href=\"PractitionerRole-Role-PT-SallySmith.html\">Generated Summary: active; <span title=\"Codes: {http://snomed.info/sct 36682004}\">Physiotherapist</span></a></p><p><b>value</b>: <span title=\"Codes: {http://loinc.org LA26735-3}\">Not attempted</span></p><p><b>derivedFrom</b>: <a href=\"QuestionnaireResponse-QResponse-Hospital-Admission-Mobility-1.html\">Generated Summary: questionnaire: https://api.logicahealth.org/PACIO/open/Questionnaire/MDS3.0-NC-1.17; status: completed; authored: Jul 8, 2020, 2:00:00 PM</a></p></div>"
  },
  "extension": [
    {
      "url": "http://paciowg.github.io/functional-status-ig/StructureDefinition/event-location",
      "valueReference": {
        "reference": "Location/Org-Loc-01"
      }
    }
  ],
  "status": "final",
  "category": [
    {
      "coding": [
        {
          "system": "http://paciowg.github.io/functional-status-ig/CodeSystem/pacio-cat-cs",
          "code": "functioning",
          "display": "Functioning"
        }
      ]
    }
  ],
  "code": {
    "coding": [
      {
        "system": "http://loinc.org",
        "code": "83192-5",
        "display": "12 steps - functional ability during 3 day assessment period [CMS Assessment]"
      }
    ],
    "text": "12 steps"
  },
  "subject": {
    "reference": "Patient/patientBSJ1"
  },
  "effectiveDateTime": "2020-07-08T16:00:00-05:00",
  "performer": [
    {
      "reference": "PractitionerRole/Role-PT-SallySmith"
    }
  ],
  "valueCodeableConcept": {
    "coding": [
      {
        "system": "http://loinc.org",
        "code": "LA26735-3",
        "display": "Not attempted due to medical condition or safety concerns"
      }
    ],
    "text": "Not attempted"
  },
  "derivedFrom": [
    {
      "reference": "QuestionnaireResponse/QResponse-Hospital-Admission-Mobility-1"
    }
  ]
}