{
  "resourceType": "Observation",
  "id": "BFS-SNF-Discharge-Mobility-1-Ob-Question-10",
  "meta": {
    "profile": [
      "http://paciowg.github.io/functional-status-ig/StructureDefinition/pacio-fs"
    ]
  },
  "text": {
    "status": "extensions",
    "div": "<div xmlns=\"http://www.w3.org/1999/xhtml\"><p><b>Generated Narrative</b></p><p><b>Event Location</b>: <a href=\"Location-Org-Loc-02.html\">Generated Summary: status: active; name: Happy Nursing Facility</a></p><p></p><p><b>category</b>: <span title=\"Codes: {http://paciowg.github.io/cognitive-status-ig/CodeSystem/pacio-cat-cs functioning}\">functioning</span></p><p><b>code</b>: <span title=\"Codes: {http://loinc.org 83216-2}\">Sit to lying</span></p><p><b>subject</b>: <a href=\"Patient-patientBSJ1.html\">Generated Summary: Betsy Smith-Johnson </a></p><p><b>effective</b>: Aug 1, 2020, 9:00:00 AM</p><p><b>performer</b>: </p><ul><li><a href=\"Practitioner-Practitioner-DanielGranger.html\">Generated Summary: active; Daniel Granger ; gender: male</a></li><li><a href=\"PractitionerRole-Role-PT.html\">Generated Summary: active; <span title=\"Codes: {http://snomed.info/sct 36682004}\">Physiotherapist</span></a></li><li><a href=\"Organization-Org-02.html\">Organization. Generated Summary: name: Happy Nursing Facility</a></li></ul><p><b>value</b>: <span title=\"Codes: {http://loinc.org LA10073-7}\">Setup or cleanup assistance</span></p><p><b>derivedFrom</b>: <a href=\"QuestionnaireResponse-QResponse-SNF-Discharge-Mobility-1.html\">Generated Summary: questionnaire: https://api.logicahealth.org/PACIO/open/Questionnaire/MDS3.0-NC-1.17; status: completed; authored: Aug 1, 2020, 9:00:00 AM</a></p></div>"
  },
  "extension": [
    {
      "url": "http://hl7.org/fhir/StructureDefinition/event-location",
      "valueReference": {
        "reference": "Location/Org-Loc-02"
      }
    }
  ],
  "status": "final",
  "category": [
    {
      "coding": [
        {
          "system": "http://paciowg.github.io/cognitive-status-ig/CodeSystem/pacio-cat-cs",
          "code": "functioning"
        }
      ]
    }
  ],
  "code": {
    "coding": [
      {
        "system": "http://loinc.org",
        "code": "83216-2",
        "display": "Sit to lying - functional ability during 3 day assessment period [CMS Assessment]"
      }
    ],
    "text": "Sit to lying"
  },
  "subject": {
    "reference": "Patient/patientBSJ1"
  },
  "effectiveDateTime": "2020-08-01T11:00:00-05:00",
  "performer": [
    {
      "reference": "Practitioner/Practitioner-DanielGranger"
    },
    {
      "reference": "PractitionerRole/Role-PT"
    },
    {
      "reference": "Organization/Org-02",
      "display": "Organization"
    }
  ],
  "valueCodeableConcept": {
    "coding": [
      {
        "system": "http://loinc.org",
        "code": "LA10073-7",
        "display": "Setup or clean-up assistance - Helper sets up or cleans up; patient completes activity. Helper assists only prior to or following the activity."
      }
    ],
    "text": "Setup or cleanup assistance"
  },
  "derivedFrom": [
    {
      "reference": "QuestionnaireResponse/QResponse-SNF-Discharge-Mobility-1"
    }
  ]
}