{
  "resourceType": "Observation",
  "id": "BFS-SNF-Admission-Mobility-SelfCare-1",
  "meta": {
    "profile": [
      "http://paciowg.github.io/functional-status-ig/StructureDefinition/pacio-fsc"
    ]
  },
  "text": {
    "status": "extensions",
    "div": "<div xmlns=\"http://www.w3.org/1999/xhtml\"><p><b>Generated Narrative</b></p><p><b>Event Location</b>: <a href=\"Location-Org-Loc-02.html\">Generated Summary: status: active; name: Happy Nursing Facility</a></p><p></p><p><b>category</b>: <span title=\"Codes: {http://paciowg.github.io/cognitive-status-ig/CodeSystem/pacio-cat-cs functioning}\">functioning</span>, <span title=\"Codes: {http://terminology.hl7.org/CodeSystem/observation-category survey}\">Survey</span></p><p><b>code</b>: <span title=\"Codes: {http://loinc.org 83233-7}\">Self-care - admission performance [CMS Assessment]</span></p><p><b>subject</b>: <a href=\"Patient-patientBSJ1.html\">Generated Summary: Betsy Smith-Johnson </a></p><p><b>effective</b>: Jul 11, 2020, 2:32:00 PM</p><p><b>performer</b>: </p><ul><li><a href=\"Practitioner-Practitioner-JenCadbury.html\">Generated Summary: active; Jen Cadbury ; gender: female</a></li><li><a href=\"PractitionerRole-Role-OT.html\">Generated Summary: active; <span title=\"Codes: {http://snomed.info/sct 80546007}\">Occupational therapist</span></a></li><li><a href=\"Organization-Org-02.html\">Organization. Generated Summary: name: Happy Nursing Facility</a></li></ul><p><b>hasMember</b>: </p><ul><li><a href=\"Observation-BFS-SNF-Admission-Mobility-SelfCare-1-Ob-Question-3.html\">Generated Summary: <span title=\"Codes: {http://paciowg.github.io/cognitive-status-ig/CodeSystem/pacio-cat-cs functioning}\">functioning</span>; <span title=\"Codes: {http://loinc.org 83232-9}\">Eating</span>; effective: Jul 11, 2020, 2:32:00 PM; <span title=\"Codes: {http://loinc.org LA10055-4}\">Partial/moderate assistance</span></a></li><li><a href=\"Observation-BFS-SNF-Admission-Mobility-SelfCare-1-Ob-Question-7.html\">Generated Summary: <span title=\"Codes: {http://paciowg.github.io/cognitive-status-ig/CodeSystem/pacio-cat-cs functioning}\">functioning</span>; <span title=\"Codes: {http://loinc.org 83230-3}\">Oral hygiene</span>; effective: Jul 11, 2020, 2:32:00 PM; <span title=\"Codes: {http://loinc.org LA10055-4}\">Partial/moderate assistance</span></a></li><li><a href=\"Observation-BFS-SNF-Admission-Mobility-SelfCare-1-Ob-Question-11.html\">Generated Summary: <span title=\"Codes: {http://paciowg.github.io/cognitive-status-ig/CodeSystem/pacio-cat-cs functioning}\">functioning</span>; <span title=\"Codes: {http://loinc.org 83228-7}\">Toileting hygiene</span>; effective: Jul 11, 2020, 2:32:00 PM; <span title=\"Codes: {http://loinc.org LA10055-4}\">Partial/moderate assistance</span></a></li><li><a href=\"Observation-BFS-SNF-Admission-Mobility-SelfCare-1-Ob-Question-15.html\">Generated Summary: <span title=\"Codes: {http://paciowg.github.io/cognitive-status-ig/CodeSystem/pacio-cat-cs functioning}\">functioning</span>; <span title=\"Codes: {http://loinc.org 83226-1}\">Shower/bathe self</span>; effective: Jul 11, 2020, 2:32:00 PM; <span title=\"Codes: {http://loinc.org LA26735-3}\">Not attempted</span></a></li><li><a href=\"Observation-BFS-SNF-Admission-Mobility-SelfCare-1-Ob-Question-19.html\">Generated Summary: <span title=\"Codes: {http://paciowg.github.io/cognitive-status-ig/CodeSystem/pacio-cat-cs functioning}\">functioning</span>; <span title=\"Codes: {http://loinc.org 83224-6}\">Upper body dressing</span>; effective: Jul 11, 2020, 2:32:00 PM; <span title=\"Codes: {http://loinc.org LA10055-4}\">Partial/moderate assistance</span></a></li><li><a href=\"Observation-BFS-SNF-Admission-Mobility-SelfCare-1-Ob-Question-23.html\">Generated Summary: <span title=\"Codes: {http://paciowg.github.io/cognitive-status-ig/CodeSystem/pacio-cat-cs functioning}\">functioning</span>; <span title=\"Codes: {http://loinc.org 83222-0}\">Lower body dressing</span>; effective: Jul 11, 2020, 2:32:00 PM; <span title=\"Codes: {http://loinc.org LA11759-0}\">Substantial/maximal assistance</span></a></li><li><a href=\"Observation-BFS-SNF-Admission-Mobility-SelfCare-1-Ob-Question-27.html\">Generated Summary: <span title=\"Codes: {http://paciowg.github.io/cognitive-status-ig/CodeSystem/pacio-cat-cs functioning}\">functioning</span>; <span title=\"Codes: {http://loinc.org 83220-4}\">Putting on/taking off footwear</span>; effective: Jul 11, 2020, 2:32:00 PM; <span title=\"Codes: {http://loinc.org LA11759-0}\">Substantial/maximal assistance</span></a></li></ul><p><b>derivedFrom</b>: <a href=\"QuestionnaireResponse-QResponse-SNF-Admission-Mobility-SelfCare-1.html\">Questionnaire Response. Generated Summary: questionnaire: https://api.logicahealth.org/PACIO/open/Questionnaire/MDS3.0-NC-1.17; status: completed; authored: Jul 11, 2020, 2:32:00 PM</a></p></div>"
  },
  "extension": [
    {
      "url": "http://hl7.org/fhir/StructureDefinition/event-location",
      "valueReference": {
        "reference": "Location/Org-Loc-02"
      }
    }
  ],
  "status": "final",
  "category": [
    {
      "coding": [
        {
          "system": "http://paciowg.github.io/cognitive-status-ig/CodeSystem/pacio-cat-cs",
          "code": "functioning"
        }
      ]
    },
    {
      "coding": [
        {
          "system": "http://terminology.hl7.org/CodeSystem/observation-category",
          "code": "survey",
          "display": "Survey"
        }
      ]
    }
  ],
  "code": {
    "coding": [
      {
        "system": "http://loinc.org",
        "code": "83233-7",
        "display": "Self-care - admission performance [CMS Assessment]"
      }
    ]
  },
  "subject": {
    "reference": "Patient/patientBSJ1"
  },
  "effectiveDateTime": "2020-07-11T16:32:00-05:00",
  "performer": [
    {
      "reference": "Practitioner/Practitioner-JenCadbury"
    },
    {
      "reference": "PractitionerRole/Role-OT"
    },
    {
      "reference": "Organization/Org-02",
      "display": "Organization"
    }
  ],
  "hasMember": [
    {
      "reference": "Observation/BFS-SNF-Admission-Mobility-SelfCare-1-Ob-Question-3"
    },
    {
      "reference": "Observation/BFS-SNF-Admission-Mobility-SelfCare-1-Ob-Question-7"
    },
    {
      "reference": "Observation/BFS-SNF-Admission-Mobility-SelfCare-1-Ob-Question-11"
    },
    {
      "reference": "Observation/BFS-SNF-Admission-Mobility-SelfCare-1-Ob-Question-15"
    },
    {
      "reference": "Observation/BFS-SNF-Admission-Mobility-SelfCare-1-Ob-Question-19"
    },
    {
      "reference": "Observation/BFS-SNF-Admission-Mobility-SelfCare-1-Ob-Question-23"
    },
    {
      "reference": "Observation/BFS-SNF-Admission-Mobility-SelfCare-1-Ob-Question-27"
    }
  ],
  "derivedFrom": [
    {
      "reference": "QuestionnaireResponse/QResponse-SNF-Admission-Mobility-SelfCare-1",
      "display": "Questionnaire Response"
    }
  ]
}