{
  "resourceType": "Observation",
  "id": "FSC-HH-StartOfCare-Mobility-SelfCare-1",
  "meta": {
    "profile": [
      "http://paciowg.github.io/functional-status-ig/StructureDefinition/pacio-fsc"
    ]
  },
  "text": {
    "status": "extensions",
    "div": "<div xmlns=\"http://www.w3.org/1999/xhtml\"><p><b>Generated Narrative</b></p><p><b>ObservationEventLocation</b>: <a href=\"Location-Org-Loc-03.html\">Generated Summary: status: active; name: Sky Harbor Home Health Services</a></p><p></p><p><b>category</b>: <span title=\"Codes: {http://paciowg.github.io/cognitive-status-ig/CodeSystem/pacio-cat-cs functioning}\">Functioning</span>, <span title=\"Codes: {http://terminology.hl7.org/CodeSystem/observation-category survey}\">Survey</span></p><p><b>code</b>: <span title=\"Codes: {http://loinc.org 89479-0}\">OASIS D - Self-care - SOC/ROC performance during assessment period [CMS Assessment]</span></p><p><b>subject</b>: <a href=\"Patient-patientBSJ1.html\">Generated Summary: Betsy Smith-Johnson </a></p><p><b>effective</b>: Aug 2, 2020, 11:31:00 AM</p><p><b>performer</b>: <a href=\"PractitionerRole-Role-PT-LunaBaskins.html\">Generated Summary: active; <span title=\"Codes: {http://snomed.info/sct 36682004}\">Physiotherapist</span></a></p><p><b>hasMember</b>: </p><ul><li><a href=\"Observation-FSC-HH-StartOfCare-Mobility-SelfCare-1-Ob-Question-36.html\">Generated Summary: <span title=\"Codes: {http://paciowg.github.io/cognitive-status-ig/CodeSystem/pacio-cat-cs functioning}\">Functioning</span>, <span title=\"Codes: {http://terminology.hl7.org/CodeSystem/observation-category survey}\">Survey</span>; <span title=\"Codes: {http://loinc.org 89410-5}\">Eating</span>; effective: Aug 2, 2020, 11:31:00 AM; <span title=\"Codes: {http://loinc.org LA9983-3}\">Independent</span></a></li><li><a href=\"Observation-FSC-HH-StartOfCare-Mobility-SelfCare-1-Ob-Question-38.html\">Generated Summary: <span title=\"Codes: {http://paciowg.github.io/cognitive-status-ig/CodeSystem/pacio-cat-cs functioning}\">Functioning</span>, <span title=\"Codes: {http://terminology.hl7.org/CodeSystem/observation-category survey}\">Survey</span>; <span title=\"Codes: {http://loinc.org 89405-5}\">Oral hygiene</span>; effective: Aug 2, 2020, 11:31:00 AM; <span title=\"Codes: {http://loinc.org LA9983-3}\">Independent</span></a></li><li><a href=\"Observation-FSC-HH-StartOfCare-Mobility-SelfCare-1-Ob-Question-40.html\">Generated Summary: <span title=\"Codes: {http://paciowg.github.io/cognitive-status-ig/CodeSystem/pacio-cat-cs functioning}\">Functioning</span>, <span title=\"Codes: {http://terminology.hl7.org/CodeSystem/observation-category survey}\">Survey</span>; <span title=\"Codes: {http://loinc.org 57245-3}\">Toileting hygiene</span>; effective: Aug 2, 2020, 11:31:00 AM; <span title=\"Codes: {http://loinc.org LA10073-7}\">Setup or cleanup assistance</span></a></li><li><a href=\"Observation-FSC-HH-StartOfCare-Mobility-SelfCare-1-Ob-Question-42.html\">Generated Summary: <span title=\"Codes: {http://paciowg.github.io/cognitive-status-ig/CodeSystem/pacio-cat-cs functioning}\">Functioning</span>, <span title=\"Codes: {http://terminology.hl7.org/CodeSystem/observation-category survey}\">Survey</span>; <span title=\"Codes: {http://loinc.org 89397-4}\">Shower/bathe self</span>; effective: Aug 2, 2020, 11:31:00 AM; <span title=\"Codes: {http://loinc.org LA11759-0}\">Substantial/maximal assistance</span></a></li><li><a href=\"Observation-FSC-HH-StartOfCare-Mobility-SelfCare-1-Ob-Question-44.html\">Generated Summary: <span title=\"Codes: {http://paciowg.github.io/cognitive-status-ig/CodeSystem/pacio-cat-cs functioning}\">Functioning</span>, <span title=\"Codes: {http://terminology.hl7.org/CodeSystem/observation-category survey}\">Survey</span>; <span title=\"Codes: {http://loinc.org 89388-3}\">Upper body dressing</span>; effective: Aug 2, 2020, 11:31:00 AM; <span title=\"Codes: {http://loinc.org LA10073-7}\">Setup or cleanup assistance</span></a></li><li><a href=\"Observation-FSC-HH-StartOfCare-Mobility-SelfCare-1-Ob-Question-46.html\">Generated Summary: <span title=\"Codes: {http://paciowg.github.io/cognitive-status-ig/CodeSystem/pacio-cat-cs functioning}\">Functioning</span>, <span title=\"Codes: {http://terminology.hl7.org/CodeSystem/observation-category survey}\">Survey</span>; <span title=\"Codes: {http://loinc.org 89407-1}\">Lower body dressing</span>; effective: Aug 2, 2020, 11:31:00 AM; <span title=\"Codes: {http://loinc.org LA10055-4}\">Partial/moderate assistance</span></a></li><li><a href=\"Observation-FSC-HH-StartOfCare-Mobility-SelfCare-1-Ob-Question-48.html\">Generated Summary: <span title=\"Codes: {http://paciowg.github.io/cognitive-status-ig/CodeSystem/pacio-cat-cs functioning}\">Functioning</span>, <span title=\"Codes: {http://terminology.hl7.org/CodeSystem/observation-category survey}\">Survey</span>; <span title=\"Codes: {http://loinc.org 89401-4}\">Putting on and taking off footwear</span>; effective: Aug 2, 2020, 11:31:00 AM; <span title=\"Codes: {http://loinc.org LA10055-4}\">Partial/moderate assistance</span></a></li></ul><p><b>derivedFrom</b>: <a href=\"QuestionnaireResponse-QResponse-HH-StartOfCare-Mobility-SelfCare-1.html\">Questionnaire Response. Generated Summary: questionnaire: https://api.logicahealth.org/PACIO/open/Questionnaire/MDS3.0-NC-1.17; status: completed; authored: Aug 2, 2020, 11:31:00 AM</a></p></div>"
  },
  "extension": [
    {
      "url": "http://paciowg.github.io/functional-status-ig/StructureDefinition/event-location",
      "valueReference": {
        "reference": "Location/Org-Loc-03"
      }
    }
  ],
  "status": "final",
  "category": [
    {
      "coding": [
        {
          "system": "http://paciowg.github.io/cognitive-status-ig/CodeSystem/pacio-cat-cs",
          "code": "functioning",
          "display": "Functioning"
        }
      ]
    },
    {
      "coding": [
        {
          "system": "http://terminology.hl7.org/CodeSystem/observation-category",
          "code": "survey",
          "display": "Survey"
        }
      ]
    }
  ],
  "code": {
    "coding": [
      {
        "system": "http://loinc.org",
        "code": "89479-0",
        "display": "OASIS D - Self-care - SOC/ROC performance during assessment period [CMS Assessment]"
      }
    ]
  },
  "subject": {
    "reference": "Patient/patientBSJ1"
  },
  "effectiveDateTime": "2020-08-02T13:31:00-05:00",
  "performer": [
    {
      "reference": "PractitionerRole/Role-PT-LunaBaskins"
    }
  ],
  "hasMember": [
    {
      "reference": "Observation/FSC-HH-StartOfCare-Mobility-SelfCare-1-Ob-Question-36"
    },
    {
      "reference": "Observation/FSC-HH-StartOfCare-Mobility-SelfCare-1-Ob-Question-38"
    },
    {
      "reference": "Observation/FSC-HH-StartOfCare-Mobility-SelfCare-1-Ob-Question-40"
    },
    {
      "reference": "Observation/FSC-HH-StartOfCare-Mobility-SelfCare-1-Ob-Question-42"
    },
    {
      "reference": "Observation/FSC-HH-StartOfCare-Mobility-SelfCare-1-Ob-Question-44"
    },
    {
      "reference": "Observation/FSC-HH-StartOfCare-Mobility-SelfCare-1-Ob-Question-46"
    },
    {
      "reference": "Observation/FSC-HH-StartOfCare-Mobility-SelfCare-1-Ob-Question-48"
    }
  ],
  "derivedFrom": [
    {
      "reference": "QuestionnaireResponse/QResponse-HH-StartOfCare-Mobility-SelfCare-1",
      "display": "Questionnaire Response"
    }
  ]
}