<?xml version="1.0" encoding="UTF-8"?>

<DeviceUseStatement xmlns="http://hl7.org/fhir">
  <id value="Assessment-SNF-Admission-FS-3-UseOfDevice-22"/>
  <meta>
    <profile value="https://paciowg.github.io/functional-status-ig/StructureDefinition/pacio-dev"/>
  </meta>
  <text>
    <status value="generated"/><div xmlns="http://www.w3.org/1999/xhtml"><p><b>Generated Narrative</b></p><p><b>id</b>: Assessment-SNF-Admission-FS-3-UseOfDevice-22</p><p><b>meta</b>: </p><p><b>status</b>: active</p><p><b>subject</b>: <a href="Patient-patientBSJ1.html">Generated Summary: id: patientBSJ1; Betsy Smith-Johnson </a></p><p><b>derivedFrom</b>: <a href="Observation-Assessment-SNF-Admission-FS-3.html">Generated Summary: id: Assessment-SNF-Admission-FS-3; <span title="Codes: {http://terminology.hl7.org/CodeSystem/observation-category survey}">Survey</span>; <span title="Codes: {http://loinc.org 88330-6}">Mobility - Admission Performance</span>; effective: Apr 9, 2020 8:00:00 PM</a></p><p><b>recordedOn</b>: Apr 9, 2020 8:00:00 PM</p><p><b>source</b>: <a href="Practitioner-Practitioner-JenCadbury.html">Generated Summary: id: Practitioner-JenCadbury; active; Jen Cadbury ; gender: female</a></p><p><b>device</b>: <a href="Device-CMS-Device-7.html">Generated Summary: id: CMS-Device-7; <span title="Codes: {http://snomed.info/sct 58938008}">WC - Wheelchair</span></a></p></div>
  </text>
  <status value="active"/>
  <subject>
    <reference value="Patient/patientBSJ1"/>
  </subject>
  <derivedFrom>
    <reference value="Observation/Assessment-SNF-Admission-FS-3"/>
  </derivedFrom>
  <recordedOn value="2020-04-09T15:00:00-05:00"/>
  <source>
    <reference value="Practitioner/Practitioner-JenCadbury"/>
  </source>
  <device>
    <reference value="Device/CMS-Device-7"/>
  </device>
</DeviceUseStatement>