<?xml version="1.0" encoding="UTF-8"?>

<DeviceUseStatement xmlns="http://hl7.org/fhir">
  <id value="BFS-Hospital-Admission-Mobility-1-UseOfDevice-17"/>
  <meta>
    <profile value="http://hl7.org/fhir/us/pacio-fs/StructureDefinition/pacio-dev"/>
  </meta>
  <text>
    <status value="generated"/><div xmlns="http://www.w3.org/1999/xhtml"><p><b>Generated Narrative</b></p><h3>Ids</h3><table class="grid"><tr><td>-</td></tr><tr><td>*</td></tr></table><h3>Meta</h3><table class="grid"><tr><td>-</td></tr><tr><td>*</td></tr></table><p><b>status</b>: active</p><p><b>subject</b>: <a href="Patient-patientBSJ1.html">Generated Summary: Betsy Smith-Johnson </a></p><p><b>derivedFrom</b>: <a href="Observation-BFS-Hospital-Admission-Mobility-1.html">Generated Summary: <span title="Codes: {http://terminology.hl7.org/CodeSystem/observation-category survey}">Survey</span>; <span title="Codes: {http://loinc.org 88330-6}">Mobility - Admission Performance</span>; effective: Jul 8, 2020 2:00:00 PM</a></p><p><b>recordedOn</b>: Jul 8, 2020 2:00:00 PM</p><p><b>source</b>: <a href="Practitioner-Practitioner-SallySmith.html">Generated Summary: active; Sally Smith ; gender: female</a></p><p><b>device</b>: <a href="Device-CMS-Device-1.html">Generated Summary: <span title="Codes: {http://snomed.info/sct 37953008}">Bedside rails</span></a></p></div>
  </text>
  <status value="active"/>
  <subject>
    <reference value="Patient/patientBSJ1"/>
  </subject>
  <derivedFrom>
    <reference value="Observation/BFS-Hospital-Admission-Mobility-1"/>
  </derivedFrom>
  <recordedOn value="2020-07-08T16:00:00-05:00"/>
  <source>
    <reference value="Practitioner/Practitioner-SallySmith"/>
  </source>
  <device>
    <reference value="Device/CMS-Device-1"/>
  </device>
</DeviceUseStatement>