<?xml version="1.0" encoding="UTF-8"?>

<DeviceUseStatement xmlns="http://hl7.org/fhir">
  <id value="Connectathon-Assessment-FS-2-Last3DHospStay-UseOfDevice-10"/>
  <meta>
    <profile value="http://pacioproject.org/StructureDefinition/pacio-dev"/>
  </meta>
  <text>
    <status value="generated"/><div xmlns="http://www.w3.org/1999/xhtml"><p><b>Generated Narrative with Details</b></p><p><b>id</b>: Connectathon-Assessment-FS-2-Last3DHospStay-UseOfDevice-10</p><p><b>meta</b>: </p><p><b>status</b>: active</p><p><b>subject</b>: <a href="Patient-patientBSJ1.html">Generated Summary: id: patientBSJ1; Betsy Smith-Johnson </a></p><p><b>derivedFrom</b>: <a href="Observation-Connectathon-Assessment-FS-2-Last3DHospStay.html">Generated Summary: id: Connectathon-Assessment-FS-2-Last3DHospStay; <span title="Codes: {http://terminology.hl7.org/CodeSystem/observation-category survey}">Survey</span>; <span title="Codes: {http://loinc.org 88331-4}">Mobility - Discharge Performance</span>; effective: Apr 9, 2020 7:00:00 PM</a></p><p><b>recordedOn</b>: Apr 9, 2020 7:00:00 PM</p><p><b>source</b>: <a href="Practitioner-Connectathon-Practitioner-RonMarble.html">Generated Summary: id: Connectathon-Practitioner-RonMarble; active; Ron Marble ; gender: male</a></p><p><b>device</b>: <a href="Device-CMS-Device-2.html">Generated Summary: id: CMS-Device-2; <span title="Codes: {http://snomed.info/sct 466317003}">Basic walker, foldable</span></a></p></div>
  </text>
  <status value="active"/>
  <subject>
    <reference value="Patient/patientBSJ1"/>
  </subject>
  <derivedFrom>
    <reference value="Observation/Connectathon-Assessment-FS-2-Last3DHospStay"/>
  </derivedFrom>
  <recordedOn value="2020-04-09T14:00:00-05:00"/>
  <source>
    <reference value="Practitioner/Connectathon-Practitioner-RonMarble"/>
  </source>
  <device>
    <reference value="Device/CMS-Device-2"/>
  </device>
</DeviceUseStatement>