<?xml version="1.0" encoding="UTF-8"?>

<ImplementationGuide xmlns="http://hl7.org/fhir">
  <id value="hl7.fhir.us.pacio-fs"/>
  <text>
    <status value="extensions"/><div xmlns="http://www.w3.org/1999/xhtml"><h2>PACIOFunctionalStatusImplementationGuide</h2><p>The official URL for this implementation guide is: </p><pre>https://paciowg.github.io/functional-status-ig//ImplementationGuide/hl7.fhir.us.pacio-fs</pre><div><p>To advance interoperable health data exchange between post-acute care (PAC) and other providers, patients, and key stakeholders</p>
</div></div>
  </text>
  <url value="https://paciowg.github.io/functional-status-ig//ImplementationGuide/hl7.fhir.us.pacio-fs"/>
  <version value="0.1.0"/>
  <name value="PACIOFunctionalStatusImplementationGuide"/>
  <title value="PACIO Functional Status Implementation Guide"/>
  <status value="active"/>
  <date value="2021-02-24T09:36:30-05:00"/>
  <publisher value="HL7 Patient Care Work Group"/>
  <contact>
    <name value="HL7 Patient Care Work Group"/>
    <telecom>
      <system value="url"/>
      <value value="http://www.hl7.org/Special/committees/patientcare"/>
    </telecom>
    <telecom>
      <system value="email"/>
      <value value="patientcare@lists.HL7.org"/>
    </telecom>
  </contact>
  <contact>
    <name value="PACIO  project"/>
    <telecom>
      <system value="url"/>
      <value value="http://www.hl7.org/Special/committees/patientcare/"/>
    </telecom>
    <telecom>
      <system value="email"/>
      <value value="patientcare@lists.HL7.org"/>
    </telecom>
  </contact>
  <description value="To advance interoperable health data exchange between post-acute care (PAC) and other providers, patients, and key stakeholders"/>
  <jurisdiction>
    <coding>
      <system value="urn:iso:std:iso:3166"/>
      <code value="US"/>
    </coding>
  </jurisdiction>
  <packageId value="hl7.fhir.us.pacio-fs"/>
  <license value="CC0-1.0"/>
  <fhirVersion value="4.0.1"/>
  <dependsOn id="hl7_fhir_us_core">
    <uri value="http://hl7.org/fhir/us/core/ImplementationGuide/hl7.fhir.us.core"/>
    <packageId value="hl7.fhir.us.core"/>
    <version value="3.1.0"/>
  </dependsOn>
  <definition>
    <extension url="http://hl7.org/fhir/tools/StructureDefinition/ig-parameter">
      <extension url="code">
        <valueString value="copyrightyear"/>
      </extension>
      <extension url="value">
        <valueString value="2020+"/>
      </extension>
    </extension>
    <extension url="http://hl7.org/fhir/tools/StructureDefinition/ig-parameter">
      <extension url="code">
        <valueString value="releaselabel"/>
      </extension>
      <extension url="value">
        <valueString value="STU Ballot"/>
      </extension>
    </extension>
    <extension url="http://hl7.org/fhir/tools/StructureDefinition/ig-parameter">
      <extension url="code">
        <valueString value="show-inherited-invariants"/>
      </extension>
      <extension url="value">
        <valueString value="false"/>
      </extension>
    </extension>
    <extension url="http://hl7.org/fhir/tools/StructureDefinition/ig-parameter">
      <extension url="code">
        <valueString value="path-liquid"/>
      </extension>
      <extension url="value">
        <valueString value="template/liquid"/>
      </extension>
    </extension>
    <extension url="http://hl7.org/fhir/tools/StructureDefinition/ig-parameter">
      <extension url="code">
        <valueString value="path-liquid"/>
      </extension>
      <extension url="value">
        <valueString value="input/liquid"/>
      </extension>
    </extension>
    <extension url="http://hl7.org/fhir/tools/StructureDefinition/ig-parameter">
      <extension url="code">
        <valueString value="path-qa"/>
      </extension>
      <extension url="value">
        <valueString value="temp/qa"/>
      </extension>
    </extension>
    <extension url="http://hl7.org/fhir/tools/StructureDefinition/ig-parameter">
      <extension url="code">
        <valueString value="path-temp"/>
      </extension>
      <extension url="value">
        <valueString value="temp/pages"/>
      </extension>
    </extension>
    <extension url="http://hl7.org/fhir/tools/StructureDefinition/ig-parameter">
      <extension url="code">
        <valueString value="path-output"/>
      </extension>
      <extension url="value">
        <valueString value="output"/>
      </extension>
    </extension>
    <extension url="http://hl7.org/fhir/tools/StructureDefinition/ig-parameter">
      <extension url="code">
        <valueString value="path-suppressed-warnings"/>
      </extension>
      <extension url="value">
        <valueString value="input/ignoreWarnings.txt"/>
      </extension>
    </extension>
    <extension url="http://hl7.org/fhir/tools/StructureDefinition/ig-parameter">
      <extension url="code">
        <valueString value="path-history"/>
      </extension>
      <extension url="value">
        <valueString value="https://paciowg.github.io/functional-status-ig//history.html"/>
      </extension>
    </extension>
    <extension url="http://hl7.org/fhir/tools/StructureDefinition/ig-parameter">
      <extension url="code">
        <valueString value="template-html"/>
      </extension>
      <extension url="value">
        <valueString value="template-page.html"/>
      </extension>
    </extension>
    <extension url="http://hl7.org/fhir/tools/StructureDefinition/ig-parameter">
      <extension url="code">
        <valueString value="template-md"/>
      </extension>
      <extension url="value">
        <valueString value="template-page-md.html"/>
      </extension>
    </extension>
    <extension url="http://hl7.org/fhir/tools/StructureDefinition/ig-parameter">
      <extension url="code">
        <valueString value="apply-contact"/>
      </extension>
      <extension url="value">
        <valueString value="true"/>
      </extension>
    </extension>
    <extension url="http://hl7.org/fhir/tools/StructureDefinition/ig-parameter">
      <extension url="code">
        <valueString value="apply-context"/>
      </extension>
      <extension url="value">
        <valueString value="true"/>
      </extension>
    </extension>
    <extension url="http://hl7.org/fhir/tools/StructureDefinition/ig-parameter">
      <extension url="code">
        <valueString value="apply-copyright"/>
      </extension>
      <extension url="value">
        <valueString value="true"/>
      </extension>
    </extension>
    <extension url="http://hl7.org/fhir/tools/StructureDefinition/ig-parameter">
      <extension url="code">
        <valueString value="apply-jurisdiction"/>
      </extension>
      <extension url="value">
        <valueString value="true"/>
      </extension>
    </extension>
    <extension url="http://hl7.org/fhir/tools/StructureDefinition/ig-parameter">
      <extension url="code">
        <valueString value="apply-license"/>
      </extension>
      <extension url="value">
        <valueString value="true"/>
      </extension>
    </extension>
    <extension url="http://hl7.org/fhir/tools/StructureDefinition/ig-parameter">
      <extension url="code">
        <valueString value="apply-publisher"/>
      </extension>
      <extension url="value">
        <valueString value="true"/>
      </extension>
    </extension>
    <extension url="http://hl7.org/fhir/tools/StructureDefinition/ig-parameter">
      <extension url="code">
        <valueString value="apply-version"/>
      </extension>
      <extension url="value">
        <valueString value="true"/>
      </extension>
    </extension>
    <extension url="http://hl7.org/fhir/tools/StructureDefinition/ig-parameter">
      <extension url="code">
        <valueString value="active-tables"/>
      </extension>
      <extension url="value">
        <valueString value="true"/>
      </extension>
    </extension>
    <resource>
      <extension url="http://hl7.org/fhir/tools/StructureDefinition/resource-information">
        <valueString value="StructureDefinition:resource"/>
      </extension>
      <reference>
        <reference value="StructureDefinition/pacio-bfs"/>
      </reference>
      <name value="Bundled Functional Status"/>
      <description value="An point in time bundle of functional status observations for a patient."/>
      <exampleBoolean value="false"/>
    </resource>
    <resource>
      <extension url="http://hl7.org/fhir/tools/StructureDefinition/resource-information">
        <valueString value="StructureDefinition:resource"/>
      </extension>
      <reference>
        <reference value="StructureDefinition/pacio-fs"/>
      </reference>
      <name value="Functional Status"/>
      <description value="An exchange of functional status data for a patient."/>
      <exampleBoolean value="false"/>
    </resource>
    <resource>
      <extension url="http://hl7.org/fhir/tools/StructureDefinition/resource-information">
        <valueString value="StructureDefinition:resource"/>
      </extension>
      <reference>
        <reference value="StructureDefinition/pacio-plf"/>
      </reference>
      <name value="Prior Level Of Function"/>
      <description value="An exchange of prior level of function data for a patient."/>
      <exampleBoolean value="false"/>
    </resource>
    <resource>
      <extension url="http://hl7.org/fhir/tools/StructureDefinition/resource-information">
        <valueString value="StructureDefinition:resource"/>
      </extension>
      <reference>
        <reference value="StructureDefinition/pacio-dev"/>
      </reference>
      <name value="UseOfDevice"/>
      <description value="A device used by a Patient during a functional status assessment."/>
      <exampleBoolean value="false"/>
    </resource>
    <resource>
      <extension url="http://hl7.org/fhir/tools/StructureDefinition/resource-information">
        <valueString value="StructureDefinition:extension"/>
      </extension>
      <reference>
        <reference value="StructureDefinition/assistance-required"/>
      </reference>
      <name value="AssistanceRequired"/>
      <description value="Associated functional status used for display purposes."/>
      <exampleBoolean value="false"/>
    </resource>
    <resource>
      <extension url="http://hl7.org/fhir/tools/StructureDefinition/resource-information">
        <valueString value="StructureDefinition:extension"/>
      </extension>
      <reference>
        <reference value="StructureDefinition/device-patient-used"/>
      </reference>
      <name value="DevicePatientUsed"/>
      <description value="A device used by a patient during a functional status assessment."/>
      <exampleBoolean value="false"/>
    </resource>
    <resource>
      <extension url="http://hl7.org/fhir/tools/StructureDefinition/resource-information">
        <valueString value="StructureDefinition:extension"/>
      </extension>
      <reference>
        <reference value="StructureDefinition/cms-assessment-label"/>
      </reference>
      <name value="assessment_label"/>
      <description value="The CMS Post Acute Care Assessment Label for the observation."/>
      <exampleBoolean value="false"/>
    </resource>
    <resource>
      <extension url="http://hl7.org/fhir/tools/StructureDefinition/resource-information">
        <valueString value="ValueSet"/>
      </extension>
      <reference>
        <reference value="ValueSet/assessment-label-value-set"/>
      </reference>
      <name value="CMS PAC Assessment Value Set"/>
      <description value="Codes for the CMS PAC Assessments."/>
      <exampleBoolean value="false"/>
    </resource>
    <resource>
      <extension url="http://hl7.org/fhir/tools/StructureDefinition/resource-information">
        <valueString value="CodeSystem"/>
      </extension>
      <reference>
        <reference value="CodeSystem/assessment-label-code-system"/>
      </reference>
      <name value="CMS PAC Assessment Code System."/>
      <description value="A list of CMS assessment labels."/>
      <exampleBoolean value="false"/>
    </resource>
    <resource>
      <extension url="http://hl7.org/fhir/tools/StructureDefinition/resource-information">
        <valueString value="Observation"/>
      </extension>
      <reference>
        <reference value="Observation/BFS-Hospital-Discharge-Mobility-1"/>
      </reference>
      <name value="BFS-Hospital-Discharge-Mobility-1"/>
      <description value="Sample Data"/>
      <exampleCanonical value="https://paciowg.github.io/functional-status-ig//StructureDefinition/pacio-bfs"/>
    </resource>
    <resource>
      <extension url="http://hl7.org/fhir/tools/StructureDefinition/resource-information">
        <valueString value="Observation"/>
      </extension>
      <reference>
        <reference value="Observation/BFS-Hospital-Discharge-Mobility-1-Ob-Question-56"/>
      </reference>
      <name value="BFS-Hospital-Discharge-Mobility-1-Ob-Question-56"/>
      <description value="Sample Data"/>
      <exampleCanonical value="https://paciowg.github.io/functional-status-ig//StructureDefinition/pacio-fs"/>
    </resource>
    <resource>
      <extension url="http://hl7.org/fhir/tools/StructureDefinition/resource-information">
        <valueString value="DeviceUseStatement"/>
      </extension>
      <reference>
        <reference value="DeviceUseStatement/BFS-Hospital-Discharge-Mobility-1-UseOfDevice-1"/>
      </reference>
      <name value="BFS-Hospital-Discharge-Mobility-1-UseOfDevice-1"/>
      <description value="Sample Data"/>
      <exampleCanonical value="https://paciowg.github.io/functional-status-ig//StructureDefinition/pacio-dev"/>
    </resource>
    <resource>
      <extension url="http://hl7.org/fhir/tools/StructureDefinition/resource-information">
        <valueString value="DeviceUseStatement"/>
      </extension>
      <reference>
        <reference value="DeviceUseStatement/BFS-Hospital-Discharge-Mobility-1-UseOfDevice-2"/>
      </reference>
      <name value="BFS-Hospital-Discharge-Mobility-1-UseOfDevice-2"/>
      <description value="Sample Data"/>
      <exampleCanonical value="https://paciowg.github.io/functional-status-ig//StructureDefinition/pacio-dev"/>
    </resource>
    <resource>
      <extension url="http://hl7.org/fhir/tools/StructureDefinition/resource-information">
        <valueString value="DeviceUseStatement"/>
      </extension>
      <reference>
        <reference value="DeviceUseStatement/BFS-Hospital-Discharge-Mobility-1-UseOfDevice-3"/>
      </reference>
      <name value="BFS-Hospital-Discharge-Mobility-1-UseOfDevice-3"/>
      <description value="Sample Data"/>
      <exampleCanonical value="https://paciowg.github.io/functional-status-ig//StructureDefinition/pacio-dev"/>
    </resource>
    <resource>
      <extension url="http://hl7.org/fhir/tools/StructureDefinition/resource-information">
        <valueString value="DeviceUseStatement"/>
      </extension>
      <reference>
        <reference value="DeviceUseStatement/BFS-Hospital-Discharge-Mobility-1-UseOfDevice-4"/>
      </reference>
      <name value="BFS-Hospital-Discharge-Mobility-1-UseOfDevice-4"/>
      <description value="Sample Data"/>
      <exampleCanonical value="https://paciowg.github.io/functional-status-ig//StructureDefinition/pacio-dev"/>
    </resource>
    <resource>
      <extension url="http://hl7.org/fhir/tools/StructureDefinition/resource-information">
        <valueString value="DeviceUseStatement"/>
      </extension>
      <reference>
        <reference value="DeviceUseStatement/BFS-Hospital-Discharge-Mobility-1-UseOfDevice-5"/>
      </reference>
      <name value="BFS-Hospital-Discharge-Mobility-1-UseOfDevice-5"/>
      <description value="Sample Data"/>
      <exampleCanonical value="https://paciowg.github.io/functional-status-ig//StructureDefinition/pacio-dev"/>
    </resource>
    <resource>
      <extension url="http://hl7.org/fhir/tools/StructureDefinition/resource-information">
        <valueString value="Condition"/>
      </extension>
      <reference>
        <reference value="Condition/BSJ-Diagnosis1"/>
      </reference>
      <name value="BSJ-Diagnosis1"/>
      <description value="Sample Data"/>
      <exampleBoolean value="true"/>
    </resource>
    <resource>
      <extension url="http://hl7.org/fhir/tools/StructureDefinition/resource-information">
        <valueString value="Condition"/>
      </extension>
      <reference>
        <reference value="Condition/BSJ-Diagnosis2"/>
      </reference>
      <name value="BSJ-Diagnosis2"/>
      <description value="Sample Data"/>
      <exampleBoolean value="true"/>
    </resource>
    <resource>
      <extension url="http://hl7.org/fhir/tools/StructureDefinition/resource-information">
        <valueString value="Condition"/>
      </extension>
      <reference>
        <reference value="Condition/BSJ-Diagnosis3"/>
      </reference>
      <name value="BSJ-Diagnosis3"/>
      <description value="Sample Data"/>
      <exampleBoolean value="true"/>
    </resource>
    <resource>
      <extension url="http://hl7.org/fhir/tools/StructureDefinition/resource-information">
        <valueString value="Condition"/>
      </extension>
      <reference>
        <reference value="Condition/BSJ-Diagnosis4"/>
      </reference>
      <name value="BSJ-Diagnosis4"/>
      <description value="Sample Data"/>
      <exampleBoolean value="true"/>
    </resource>
    <resource>
      <extension url="http://hl7.org/fhir/tools/StructureDefinition/resource-information">
        <valueString value="Condition"/>
      </extension>
      <reference>
        <reference value="Condition/BSJ-Diagnosis5"/>
      </reference>
      <name value="BSJ-Diagnosis5"/>
      <description value="Sample Data"/>
      <exampleBoolean value="true"/>
    </resource>
    <resource>
      <extension url="http://hl7.org/fhir/tools/StructureDefinition/resource-information">
        <valueString value="Condition"/>
      </extension>
      <reference>
        <reference value="Condition/BSJ-Diagnosis6"/>
      </reference>
      <name value="BSJ-Diagnosis6"/>
      <description value="Sample Data"/>
      <exampleBoolean value="true"/>
    </resource>
    <resource>
      <extension url="http://hl7.org/fhir/tools/StructureDefinition/resource-information">
        <valueString value="Condition"/>
      </extension>
      <reference>
        <reference value="Condition/BSJ-Diagnosis7"/>
      </reference>
      <name value="BSJ-Diagnosis7"/>
      <description value="Sample Data"/>
      <exampleBoolean value="true"/>
    </resource>
    <resource>
      <extension url="http://hl7.org/fhir/tools/StructureDefinition/resource-information">
        <valueString value="Condition"/>
      </extension>
      <reference>
        <reference value="Condition/BSJ-Diagnosis8"/>
      </reference>
      <name value="BSJ-Diagnosis8"/>
      <description value="Sample Data"/>
      <exampleBoolean value="true"/>
    </resource>
    <resource>
      <extension url="http://hl7.org/fhir/tools/StructureDefinition/resource-information">
        <valueString value="Condition"/>
      </extension>
      <reference>
        <reference value="Condition/BSJ-Diagnosis9"/>
      </reference>
      <name value="BSJ-Diagnosis9"/>
      <description value="Sample Data"/>
      <exampleBoolean value="true"/>
    </resource>
    <resource>
      <extension url="http://hl7.org/fhir/tools/StructureDefinition/resource-information">
        <valueString value="Observation"/>
      </extension>
      <reference>
        <reference value="Observation/BSJ-Prior-Level-Of-Function-1"/>
      </reference>
      <name value="BSJ-Prior-Level-Of-Function-1"/>
      <description value="Sample Data"/>
      <exampleCanonical value="https://paciowg.github.io/functional-status-ig//StructureDefinition/pacio-plf"/>
    </resource>
    <resource>
      <extension url="http://hl7.org/fhir/tools/StructureDefinition/resource-information">
        <valueString value="Device"/>
      </extension>
      <reference>
        <reference value="Device/CMS-Device-1"/>
      </reference>
      <name value="CMS-Device-1"/>
      <description value="Sample Data"/>
      <exampleBoolean value="true"/>
    </resource>
    <resource>
      <extension url="http://hl7.org/fhir/tools/StructureDefinition/resource-information">
        <valueString value="Device"/>
      </extension>
      <reference>
        <reference value="Device/CMS-Device-2"/>
      </reference>
      <name value="CMS-Device-2"/>
      <description value="Sample Data"/>
      <exampleBoolean value="true"/>
    </resource>
    <resource>
      <extension url="http://hl7.org/fhir/tools/StructureDefinition/resource-information">
        <valueString value="Device"/>
      </extension>
      <reference>
        <reference value="Device/CMS-Device-3"/>
      </reference>
      <name value="CMS-Device-3"/>
      <description value="Sample Data"/>
      <exampleBoolean value="true"/>
    </resource>
    <resource>
      <extension url="http://hl7.org/fhir/tools/StructureDefinition/resource-information">
        <valueString value="Device"/>
      </extension>
      <reference>
        <reference value="Device/CMS-Device-4"/>
      </reference>
      <name value="CMS-Device-4"/>
      <description value="Sample Data"/>
      <exampleBoolean value="true"/>
    </resource>
    <resource>
      <extension url="http://hl7.org/fhir/tools/StructureDefinition/resource-information">
        <valueString value="Device"/>
      </extension>
      <reference>
        <reference value="Device/CMS-Device-5"/>
      </reference>
      <name value="CMS-Device-5"/>
      <description value="Sample Data"/>
      <exampleBoolean value="true"/>
    </resource>
    <resource>
      <extension url="http://hl7.org/fhir/tools/StructureDefinition/resource-information">
        <valueString value="Device"/>
      </extension>
      <reference>
        <reference value="Device/CMS-Device-6"/>
      </reference>
      <name value="CMS-Device-6"/>
      <description value="Sample Data"/>
      <exampleBoolean value="true"/>
    </resource>
    <resource>
      <extension url="http://hl7.org/fhir/tools/StructureDefinition/resource-information">
        <valueString value="Device"/>
      </extension>
      <reference>
        <reference value="Device/CMS-Device-7"/>
      </reference>
      <name value="CMS-Device-7"/>
      <description value="Sample Data"/>
      <exampleBoolean value="true"/>
    </resource>
    <resource>
      <extension url="http://hl7.org/fhir/tools/StructureDefinition/resource-information">
        <valueString value="Organization"/>
      </extension>
      <reference>
        <reference value="Organization/Org-01"/>
      </reference>
      <name value="Org-01"/>
      <description value="Sample Data"/>
      <exampleBoolean value="true"/>
    </resource>
    <resource>
      <extension url="http://hl7.org/fhir/tools/StructureDefinition/resource-information">
        <valueString value="Organization"/>
      </extension>
      <reference>
        <reference value="Organization/Org-02"/>
      </reference>
      <name value="Org-02"/>
      <description value="Sample Data"/>
      <exampleBoolean value="true"/>
    </resource>
    <resource>
      <extension url="http://hl7.org/fhir/tools/StructureDefinition/resource-information">
        <valueString value="Organization"/>
      </extension>
      <reference>
        <reference value="Organization/Org-03"/>
      </reference>
      <name value="Org-03"/>
      <description value="Sample Data"/>
      <exampleBoolean value="true"/>
    </resource>
    <resource>
      <extension url="http://hl7.org/fhir/tools/StructureDefinition/resource-information">
        <valueString value="Location"/>
      </extension>
      <reference>
        <reference value="Location/Org-Loc-01"/>
      </reference>
      <name value="Org-Loc-01"/>
      <description value="Sample Data"/>
      <exampleBoolean value="true"/>
    </resource>
    <resource>
      <extension url="http://hl7.org/fhir/tools/StructureDefinition/resource-information">
        <valueString value="Location"/>
      </extension>
      <reference>
        <reference value="Location/Org-Loc-02"/>
      </reference>
      <name value="Org-Loc-02"/>
      <description value="Sample Data"/>
      <exampleBoolean value="true"/>
    </resource>
    <resource>
      <extension url="http://hl7.org/fhir/tools/StructureDefinition/resource-information">
        <valueString value="Location"/>
      </extension>
      <reference>
        <reference value="Location/Org-Loc-03"/>
      </reference>
      <name value="Org-Loc-03"/>
      <description value="Sample Data"/>
      <exampleBoolean value="true"/>
    </resource>
    <resource>
      <extension url="http://hl7.org/fhir/tools/StructureDefinition/resource-information">
        <valueString value="Practitioner"/>
      </extension>
      <reference>
        <reference value="Practitioner/Practitioner-DanielGranger"/>
      </reference>
      <name value="Practitioner-DanielGranger"/>
      <description value="Sample Data"/>
      <exampleBoolean value="true"/>
    </resource>
    <resource>
      <extension url="http://hl7.org/fhir/tools/StructureDefinition/resource-information">
        <valueString value="Practitioner"/>
      </extension>
      <reference>
        <reference value="Practitioner/Practitioner-HoneyJones"/>
      </reference>
      <name value="Practitioner-HoneyJones"/>
      <description value="Sample Data"/>
      <exampleBoolean value="true"/>
    </resource>
    <resource>
      <extension url="http://hl7.org/fhir/tools/StructureDefinition/resource-information">
        <valueString value="Practitioner"/>
      </extension>
      <reference>
        <reference value="Practitioner/Practitioner-JenCadbury"/>
      </reference>
      <name value="Practitioner-JenCadbury"/>
      <description value="Sample Data"/>
      <exampleBoolean value="true"/>
    </resource>
    <resource>
      <extension url="http://hl7.org/fhir/tools/StructureDefinition/resource-information">
        <valueString value="Practitioner"/>
      </extension>
      <reference>
        <reference value="Practitioner/Practitioner-JennyGlass"/>
      </reference>
      <name value="Practitioner-JennyGlass"/>
      <description value="Sample Data"/>
      <exampleBoolean value="true"/>
    </resource>
    <resource>
      <extension url="http://hl7.org/fhir/tools/StructureDefinition/resource-information">
        <valueString value="Practitioner"/>
      </extension>
      <reference>
        <reference value="Practitioner/Practitioner-JohnSmith"/>
      </reference>
      <name value="Practitioner-JohnSmith"/>
      <description value="Sample Data"/>
      <exampleBoolean value="true"/>
    </resource>
    <resource>
      <extension url="http://hl7.org/fhir/tools/StructureDefinition/resource-information">
        <valueString value="Practitioner"/>
      </extension>
      <reference>
        <reference value="Practitioner/Practitioner-LunaBaskins"/>
      </reference>
      <name value="Practitioner-LunaBaskins"/>
      <description value="Sample Data"/>
      <exampleBoolean value="true"/>
    </resource>
    <resource>
      <extension url="http://hl7.org/fhir/tools/StructureDefinition/resource-information">
        <valueString value="Practitioner"/>
      </extension>
      <reference>
        <reference value="Practitioner/Practitioner-NoraOlogist"/>
      </reference>
      <name value="Practitioner-NoraOlogist"/>
      <description value="Sample Data"/>
      <exampleBoolean value="true"/>
    </resource>
    <resource>
      <extension url="http://hl7.org/fhir/tools/StructureDefinition/resource-information">
        <valueString value="Practitioner"/>
      </extension>
      <reference>
        <reference value="Practitioner/Practitioner-RonBurgendy"/>
      </reference>
      <name value="Practitioner-RonBurgendy"/>
      <description value="Sample Data"/>
      <exampleBoolean value="true"/>
    </resource>
    <resource>
      <extension url="http://hl7.org/fhir/tools/StructureDefinition/resource-information">
        <valueString value="Practitioner"/>
      </extension>
      <reference>
        <reference value="Practitioner/Practitioner-RonMarble"/>
      </reference>
      <name value="Practitioner-RonMarble"/>
      <description value="Sample Data"/>
      <exampleBoolean value="true"/>
    </resource>
    <resource>
      <extension url="http://hl7.org/fhir/tools/StructureDefinition/resource-information">
        <valueString value="Practitioner"/>
      </extension>
      <reference>
        <reference value="Practitioner/Practitioner-SallySmith"/>
      </reference>
      <name value="Practitioner-SallySmith"/>
      <description value="Sample Data"/>
      <exampleBoolean value="true"/>
    </resource>
    <resource>
      <extension url="http://hl7.org/fhir/tools/StructureDefinition/resource-information">
        <valueString value="Practitioner"/>
      </extension>
      <reference>
        <reference value="Practitioner/Practitioner-ScottDumble"/>
      </reference>
      <name value="Practitioner-ScottDumble"/>
      <description value="Sample Data"/>
      <exampleBoolean value="true"/>
    </resource>
    <resource>
      <extension url="http://hl7.org/fhir/tools/StructureDefinition/resource-information">
        <valueString value="PractitionerRole"/>
      </extension>
      <reference>
        <reference value="PractitionerRole/Role-OT"/>
      </reference>
      <name value="Role-OT"/>
      <description value="Sample Data"/>
      <exampleBoolean value="true"/>
    </resource>
    <resource>
      <extension url="http://hl7.org/fhir/tools/StructureDefinition/resource-information">
        <valueString value="PractitionerRole"/>
      </extension>
      <reference>
        <reference value="PractitionerRole/Role-PT"/>
      </reference>
      <name value="Role-PT"/>
      <description value="Sample Data"/>
      <exampleBoolean value="true"/>
    </resource>
    <resource>
      <extension url="http://hl7.org/fhir/tools/StructureDefinition/resource-information">
        <valueString value="PractitionerRole"/>
      </extension>
      <reference>
        <reference value="PractitionerRole/Role-RN"/>
      </reference>
      <name value="Role-RN"/>
      <description value="Sample Data"/>
      <exampleBoolean value="true"/>
    </resource>
    <resource>
      <extension url="http://hl7.org/fhir/tools/StructureDefinition/resource-information">
        <valueString value="Patient"/>
      </extension>
      <reference>
        <reference value="Patient/patientBSJ1"/>
      </reference>
      <name value="patientBSJ1"/>
      <description value="Sample Data"/>
      <exampleBoolean value="true"/>
    </resource>
    <resource>
      <extension url="http://hl7.org/fhir/tools/StructureDefinition/resource-information">
        <valueString value="Organization"/>
      </extension>
      <reference>
        <reference value="Organization/provider-org-01"/>
      </reference>
      <name value="provider-org-01"/>
      <description value="Sample Data"/>
      <exampleBoolean value="true"/>
    </resource>
    <resource>
      <extension url="http://hl7.org/fhir/tools/StructureDefinition/resource-information">
        <valueString value="Location"/>
      </extension>
      <reference>
        <reference value="Location/provider-org-loc-01"/>
      </reference>
      <name value="provider-org-loc-01"/>
      <description value="Sample Data"/>
      <exampleBoolean value="true"/>
    </resource>
    <resource>
      <extension url="http://hl7.org/fhir/tools/StructureDefinition/resource-information">
        <valueString value="PractitionerRole"/>
      </extension>
      <reference>
        <reference value="PractitionerRole/provider-role-pcp"/>
      </reference>
      <name value="provider-role-pcp"/>
      <description value="Sample Data"/>
      <exampleBoolean value="true"/>
    </resource>
    <resource>
      <extension url="http://hl7.org/fhir/tools/StructureDefinition/resource-information">
        <valueString value="CapabilityStatement"/>
      </extension>
      <reference>
        <reference value="CapabilityStatement/pacio-fs"/>
      </reference>
      <name value="PACIO Functional Status Capability Statement"/>
      <description value="This Capability Statement defines the expected capabilities of a PACIO Functional Status FHIR server conforming to the PACIO functional Status Implementation Guide."/>
      <exampleBoolean value="false"/>
    </resource>
    <page>
      <nameUrl value="toc.html"/>
      <title value="Table of Contents"/>
      <generation value="html"/>
      <page>
        <nameUrl value="index.html"/>
        <title value="Home"/>
        <generation value="markdown"/>
      </page>
      <page>
        <nameUrl value="functional_status_use_case.html"/>
        <title value="Functional Status Use Case"/>
        <generation value="markdown"/>
      </page>
      <page>
        <nameUrl value="profile_highlights_and_guidance.html"/>
        <title value="Profile Highlights and Guidance"/>
        <generation value="markdown"/>
      </page>
      <page>
        <nameUrl value="security_and_data_sharing.html"/>
        <title value="Security and Data Sharing"/>
        <generation value="markdown"/>
      </page>
      <page>
        <nameUrl value="underlying_technologies.html"/>
        <title value="Underlying Technologies"/>
        <generation value="markdown"/>
      </page>
    </page>
    <parameter>
      <code value="path-resource"/>
      <value value="input/capabilities"/>
    </parameter>
    <parameter>
      <code value="path-resource"/>
      <value value="input/examples"/>
    </parameter>
    <parameter>
      <code value="path-resource"/>
      <value value="input/extensions"/>
    </parameter>
    <parameter>
      <code value="path-resource"/>
      <value value="input/models"/>
    </parameter>
    <parameter>
      <code value="path-resource"/>
      <value value="input/operations"/>
    </parameter>
    <parameter>
      <code value="path-resource"/>
      <value value="input/profiles"/>
    </parameter>
    <parameter>
      <code value="path-resource"/>
      <value value="input/resources"/>
    </parameter>
    <parameter>
      <code value="path-resource"/>
      <value value="input/vocabulary"/>
    </parameter>
    <parameter>
      <code value="path-resource"/>
      <value value="input/maps"/>
    </parameter>
    <parameter>
      <code value="path-resource"/>
      <value value="input/testing"/>
    </parameter>
    <parameter>
      <code value="path-resource"/>
      <value value="input/history"/>
    </parameter>
    <parameter>
      <code value="path-resource"/>
      <value value="fsh-generated/resources"/>
    </parameter>
    <parameter>
      <code value="path-pages"/>
      <value value="template/config"/>
    </parameter>
    <parameter>
      <code value="path-pages"/>
      <value value="input/images"/>
    </parameter>
    <parameter>
      <code value="path-tx-cache"/>
      <value value="input-cache/txcache"/>
    </parameter>
  </definition>
</ImplementationGuide>