<?xml version="1.0" encoding="UTF-8"?>

<Observation xmlns="http://hl7.org/fhir">
  <id value="BetsySmithMDSOralHygieneDischargePerformance01"/>
  <meta>
    <profile value="http://pacioproject.org/StructureDefinition/pacio-fs"/>
  </meta>
  <text>
    <status value="generated"/><div xmlns="http://www.w3.org/1999/xhtml"><p><b>Generated Narrative with Details</b></p><p><b>id</b>: BetsySmithMDSOralHygieneDischargePerformance01</p><p><b>meta</b>: </p><p><b>status</b>: final</p><p><b>code</b>: Oral hygiene - functional ability during 3 day assessment <span style="background: LightGoldenRodYellow">(Details : {LOINC code '83230-3' = 'Oral hygiene - functional ability during 3 day assessment period [CMS Assessment]', given as 'Oral hygiene - functional ability during 3 day assessment'})</span></p><p><b>subject</b>: <a href="Patient-cms-patient-01.html">Generated Summary: id: cms-patient-01; Betsy Smith ; gender: female; birthDate: 1959-06-14</a></p><p><b>effective</b>: Jan 22, 2020, 12:00:00 AM</p><p><b>performer</b>: </p><ul><li><a href="Practitioner-cms-practitioner-01.html">Generated Summary: id: cms-practitioner-01; John Carlson ; gender: male; birthDate: 1970-10-27</a></li><li><a href="ccms-organization-01">ccms-organization-01</a></li></ul><p><b>value</b>: Supervision or touching assistance - Helper provides verbal cues or touching/steadying assistance as patient completes activity. Assistance may be provided throughout the activity or intermittently. <span style="background: LightGoldenRodYellow">(Details : {LOINC code 'LA11757-4' = 'Supervision or touching assistance - Helper provides verbal cues or touching/steadying assistance as patient completes activity. Assistance may be provided throughout the activity or intermittently.', given as 'Supervision or touching assistance - Helper provides verbal cues or touching/steadying assistance as patient completes activity. Assistance may be provided throughout the activity or intermittently.'})</span></p><p><b>derivedFrom</b>: <a href="QuestionnaireResponse-cms-QuestionnaireResponse-02.html">Generated Summary: id: cms-QuestionnaireResponse-02; questionnaire: https://api.logicahealth.org/PACIO/open/Questionnaire/MDS3.0-ND-1.17; status: completed</a></p></div>
  </text>
  <extension url="http://hl7.org/fhir/StructureDefinition/event-location">
    <valueReference>
      <reference value="Location/cms-organization-location-01"/>
    </valueReference>
  </extension>
  <status value="final"/>
  <code>
    <coding>
      <system value="http://loinc.org"/>
      <code value="83230-3"/>
      <display value="Oral hygiene - functional ability during 3 day assessment"/>
    </coding>
  </code>
  <subject>
    <reference value="Patient/cms-patient-01"/>
  </subject>
  <effectiveDateTime value="2020-01-22"/>
  <performer>
    <reference value="Practitioner/cms-practitioner-01"/>
  </performer>
  <performer>
    <reference value="ccms-organization-01"/>
  </performer>
  <valueCodeableConcept>
    <coding>
      <system value="http://loinc.org"/>
      <code value="LA11757-4"/>
      <display value="Supervision or touching assistance - Helper provides verbal cues or touching/steadying assistance as patient completes activity. Assistance may be provided throughout the activity or intermittently."/>
    </coding>
  </valueCodeableConcept>
  <derivedFrom>
    <reference value="QuestionnaireResponse/cms-QuestionnaireResponse-02"/>
  </derivedFrom>
</Observation>