<?xml version="1.0" encoding="UTF-8"?>

<Observation xmlns="http://hl7.org/fhir">
  <id value="Connectathon-Assessment-FS-HospLast3DStay-SelfCare"/>
  <meta>
    <profile value="https://paciowg.github.io/functional-status-ig/StructureDefinition/pacio-bfs"/>
  </meta>
  <text>
    <status value="generated"/><div xmlns="http://www.w3.org/1999/xhtml"><p><b>Generated Narrative with Details</b></p><p><b>id</b>: Connectathon-Assessment-FS-HospLast3DStay-SelfCare</p><p><b>meta</b>: </p><p><b>status</b>: final</p><p><b>category</b>: Survey <span style="background: LightGoldenRodYellow">(Details : {http://terminology.hl7.org/CodeSystem/observation-category code 'survey' = 'Survey)</span></p><p><b>code</b>: Self-Care - Discharge Performance <span style="background: LightGoldenRodYellow">(Details : {LOINC code '83254-3' = 'Self-care - discharge performance [CMS Assessment]', given as 'Self-Care - Discharge Performance'})</span></p><p><b>subject</b>: <a href="Patient-patientBSJ1.html">Generated Summary: id: patientBSJ1; Betsy Smith-Johnson </a></p><p><b>effective</b>: Apr 9, 2020 7:00:00 PM</p><p><b>performer</b>: </p><ul><li><a href="Practitioner-Connectathon-Practitioner-RonMarble.html">Generated Summary: id: Connectathon-Practitioner-RonMarble; active; Ron Marble ; gender: male</a></li><li><a href="PractitionerRole-Connectathon-Role-PT.html">Generated Summary: id: Connectathon-Role-PT; active; <span title="Codes: {http://snomed.info/sct 36682004}">Physiotherapist</span></a></li><li><a href="Organization-Connectathon-Org-01.html">Organization. Generated Summary: id: Connectathon-Org-01; name: San Antonio General Hospital</a></li></ul><p><b>hasMember</b>: </p><ul><li><a href="Observation-Connectathon-Assessment-FS-HospLast3DStay-SelfCare-Ob-2.html">Generated Summary: id: Connectathon-Assessment-FS-HospLast3DStay-SelfCare-Ob-2; <span title="Codes: {http://loinc.org 83232-9}">Eating</span>; effective: Apr 9, 2020 7:00:00 PM; <span title="Codes: {http://loinc.org LA10073-7}">Setup or clean-up assistance</span></a></li><li><a href="Observation-Connectathon-Assessment-FS-HospLast3DStay-SelfCare-Ob-8.html">Generated Summary: id: Connectathon-Assessment-FS-HospLast3DStay-SelfCare-Ob-8; <span title="Codes: {http://loinc.org 83230-3}">Oral hygiene</span>; effective: Apr 9, 2020 7:00:00 PM; <span title="Codes: {http://loinc.org LA10073-7}">Setup or clean-up assistance</span></a></li><li><a href="Observation-Connectathon-Assessment-FS-HospLast3DStay-SelfCare-Ob-14.html">Generated Summary: id: Connectathon-Assessment-FS-HospLast3DStay-SelfCare-Ob-14; <span title="Codes: {http://loinc.org 83228-7}">Toileting hygiene</span>; effective: Apr 9, 2020 7:00:00 PM; <span title="Codes: {http://loinc.org LA10055-4}">Partial/moderate Assist</span></a></li><li><a href="Observation-Connectathon-Assessment-FS-HospLast3DStay-SelfCare-Ob-20.html">Generated Summary: id: Connectathon-Assessment-FS-HospLast3DStay-SelfCare-Ob-20; <span title="Codes: {http://loinc.org 83226-1}">Shower/bathe self</span>; effective: Apr 9, 2020 7:00:00 PM; <span title="Codes: {http://loinc.org LA26735-3}">Not Attempted</span></a></li><li><a href="Observation-Connectathon-Assessment-FS-HospLast3DStay-SelfCare-Ob-26.html">Generated Summary: id: Connectathon-Assessment-FS-HospLast3DStay-SelfCare-Ob-26; <span title="Codes: {http://loinc.org 83224-6}">Upper body dressing</span>; effective: Apr 9, 2020 7:00:00 PM; <span title="Codes: {http://loinc.org LA10055-4}">Partial/moderate Assist</span></a></li><li><a href="Observation-Connectathon-Assessment-FS-HospLast3DStay-SelfCare-Ob-32.html">Generated Summary: id: Connectathon-Assessment-FS-HospLast3DStay-SelfCare-Ob-32; <span title="Codes: {http://loinc.org 83222-0}">Lower body dressing</span>; effective: Apr 9, 2020 7:00:00 PM; <span title="Codes: {http://loinc.org LA10055-4}">Partial/moderate assistance</span></a></li><li><a href="Observation-Connectathon-Assessment-FS-HospLast3DStay-SelfCare-Ob-38.html">Generated Summary: id: Connectathon-Assessment-FS-HospLast3DStay-SelfCare-Ob-38; <span title="Codes: {http://loinc.org 83220-4}">Putting on/taking off footwear</span>; effective: Apr 9, 2020 7:00:00 PM; <span title="Codes: {http://loinc.org LA10055-4}">Substantial/maximal assistanc</span></a></li></ul><p><b>derivedFrom</b>: <a href="QuestionnaireResponse-Connectathon-QuestResponse-FS-HospLast3DStay-SelfCare.html">Questionnaire Response. Generated Summary: id: Connectathon-QuestResponse-FS-HospLast3DStay-SelfCare; questionnaire: https://api.logicahealth.org/PACIO/open/Questionnaire/MDS3.0-NC-1.17; status: completed; authored: Apr 9, 2020 7:00:00 PM</a></p></div>
  </text>
  <extension url="http://hl7.org/fhir/StructureDefinition/event-location">
    <valueReference>
      <reference value="Location/Connectathon-Org-Loc-01"/>
    </valueReference>
  </extension>
  <status value="final"/>
  <category>
    <coding>
      <system value="http://terminology.hl7.org/CodeSystem/observation-category"/>
      <code value="survey"/>
    </coding>
  </category>
  <code>
    <coding>
      <system value="http://loinc.org"/>
      <code value="83254-3"/>
      <display value="Self-Care - Discharge Performance"/>
    </coding>
  </code>
  <subject>
    <reference value="Patient/patientBSJ1"/>
  </subject>
  <effectiveDateTime value="2020-04-09T14:00:00-05:00"/>
  <performer>
    <reference value="Practitioner/Connectathon-Practitioner-RonMarble"/>
  </performer>
  <performer>
    <reference value="PractitionerRole/Connectathon-Role-PT"/>
  </performer>
  <performer>
    <reference value="Organization/Connectathon-Org-01"/>
    <display value="Organization"/>
  </performer>
  <hasMember>
    <reference value="Observation/Connectathon-Assessment-FS-HospLast3DStay-SelfCare-Ob-2"/>
  </hasMember>
  <hasMember>
    <reference value="Observation/Connectathon-Assessment-FS-HospLast3DStay-SelfCare-Ob-8"/>
  </hasMember>
  <hasMember>
    <reference value="Observation/Connectathon-Assessment-FS-HospLast3DStay-SelfCare-Ob-14"/>
  </hasMember>
  <hasMember>
    <reference value="Observation/Connectathon-Assessment-FS-HospLast3DStay-SelfCare-Ob-20"/>
  </hasMember>
  <hasMember>
    <reference value="Observation/Connectathon-Assessment-FS-HospLast3DStay-SelfCare-Ob-26"/>
  </hasMember>
  <hasMember>
    <reference value="Observation/Connectathon-Assessment-FS-HospLast3DStay-SelfCare-Ob-32"/>
  </hasMember>
  <hasMember>
    <reference value="Observation/Connectathon-Assessment-FS-HospLast3DStay-SelfCare-Ob-38"/>
  </hasMember>
  <derivedFrom>
    <reference value="QuestionnaireResponse/Connectathon-QuestResponse-FS-HospLast3DStay-SelfCare"/>
    <display value="Questionnaire Response"/>
  </derivedFrom>
</Observation>