<?xml version="1.0" encoding="UTF-8"?>

<Observation xmlns="http://hl7.org/fhir">
  <id value="BFS-SNF-Discharge-Mobility-SelfCare-1-Ob-Question-29"/>
  <meta>
    <profile value="http://hl7.org/fhir/us/pacio-fs/StructureDefinition/pacio-fs"/>
  </meta>
  <text>
    <status value="extensions"/><div xmlns="http://www.w3.org/1999/xhtml"><p><b>Generated Narrative</b></p><h3>Ids</h3><table class="grid"><tr><td>-</td></tr><tr><td>*</td></tr></table><h3>Meta</h3><table class="grid"><tr><td>-</td></tr><tr><td>*</td></tr></table><p><b>Event Location</b>: </p><p></p><p><b>code</b>: <span title="Codes: {http://loinc.org 83222-0}">Lower body dressing</span></p><p><b>subject</b>: <a href="Patient-patientBSJ1.html">Generated Summary: Betsy Smith-Johnson </a></p><p><b>effective</b>: Aug 1, 2020 9:00:00 AM</p><p><b>performer</b>: </p><ul><li><a href="Practitioner-Practitioner-DanielGranger.html">Generated Summary: active; Daniel Granger ; gender: male</a></li><li><a href="PractitionerRole-Role-OT.html">Generated Summary: active; <span title="Codes: {http://snomed.info/sct 80546007}">Occupational therapist</span></a></li><li><a href="Organization-Org-02.html">Organization. Generated Summary: name: Happy Nursing Facility</a></li></ul><p><b>value</b>: <span title="Codes: {http://loinc.org LA10055-4}">Partial/moderate assistance</span></p><p><b>derivedFrom</b>: <a href="QuestionnaireResponse-QResponse-SNF-Discharge-Mobility-SelfCare-1.html">Generated Summary: questionnaire: https://api.logicahealth.org/PACIO/open/Questionnaire/MDS3.0-NC-1.17; status: completed; authored: Aug 1, 2020 9:00:00 AM</a></p></div>
  </text>
  <extension url="http://hl7.org/fhir/StructureDefinition/event-location">
    <valueReference>
      <reference value="Location/Org-Loc-02"/>
    </valueReference>
  </extension>
  <status value="final"/>
  <code>
    <coding>
      <system value="http://loinc.org"/>
      <code value="83222-0"/>
      <display value="Lower body dressing - functional ability during 3D assessment period"/>
    </coding>
    <text value="Lower body dressing"/>
  </code>
  <subject>
    <reference value="Patient/patientBSJ1"/>
  </subject>
  <effectiveDateTime value="2020-08-01T11:00:00-05:00"/>
  <performer>
    <reference value="Practitioner/Practitioner-DanielGranger"/>
  </performer>
  <performer>
    <reference value="PractitionerRole/Role-OT"/>
  </performer>
  <performer>
    <reference value="Organization/Org-02"/>
    <display value="Organization"/>
  </performer>
  <valueCodeableConcept>
    <coding>
      <system value="http://loinc.org"/>
      <code value="LA10055-4"/>
      <display value="Partial/moderate assistance"/>
    </coding>
    <text value="Partial/moderate assistance"/>
  </valueCodeableConcept>
  <derivedFrom>
    <reference value="QuestionnaireResponse/QResponse-SNF-Discharge-Mobility-SelfCare-1"/>
  </derivedFrom>
</Observation>