<?xml version="1.0" encoding="UTF-8"?>

<Observation xmlns="http://hl7.org/fhir">
  <id value="Assessment-SNF-Discharge-FS-5-Ob-46"/>
  <meta>
    <profile value="https://paciowg.github.io/functional-status-ig/StructureDefinition/pacio-fs"/>
  </meta>
  <text>
    <status value="generated"/><div xmlns="http://www.w3.org/1999/xhtml"><p><b>Generated Narrative</b></p><p><b>id</b>: Assessment-SNF-Discharge-FS-5-Ob-46</p><p><b>meta</b>: </p><p></p><p><b>code</b>: <span title="Codes: {http://loinc.org 83204-8}">Walk 10 feet</span></p><p><b>subject</b>: <a href="Patient-patientBSJ1.html">Generated Summary: id: patientBSJ1; Betsy Smith-Johnson </a></p><p><b>effective</b>: Apr 23, 2020 6:00:00 PM</p><p><b>performer</b>: </p><ul><li><a href="Practitioner-Practitioner-DanielGranger.html">Generated Summary: id: Practitioner-DanielGranger; active; Daniel Granger ; gender: male</a></li><li><a href="PractitionerRole-Role-RN.html">Generated Summary: id: Role-RN; active; <span title="Codes: {http://snomed.info/sct 224535009}">Registered Nurse</span></a></li><li><a href="Organization-Org-02.html">Organization. Generated Summary: id: Org-02; name: Happy Nursing Facility</a></li></ul><p><b>value</b>: <span title="Codes: {http://loinc.org LA27996-0}">Partial/moderate assistance</span></p><p><b>derivedFrom</b>: <a href="QuestionnaireResponse-QResponse-SNF-Discharge-FS-5.html">Generated Summary: id: QResponse-SNF-Discharge-FS-5; questionnaire: https://api.logicahealth.org/PACIO/open/Questionnaire/MDS3.0-NC-1.17; status: completed; authored: Apr 23, 2020 6:00:00 PM</a></p></div>
  </text>
  <extension url="http://hl7.org/fhir/StructureDefinition/event-location">
    <valueReference>
      <reference value="Location/Org-Loc-02"/>
    </valueReference>
  </extension>
  <status value="final"/>
  <code>
    <coding>
      <system value="http://loinc.org"/>
      <code value="83204-8"/>
      <display value="What was the patient&#39;s usual performance related to their ability to once standing, walk at least 10 feet in a room, corridor, or similar space?"/>
    </coding>
    <text value="Walk 10 feet"/>
  </code>
  <subject>
    <reference value="Patient/patientBSJ1"/>
  </subject>
  <effectiveDateTime value="2020-04-23T13:00:00-05:00"/>
  <performer>
    <reference value="Practitioner/Practitioner-DanielGranger"/>
  </performer>
  <performer>
    <reference value="PractitionerRole/Role-RN"/>
  </performer>
  <performer>
    <reference value="Organization/Org-02"/>
    <display value="Organization"/>
  </performer>
  <valueCodeableConcept>
    <coding>
      <system value="http://loinc.org"/>
      <code value="LA27996-0"/>
      <display value="Partial/moderate assistance"/>
    </coding>
    <text value="Partial/moderate assistance"/>
  </valueCodeableConcept>
  <derivedFrom>
    <reference value="QuestionnaireResponse/QResponse-SNF-Discharge-FS-5"/>
  </derivedFrom>
</Observation>