<?xml version="1.0" encoding="UTF-8"?>

<Observation xmlns="http://hl7.org/fhir">
  <id value="BFS-SNF-Discharge-Mobility-1"/>
  <meta>
    <profile value="http://paciowg.github.io/functional-status-ig/StructureDefinition/pacio-bfs"/>
  </meta>
  <text>
    <status value="extensions"/><div xmlns="http://www.w3.org/1999/xhtml"><p><b>Generated Narrative</b></p><p><b>Event Location</b>: <a href="Location-Org-Loc-02.html">Generated Summary: status: active; name: Happy Nursing Facility</a></p><p><b>DevicePatientUsed</b>: <a href="DeviceUseStatement-BFS-SNF-Discharge-Mobility-1-UseOfDevice-6.html">Generated Summary: status: active; recordedOn: Aug 1, 2020 9:00:00 AM</a></p><p><b>DevicePatientUsed</b>: <a href="DeviceUseStatement-BFS-SNF-Discharge-Mobility-1-UseOfDevice-7.html">Generated Summary: status: active; recordedOn: Aug 1, 2020 9:00:00 AM</a></p><p><b>DevicePatientUsed</b>: <a href="DeviceUseStatement-BFS-SNF-Discharge-Mobility-1-UseOfDevice-8.html">Generated Summary: status: active; recordedOn: Aug 1, 2020 9:00:00 AM</a></p><p><b>DevicePatientUsed</b>: <a href="DeviceUseStatement-BFS-SNF-Discharge-Mobility-1-UseOfDevice-9.html">Generated Summary: status: active; recordedOn: Aug 1, 2020 9:00:00 AM</a></p><p><b>DevicePatientUsed</b>: <a href="DeviceUseStatement-BFS-SNF-Discharge-Mobility-1-UseOfDevice-10.html">Generated Summary: status: active; recordedOn: Aug 1, 2020 9:00:00 AM</a></p><p><b>DevicePatientUsed</b>: <a href="DeviceUseStatement-BFS-SNF-Discharge-Mobility-1-UseOfDevice-11.html">Generated Summary: status: active; recordedOn: Aug 1, 2020 9:00:00 AM</a></p><p></p><p><b>category</b>: <span title="Codes: {http://terminology.hl7.org/CodeSystem/observation-category survey}">Survey</span></p><p><b>code</b>: <span title="Codes: {http://loinc.org 88331-4}">Mobility - discharge performance during 3 day assessment period [CMS Assessment]</span></p><p><b>subject</b>: <a href="Patient-patientBSJ1.html">Generated Summary: Betsy Smith-Johnson </a></p><p><b>effective</b>: Aug 1, 2020 9:00:00 AM</p><p><b>performer</b>: </p><ul><li><a href="Practitioner-Practitioner-DanielGranger.html">Generated Summary: active; Daniel Granger ; gender: male</a></li><li><a href="PractitionerRole-Role-PT.html">Generated Summary: active; <span title="Codes: {http://snomed.info/sct 36682004}">Physiotherapist</span></a></li><li><a href="Organization-Org-02.html">Organization. Generated Summary: name: Happy Nursing Facility</a></li></ul><p><b>hasMember</b>: </p><ul><li><a href="Observation-BFS-SNF-Discharge-Mobility-1-Ob-Question-4.html">Generated Summary: <span title="Codes: {http://loinc.org 83218-8}">Roll left and right - functional ability during 3 day assessment period [CMS Assessment]</span>; effective: Aug 1, 2020 9:00:00 AM; <span title="Codes: {http://loinc.org LA11757-4}">Supervision or touching assistance</span></a></li><li><a href="Observation-BFS-SNF-Discharge-Mobility-1-Ob-Question-10.html">Generated Summary: <span title="Codes: {http://loinc.org 83216-2}">Sit to lying - functional ability during 3 day assessment period [CMS Assessment]</span>; effective: Aug 1, 2020 9:00:00 AM; <span title="Codes: {http://loinc.org LA10073-7}">Setup or clean-up assistance</span></a></li><li><a href="Observation-BFS-SNF-Discharge-Mobility-1-Ob-Question-16.html">Generated Summary: <span title="Codes: {http://loinc.org 83214-7}">Lying to sitting on side of bed - functional ability during 3 day assessment period [CMS Assessment]</span>; effective: Aug 1, 2020 9:00:00 AM; <span title="Codes: {http://loinc.org LA10073-7}">Setup or clean-up assistance</span></a></li><li><a href="Observation-BFS-SNF-Discharge-Mobility-1-Ob-Question-22.html">Generated Summary: <span title="Codes: {http://loinc.org 83212-1}">Sit to stand - functional ability during 3 day assessment period [CMS Assessment]</span>; effective: Aug 1, 2020 9:00:00 AM; <span title="Codes: {http://loinc.org LA11757-4}">Supervision or touching assistance</span></a></li><li><a href="Observation-BFS-SNF-Discharge-Mobility-1-Ob-Question-28.html">Generated Summary: <span title="Codes: {http://loinc.org 83210-5}">Bed-to-chair transfer - functional ability during 3 day assessment period [CMS Assessment]</span>; effective: Aug 1, 2020 9:00:00 AM; <span title="Codes: {http://loinc.org LA10055-4}">Partial/moderate assistance - Helper does less than half the effort. Helper lifts, holds or supports trunk or limbs, but provides less than half the effort.</span></a></li><li><a href="Observation-BFS-SNF-Discharge-Mobility-1-Ob-Question-34.html">Generated Summary: <span title="Codes: {http://loinc.org 83208-9}">Toilet transfer - functional ability during 3 day assessment period [CMS Assessment]</span>; effective: Aug 1, 2020 9:00:00 AM; <span title="Codes: {http://loinc.org LA10055-4}">Partial/moderate assistance - Helper does less than half the effort. Helper lifts, holds or supports trunk or limbs, but provides less than half the effort.</span></a></li><li><a href="Observation-BFS-SNF-Discharge-Mobility-1-Ob-Question-40.html">Generated Summary: <span title="Codes: {http://loinc.org 83206-3}">Car transfer - functional ability during 3 day assessment period [CMS Assessment]</span>; effective: Aug 1, 2020 9:00:00 AM; <span title="Codes: {http://loinc.org LA10055-4}">Partial/moderate assistance - Helper does less than half the effort. Helper lifts, holds or supports trunk or limbs, but provides less than half the effort.</span></a></li><li><a href="Observation-BFS-SNF-Discharge-Mobility-1-Ob-Question-46.html">Generated Summary: <span title="Codes: {http://loinc.org 83204-8}">Walk 10 feet - functional ability during 3 day assessment period [CMS Assessment]</span>; effective: Aug 1, 2020 9:00:00 AM; <span title="Codes: {http://loinc.org LA10055-4}">Partial/moderate assistance - Helper does less than half the effort. Helper lifts, holds or supports trunk or limbs, but provides less than half the effort.</span></a></li><li><a href="Observation-BFS-SNF-Discharge-Mobility-1-Ob-Question-52.html">Generated Summary: <span title="Codes: {http://loinc.org 83202-2}">Walk 50 feet with two turns - functional ability during 3 day assessment period [CMS Assessment]</span>; effective: Aug 1, 2020 9:00:00 AM; <span title="Codes: {http://loinc.org LA10055-4}">Partial/moderate assistance - Helper does less than half the effort. Helper lifts, holds or supports trunk or limbs, but provides less than half the effort.</span></a></li><li><a href="Observation-BFS-SNF-Discharge-Mobility-1-Ob-Question-58.html">Generated Summary: <span title="Codes: {http://loinc.org 83200-6}">Walk 150 feet - functional ability during 3 day assessment period [CMS Assessment]</span>; effective: Aug 1, 2020 9:00:00 AM; <span title="Codes: {http://loinc.org LA10055-4}">Partial/moderate assistance - Helper does less than half the effort. Helper lifts, holds or supports trunk or limbs, but provides less than half the effort.</span></a></li><li><a href="Observation-BFS-SNF-Discharge-Mobility-1-Ob-Question-64.html">Generated Summary: <span title="Codes: {http://loinc.org 83198-2}">Walking 10 feet on uneven surfaces - functional ability during 3 day assessment period [CMS Assessment]</span>; effective: Aug 1, 2020 9:00:00 AM; <span title="Codes: {http://loinc.org LA11759-0}">Substantial/maximal assistance - Helper does more than half the effort. Helper lifts or holds trunk or limbs and provides more than half the effort.</span></a></li><li><a href="Observation-BFS-SNF-Discharge-Mobility-1-Ob-Question-70.html">Generated Summary: <span title="Codes: {http://loinc.org 83196-6}">1 step (curb) - functional ability during 3 day assessment period [CMS Assessment]</span>; effective: Aug 1, 2020 9:00:00 AM; <span title="Codes: {http://loinc.org LA10055-4}">Partial/moderate assistance - Helper does less than half the effort. Helper lifts, holds or supports trunk or limbs, but provides less than half the effort.</span></a></li><li><a href="Observation-BFS-SNF-Discharge-Mobility-1-Ob-Question-76.html">Generated Summary: <span title="Codes: {http://loinc.org 83194-1}">4 steps - functional ability during 3 day assessment period [CMS Assessment]</span>; effective: Aug 1, 2020 9:00:00 AM; <span title="Codes: {http://loinc.org LA11759-0}">Substantial/maximal assistance - Helper does more than half the effort. Helper lifts or holds trunk or limbs and provides more than half the effort.</span></a></li><li><a href="Observation-BFS-SNF-Discharge-Mobility-1-Ob-Question-82.html">Generated Summary: <span title="Codes: {http://loinc.org 83192-5}">12 steps - functional ability during 3 day assessment period [CMS Assessment]</span>; effective: Aug 1, 2020 9:00:00 AM; <span title="Codes: {http://loinc.org LA11759-0}">Substantial/maximal assistance - Helper does more than half the effort. Helper lifts or holds trunk or limbs and provides more than half the effort.</span></a></li><li><a href="Observation-BFS-SNF-Discharge-Mobility-1-Ob-Question-88.html">Generated Summary: <span title="Codes: {http://loinc.org 83190-9}">Picking up object - functional ability during 3 day assessment period [CMS Assessment]</span>; effective: Aug 1, 2020 9:00:00 AM; <span title="Codes: {http://loinc.org LA26735-3}">Not attempted due to medical condition or safety concerns</span></a></li><li><a href="Observation-BFS-SNF-Discharge-Mobility-1-Ob-Question-94.html">Generated Summary: <span title="Codes: {http://loinc.org 83188-3}">Wheel 50 feet with two turns - functional ability during 3 day assessment period [CMS Assessment]</span>; effective: Aug 1, 2020 9:00:00 AM; <span title="Codes: {http://loinc.org LA9983-3}">Independent</span></a></li><li><a href="Observation-BFS-SNF-Discharge-Mobility-1-Ob-Question-100.html">Generated Summary: <span title="Codes: {http://loinc.org 83235-2}">Wheel 150 feet - functional ability during 3 day assessment period [CMS Assessment]</span>; effective: Aug 1, 2020 9:00:00 AM; <span title="Codes: {http://loinc.org LA9983-3}">Independent</span></a></li></ul><p><b>derivedFrom</b>: <a href="QuestionnaireResponse-QResponse-SNF-Discharge-Mobility-1.html">Questionnaire Response. Generated Summary: questionnaire: https://api.logicahealth.org/PACIO/open/Questionnaire/MDS3.0-NC-1.17; status: completed; authored: Aug 1, 2020 9:00:00 AM</a></p></div>
  </text>
  <extension url="http://hl7.org/fhir/StructureDefinition/event-location">
    <valueReference>
      <reference value="Location/Org-Loc-02"/>
    </valueReference>
  </extension>
  <extension url="http://paciowg.github.io/functional-status-ig/StructureDefinition/device-patient-used">
    <valueReference>
      <reference value="DeviceUseStatement/BFS-SNF-Discharge-Mobility-1-UseOfDevice-6"/>
    </valueReference>
  </extension>
  <extension url="http://paciowg.github.io/functional-status-ig/StructureDefinition/device-patient-used">
    <valueReference>
      <reference value="DeviceUseStatement/BFS-SNF-Discharge-Mobility-1-UseOfDevice-7"/>
    </valueReference>
  </extension>
  <extension url="http://paciowg.github.io/functional-status-ig/StructureDefinition/device-patient-used">
    <valueReference>
      <reference value="DeviceUseStatement/BFS-SNF-Discharge-Mobility-1-UseOfDevice-8"/>
    </valueReference>
  </extension>
  <extension url="http://paciowg.github.io/functional-status-ig/StructureDefinition/device-patient-used">
    <valueReference>
      <reference value="DeviceUseStatement/BFS-SNF-Discharge-Mobility-1-UseOfDevice-9"/>
    </valueReference>
  </extension>
  <extension url="http://paciowg.github.io/functional-status-ig/StructureDefinition/device-patient-used">
    <valueReference>
      <reference value="DeviceUseStatement/BFS-SNF-Discharge-Mobility-1-UseOfDevice-10"/>
    </valueReference>
  </extension>
  <extension url="http://paciowg.github.io/functional-status-ig/StructureDefinition/device-patient-used">
    <valueReference>
      <reference value="DeviceUseStatement/BFS-SNF-Discharge-Mobility-1-UseOfDevice-11"/>
    </valueReference>
  </extension>
  <status value="final"/>
  <category>
    <coding>
      <system value="http://terminology.hl7.org/CodeSystem/observation-category"/>
      <code value="survey"/>
    </coding>
  </category>
  <code>
    <coding>
      <system value="http://loinc.org"/>
      <code value="88331-4"/>
      <display value="Mobility - discharge performance during 3 day assessment period [CMS Assessment]"/>
    </coding>
  </code>
  <subject>
    <reference value="Patient/patientBSJ1"/>
  </subject>
  <effectiveDateTime value="2020-08-01T11:00:00-05:00"/>
  <performer>
    <reference value="Practitioner/Practitioner-DanielGranger"/>
  </performer>
  <performer>
    <reference value="PractitionerRole/Role-PT"/>
  </performer>
  <performer>
    <reference value="Organization/Org-02"/>
    <display value="Organization"/>
  </performer>
  <hasMember>
    <reference value="Observation/BFS-SNF-Discharge-Mobility-1-Ob-Question-4"/>
  </hasMember>
  <hasMember>
    <reference value="Observation/BFS-SNF-Discharge-Mobility-1-Ob-Question-10"/>
  </hasMember>
  <hasMember>
    <reference value="Observation/BFS-SNF-Discharge-Mobility-1-Ob-Question-16"/>
  </hasMember>
  <hasMember>
    <reference value="Observation/BFS-SNF-Discharge-Mobility-1-Ob-Question-22"/>
  </hasMember>
  <hasMember>
    <reference value="Observation/BFS-SNF-Discharge-Mobility-1-Ob-Question-28"/>
  </hasMember>
  <hasMember>
    <reference value="Observation/BFS-SNF-Discharge-Mobility-1-Ob-Question-34"/>
  </hasMember>
  <hasMember>
    <reference value="Observation/BFS-SNF-Discharge-Mobility-1-Ob-Question-40"/>
  </hasMember>
  <hasMember>
    <reference value="Observation/BFS-SNF-Discharge-Mobility-1-Ob-Question-46"/>
  </hasMember>
  <hasMember>
    <reference value="Observation/BFS-SNF-Discharge-Mobility-1-Ob-Question-52"/>
  </hasMember>
  <hasMember>
    <reference value="Observation/BFS-SNF-Discharge-Mobility-1-Ob-Question-58"/>
  </hasMember>
  <hasMember>
    <reference value="Observation/BFS-SNF-Discharge-Mobility-1-Ob-Question-64"/>
  </hasMember>
  <hasMember>
    <reference value="Observation/BFS-SNF-Discharge-Mobility-1-Ob-Question-70"/>
  </hasMember>
  <hasMember>
    <reference value="Observation/BFS-SNF-Discharge-Mobility-1-Ob-Question-76"/>
  </hasMember>
  <hasMember>
    <reference value="Observation/BFS-SNF-Discharge-Mobility-1-Ob-Question-82"/>
  </hasMember>
  <hasMember>
    <reference value="Observation/BFS-SNF-Discharge-Mobility-1-Ob-Question-88"/>
  </hasMember>
  <hasMember>
    <reference value="Observation/BFS-SNF-Discharge-Mobility-1-Ob-Question-94"/>
  </hasMember>
  <hasMember>
    <reference value="Observation/BFS-SNF-Discharge-Mobility-1-Ob-Question-100"/>
  </hasMember>
  <derivedFrom>
    <reference value="QuestionnaireResponse/QResponse-SNF-Discharge-Mobility-1"/>
    <display value="Questionnaire Response"/>
  </derivedFrom>
</Observation>