<?xml version="1.0" encoding="UTF-8"?>

<Observation xmlns="http://hl7.org/fhir">
  <id value="BSJ-Prior-Level-Of-Function-1"/>
  <meta>
    <profile value="http://hl7.org/fhir/us/functional-status-ig/StructureDefinition/pacio-plf"/>
  </meta>
  <text>
    <status value="additional"/><div xmlns="http://www.w3.org/1999/xhtml">Patient is a community ambulator, able to attend desired activites and able to care for herself independently</div>
  </text>
  <extension url="http://hl7.org/fhir/us/functional-status-ig/StructureDefinition/assistance-required">
    <valueCodeableConcept>
      <text value="Independent"/>
    </valueCodeableConcept>
  </extension>
  <extension url="http://hl7.org/fhir/StructureDefinition/event-location">
    <valueReference>
      <reference value="Location/provider-org-loc-01"/>
    </valueReference>
  </extension>
  <status value="final"/>
  <code>
    <coding>
      <system value="http://loinc.org"/>
      <code value="10158-4"/>
      <display value="History of Functional status Narrative"/>
    </coding>
  </code>
  <subject>
    <reference value="Patient/patientBSJ1"/>
  </subject>
  <effectivePeriod>
    <start value="2019-07-01"/>
    <end value="2020-11-30"/>
  </effectivePeriod>
  <performer>
    <reference value="Practitioner/Practitioner-JohnSmith"/>
  </performer>
  <performer>
    <reference value="PractitionerRole/provider-role-pcp"/>
  </performer>
  <performer>
    <reference value="Organization/provider-org-01"/>
    <display value="Organization"/>
  </performer>
</Observation>