<?xml version="1.0" encoding="UTF-8"?>

<Observation xmlns="http://hl7.org/fhir">
  <id value="Connectathon-Assessment-FS-SNF-Admission-SelfCare-Ob-15"/>
  <meta>
    <profile value="http://pacioproject.org/StructureDefinition/pacio-fs"/>
  </meta>
  <text>
    <status value="generated"/><div xmlns="http://www.w3.org/1999/xhtml"><p><b>Generated Narrative with Details</b></p><p><b>id</b>: Connectathon-Assessment-FS-SNF-Admission-SelfCare-Ob-15</p><p><b>meta</b>: </p><p><b>status</b>: final</p><p><b>code</b>: Toileting hygiene <span style="background: LightGoldenRodYellow">(Details : {LOINC code '83228-7' = 'Toileting hygiene - functional ability during 3 day assessment period [CMS Assessment]', given as 'Toileting hygiene - functional ability during 3D assessment period'})</span></p><p><b>subject</b>: <a href="Patient-patientBSJ1.html">Generated Summary: id: patientBSJ1; Betsy Smith-Johnson </a></p><p><b>effective</b>: Apr 9, 2020 8:00:00 PM</p><p><b>performer</b>: </p><ul><li><a href="Practitioner-Connectathon-Practitioner-JenCadbury.html">Generated Summary: id: Connectathon-Practitioner-JenCadbury; active; Jen Cadbury ; gender: female</a></li><li><a href="PractitionerRole-Connectathon-Role-PT.html">Generated Summary: id: Connectathon-Role-PT; active; <span title="Codes: {http://snomed.info/sct 36682004}">Physiotherapist</span></a></li><li><a href="Organization-Connectathon-Org-02.html">Organization. Generated Summary: id: Connectathon-Org-02; name: Happy Nursing Facility</a></li></ul><p><b>value</b>: Partial/moderate Assist <span style="background: LightGoldenRodYellow">(Details : {LOINC code 'LA10055-4' = 'Partial/moderate assistance - Helper does less than half the effort. Helper lifts, holds or supports trunk or limbs, but provides less than half the effort.', given as 'Partial/moderate Assist'})</span></p><p><b>derivedFrom</b>: <a href="QuestionnaireResponse-Connectathon-QuestResponse-FS-SNF-Admission-SelfCare.html">Generated Summary: id: Connectathon-QuestResponse-FS-SNF-Admission-SelfCare; questionnaire: https://api.logicahealth.org/PACIO/open/Questionnaire/MDS3.0-NC-1.17; status: completed; authored: Apr 9, 2020 8:00:00 PM</a></p></div>
  </text>
  <extension url="http://hl7.org/fhir/StructureDefinition/event-location">
    <valueReference>
      <reference value="Location/Connectathon-Org-Loc-02"/>
    </valueReference>
  </extension>
  <status value="final"/>
  <code>
    <coding>
      <system value="http://loinc.org"/>
      <code value="83228-7"/>
      <display value="Toileting hygiene - functional ability during 3D assessment period"/>
    </coding>
    <text value="Toileting hygiene"/>
  </code>
  <subject>
    <reference value="Patient/patientBSJ1"/>
  </subject>
  <effectiveDateTime value="2020-04-09T15:00:00-05:00"/>
  <performer>
    <reference value="Practitioner/Connectathon-Practitioner-JenCadbury"/>
  </performer>
  <performer>
    <reference value="PractitionerRole/Connectathon-Role-PT"/>
  </performer>
  <performer>
    <reference value="Organization/Connectathon-Org-02"/>
    <display value="Organization"/>
  </performer>
  <valueCodeableConcept>
    <coding>
      <system value="http://loinc.org"/>
      <code value="LA10055-4"/>
      <display value="Partial/moderate Assist"/>
    </coding>
    <text value="Partial/moderate Assist"/>
  </valueCodeableConcept>
  <derivedFrom>
    <reference value="QuestionnaireResponse/Connectathon-QuestResponse-FS-SNF-Admission-SelfCare"/>
  </derivedFrom>
</Observation>