<?xml version="1.0" encoding="UTF-8"?>

<Observation xmlns="http://hl7.org/fhir">
  <id value="BFS-HH-StartOfCare-Mobility-SelfCare-1"/>
  <meta>
    <profile value="http://hl7.org/fhir/us/functional-status-ig/StructureDefinition/pacio-bfs"/>
  </meta>
  <text>
    <status value="extensions"/><div xmlns="http://www.w3.org/1999/xhtml"><p><b>Generated Narrative</b></p><h3>Ids</h3><table class="grid"><tr><td>-</td></tr><tr><td>*</td></tr></table><h3>Meta</h3><table class="grid"><tr><td>-</td></tr><tr><td>*</td></tr></table><p><b>Event Location</b>: </p><p></p><p><b>category</b>: <span title="Codes: {http://terminology.hl7.org/CodeSystem/observation-category survey}">Survey</span></p><p><b>code</b>: <span title="Codes: {http://loinc.org 89479-0}">Self-Care - SOC/ROC Performance</span></p><p><b>subject</b>: <a href="Patient-patientBSJ1.html">Generated Summary: Betsy Smith-Johnson </a></p><p><b>effective</b>: Aug 2, 2020, 2:31:00 PM</p><p><b>performer</b>: </p><ul><li><a href="Practitioner-Practitioner-LunaBaskins.html">Generated Summary: active; Luna Baskins ; gender: female</a></li><li><a href="PractitionerRole-Role-PT.html">Generated Summary: active; <span title="Codes: {http://snomed.info/sct 36682004}">Physiotherapist</span></a></li><li><a href="Organization-Org-03.html">Organization. Generated Summary: name: Sky Harbor Home Health Services</a></li></ul><p><b>hasMember</b>: </p><ul><li><a href="Observation-BFS-HH-StartOfCare-Mobility-SelfCare-1-Ob-Question-43.html">Generated Summary: <span title="Codes: {http://loinc.org 89410-5}">Eating</span>; effective: Aug 2, 2020, 2:31:00 PM; <span title="Codes: {http://loinc.org LA9983-3}">Independent</span></a></li><li><a href="Observation-BFS-HH-StartOfCare-Mobility-SelfCare-1-Ob-Question-44.html">Generated Summary: <span title="Codes: {http://loinc.org 89405-5}">Oral hygiene</span>; effective: Aug 2, 2020, 2:31:00 PM; <span title="Codes: {http://loinc.org LA9983-3}">Independent</span></a></li><li><a href="Observation-BFS-HH-StartOfCare-Mobility-SelfCare-1-Ob-Question-45.html">Generated Summary: <span title="Codes: {http://loinc.org 57245-3}">Toileting hygiene</span>; effective: Aug 2, 2020, 2:31:00 PM; <span title="Codes: {http://loinc.org LA10073-7}">Setup or clean-up assistance</span></a></li><li><a href="Observation-BFS-HH-StartOfCare-Mobility-SelfCare-1-Ob-Question-46.html">Generated Summary: <span title="Codes: {http://loinc.org 89397-4}">Shower/bathe self</span>; effective: Aug 2, 2020, 2:31:00 PM; <span title="Codes: {http://loinc.org LA11759-0}">Substantial/maximal assistance</span></a></li><li><a href="Observation-BFS-HH-StartOfCare-Mobility-SelfCare-1-Ob-Question-47.html">Generated Summary: <span title="Codes: {http://loinc.org 89388-3}">Upper body dressing</span>; effective: Aug 2, 2020, 2:31:00 PM; <span title="Codes: {http://loinc.org LA10073-7}">Setup or clean-up assistance</span></a></li><li><a href="Observation-BFS-HH-StartOfCare-Mobility-SelfCare-1-Ob-Question-48.html">Generated Summary: <span title="Codes: {http://loinc.org 89407-1}">Lower body dressing</span>; effective: Aug 2, 2020, 2:31:00 PM; <span title="Codes: {http://loinc.org LA10055-4}">Partial/moderate assistance</span></a></li><li><a href="Observation-BFS-HH-StartOfCare-Mobility-SelfCare-1-Ob-Question-49.html">Generated Summary: <span title="Codes: {http://loinc.org 89401-4}">Putting on/taking off footwear</span>; effective: Aug 2, 2020, 2:31:00 PM; <span title="Codes: {http://loinc.org LA10055-4}">Partial/moderate assistance</span></a></li></ul><p><b>derivedFrom</b>: <a href="QuestionnaireResponse-QResponse-HH-StartOfCare-Mobility-SelfCare-1.html">Questionnaire Response. Generated Summary: questionnaire: https://api.logicahealth.org/PACIO/open/Questionnaire/MDS3.0-NC-1.17; status: completed; authored: Aug 2, 2020, 2:31:00 PM</a></p></div>
  </text>
  <extension url="http://hl7.org/fhir/StructureDefinition/event-location">
    <valueReference>
      <reference value="Location/Org-Loc-03"/>
    </valueReference>
  </extension>
  <status value="final"/>
  <category>
    <coding>
      <system value="http://terminology.hl7.org/CodeSystem/observation-category"/>
      <code value="survey"/>
    </coding>
  </category>
  <code>
    <coding>
      <system value="http://loinc.org"/>
      <code value="89479-0"/>
      <display value="Self-Care - SOC/ROC Performance"/>
    </coding>
  </code>
  <subject>
    <reference value="Patient/patientBSJ1"/>
  </subject>
  <effectiveDateTime value="2020-08-02T13:31:00-05:00"/>
  <performer>
    <reference value="Practitioner/Practitioner-LunaBaskins"/>
  </performer>
  <performer>
    <reference value="PractitionerRole/Role-PT"/>
  </performer>
  <performer>
    <reference value="Organization/Org-03"/>
    <display value="Organization"/>
  </performer>
  <hasMember>
    <reference value="Observation/BFS-HH-StartOfCare-Mobility-SelfCare-1-Ob-Question-43"/>
  </hasMember>
  <hasMember>
    <reference value="Observation/BFS-HH-StartOfCare-Mobility-SelfCare-1-Ob-Question-44"/>
  </hasMember>
  <hasMember>
    <reference value="Observation/BFS-HH-StartOfCare-Mobility-SelfCare-1-Ob-Question-45"/>
  </hasMember>
  <hasMember>
    <reference value="Observation/BFS-HH-StartOfCare-Mobility-SelfCare-1-Ob-Question-46"/>
  </hasMember>
  <hasMember>
    <reference value="Observation/BFS-HH-StartOfCare-Mobility-SelfCare-1-Ob-Question-47"/>
  </hasMember>
  <hasMember>
    <reference value="Observation/BFS-HH-StartOfCare-Mobility-SelfCare-1-Ob-Question-48"/>
  </hasMember>
  <hasMember>
    <reference value="Observation/BFS-HH-StartOfCare-Mobility-SelfCare-1-Ob-Question-49"/>
  </hasMember>
  <derivedFrom>
    <reference value="QuestionnaireResponse/QResponse-HH-StartOfCare-Mobility-SelfCare-1"/>
    <display value="Questionnaire Response"/>
  </derivedFrom>
</Observation>