<?xml version="1.0" encoding="UTF-8"?>

<Observation xmlns="http://hl7.org/fhir">
  <id value="BFS-HH-StartOfCare-Mobility-1"/>
  <meta>
    <profile value="http://hl7.org/fhir/us/functional-status-ig/StructureDefinition/pacio-bfs"/>
  </meta>
  <text>
    <status value="extensions"/><div xmlns="http://www.w3.org/1999/xhtml"><p><b>Generated Narrative</b></p><h3>Ids</h3><table class="grid"><tr><td>-</td></tr><tr><td>*</td></tr></table><h3>Meta</h3><table class="grid"><tr><td>-</td></tr><tr><td>*</td></tr></table><p><b>Event Location</b>: </p><p></p><p><b>category</b>: <span title="Codes: {http://terminology.hl7.org/CodeSystem/observation-category survey}">Survey</span></p><p><b>code</b>: <span title="Codes: {http://loinc.org 88330-6}">Mobility - Admission Performance</span></p><p><b>subject</b>: <a href="Patient-patientBSJ1.html">Generated Summary: Betsy Smith-Johnson </a></p><p><b>effective</b>: Aug 2, 2020, 2:31:00 PM</p><p><b>performer</b>: </p><ul><li><a href="Practitioner-Practitioner-LunaBaskins.html">Generated Summary: active; Luna Baskins ; gender: female</a></li><li><a href="PractitionerRole-Role-PT.html">Generated Summary: active; <span title="Codes: {http://snomed.info/sct 36682004}">Physiotherapist</span></a></li><li><a href="Organization-Org-03.html">Organization. Generated Summary: name: Sky Harbor Home Health Services</a></li></ul><p><b>hasMember</b>: </p><ul><li><a href="Observation-BFS-HH-StartOfCare-Mobility-1-Ob-Question-5.html">Generated Summary: <span title="Codes: {http://loinc.org 83218-8}">Roll left and right</span>; effective: Aug 2, 2020, 2:31:00 PM; <span title="Codes: {http://loinc.org LA28225-3}">Supervision or touching assistance</span></a></li><li><a href="Observation-BFS-HH-StartOfCare-Mobility-1-Ob-Question-11.html">Generated Summary: <span title="Codes: {http://loinc.org 83216-2}">Sit to lying</span>; effective: Aug 2, 2020, 2:31:00 PM; <span title="Codes: {http://loinc.org LA10073-7}">Setup or clean-up assistance</span></a></li><li><a href="Observation-BFS-HH-StartOfCare-Mobility-1-Ob-Question-17.html">Generated Summary: <span title="Codes: {http://loinc.org 83214-7}">Lying to sitting on side of bed</span>; effective: Aug 2, 2020, 2:31:00 PM; <span title="Codes: {http://loinc.org LA10073-7}">Setup or clean-up assistance</span></a></li><li><a href="Observation-BFS-HH-StartOfCare-Mobility-1-Ob-Question-23.html">Generated Summary: <span title="Codes: {http://loinc.org 83212-1}">Sit to stand</span>; effective: Aug 2, 2020, 2:31:00 PM; <span title="Codes: {http://loinc.org LA28225-3}">Supervision or touching assistance</span></a></li><li><a href="Observation-BFS-HH-StartOfCare-Mobility-1-Ob-Question-29.html">Generated Summary: <span title="Codes: {http://loinc.org 83210-5}">Chair/bed-to-chair transfer</span>; effective: Aug 2, 2020, 2:31:00 PM; <span title="Codes: {http://loinc.org LA10055-4}">Partial/moderate assistance</span></a></li><li><a href="Observation-BFS-HH-StartOfCare-Mobility-1-Ob-Question-35.html">Generated Summary: <span title="Codes: {http://loinc.org 83208-9}">Toilet transfer</span>; effective: Aug 2, 2020, 2:31:00 PM; <span title="Codes: {http://loinc.org LA10055-4}">Partial/moderate assistance</span></a></li><li><a href="Observation-BFS-HH-StartOfCare-Mobility-1-Ob-Question-41.html">Generated Summary: <span title="Codes: {http://loinc.org 83206-3}">Car transfer</span>; effective: Aug 2, 2020, 2:31:00 PM; <span title="Codes: {http://loinc.org LA10055-4}">Partial/moderate assistance</span></a></li><li><a href="Observation-BFS-HH-StartOfCare-Mobility-1-Ob-Question-47.html">Generated Summary: <span title="Codes: {http://loinc.org 83204-8}">Walk 10 feet</span>; effective: Aug 2, 2020, 2:31:00 PM; <span title="Codes: {http://loinc.org LA10055-4}">Partial/moderate assistance</span></a></li><li><a href="Observation-BFS-HH-StartOfCare-Mobility-1-Ob-Question-53.html">Generated Summary: <span title="Codes: {http://loinc.org 83202-2}">Walk 50 feet with two turns</span>; effective: Aug 2, 2020, 2:31:00 PM; <span title="Codes: {http://loinc.org LA10055-4}">Partial/moderate assistance</span></a></li><li><a href="Observation-BFS-HH-StartOfCare-Mobility-1-Ob-Question-59.html">Generated Summary: <span title="Codes: {http://loinc.org 83200-6}">Walk 150 feet</span>; effective: Aug 2, 2020, 2:31:00 PM; <span title="Codes: {http://loinc.org LA10055-4}">Partial/moderate assistance</span></a></li><li><a href="Observation-BFS-HH-StartOfCare-Mobility-1-Ob-Question-65.html">Generated Summary: <span title="Codes: {http://loinc.org 83198-2}">Walking 10 feet on uneven surfaces</span>; effective: Aug 2, 2020, 2:31:00 PM; <span title="Codes: {http://loinc.org LA11759-0}">Substantial/maximal assistance</span></a></li><li><a href="Observation-BFS-HH-StartOfCare-Mobility-1-Ob-Question-71.html">Generated Summary: <span title="Codes: {http://loinc.org 83196-6}">1 step (curb)</span>; effective: Aug 2, 2020, 2:31:00 PM; <span title="Codes: {http://loinc.org LA10055-4}">Partial/moderate assistance</span></a></li><li><a href="Observation-BFS-HH-StartOfCare-Mobility-1-Ob-Question-77.html">Generated Summary: <span title="Codes: {http://loinc.org 83194-1}">4 steps</span>; effective: Aug 2, 2020, 2:31:00 PM; <span title="Codes: {http://loinc.org LA11759-0}">Substantial/maximal assistance</span></a></li><li><a href="Observation-BFS-HH-StartOfCare-Mobility-1-Ob-Question-83.html">Generated Summary: <span title="Codes: {http://loinc.org 83192-5}">12 steps</span>; effective: Aug 2, 2020, 2:31:00 PM; <span title="Codes: {http://loinc.org LA11759-0}">Substantial/maximal assistance</span></a></li><li><a href="Observation-BFS-HH-StartOfCare-Mobility-1-Ob-Question-89.html">Generated Summary: <span title="Codes: {http://loinc.org 83190-9}">Picking up object</span>; effective: Aug 2, 2020, 2:31:00 PM; <span title="Codes: {http://loinc.org LA26735-3}">Not attempted due to medical condition or safety concerns</span></a></li><li><a href="Observation-BFS-HH-StartOfCare-Mobility-1-Ob-Question-95.html">Generated Summary: <span title="Codes: {http://loinc.org 83188-3}">Wheel 50 feet with two turns</span>; effective: Aug 2, 2020, 2:31:00 PM; <span title="Codes: {http://loinc.org LA9983-3}">Independent</span></a></li><li><a href="Observation-BFS-HH-StartOfCare-Mobility-1-Ob-Question-101.html">Generated Summary: <span title="Codes: {http://loinc.org 83235-2}">Wheel 150 feet</span>; effective: Aug 2, 2020, 2:31:00 PM; <span title="Codes: {http://loinc.org LA9983-3}">Independent</span></a></li></ul><p><b>derivedFrom</b>: <a href="QuestionnaireResponse-QResponse-HH-StartOfCare-Mobility-1.html">Questionnaire Response. Generated Summary: questionnaire: https://api.logicahealth.org/PACIO/open/Questionnaire/MDS3.0-NC-1.17; status: completed; authored: Aug 2, 2020, 2:31:00 PM</a></p></div>
  </text>
  <extension url="http://hl7.org/fhir/StructureDefinition/event-location">
    <valueReference>
      <reference value="Location/Org-Loc-03"/>
    </valueReference>
  </extension>
  <status value="final"/>
  <category>
    <coding>
      <system value="http://terminology.hl7.org/CodeSystem/observation-category"/>
      <code value="survey"/>
    </coding>
  </category>
  <code>
    <coding>
      <system value="http://loinc.org"/>
      <code value="88330-6"/>
      <display value="Mobility - Admission Performance"/>
    </coding>
  </code>
  <subject>
    <reference value="Patient/patientBSJ1"/>
  </subject>
  <effectiveDateTime value="2020-08-02T13:31:00-05:00"/>
  <performer>
    <reference value="Practitioner/Practitioner-LunaBaskins"/>
  </performer>
  <performer>
    <reference value="PractitionerRole/Role-PT"/>
  </performer>
  <performer>
    <reference value="Organization/Org-03"/>
    <display value="Organization"/>
  </performer>
  <hasMember>
    <reference value="Observation/BFS-HH-StartOfCare-Mobility-1-Ob-Question-5"/>
  </hasMember>
  <hasMember>
    <reference value="Observation/BFS-HH-StartOfCare-Mobility-1-Ob-Question-11"/>
  </hasMember>
  <hasMember>
    <reference value="Observation/BFS-HH-StartOfCare-Mobility-1-Ob-Question-17"/>
  </hasMember>
  <hasMember>
    <reference value="Observation/BFS-HH-StartOfCare-Mobility-1-Ob-Question-23"/>
  </hasMember>
  <hasMember>
    <reference value="Observation/BFS-HH-StartOfCare-Mobility-1-Ob-Question-29"/>
  </hasMember>
  <hasMember>
    <reference value="Observation/BFS-HH-StartOfCare-Mobility-1-Ob-Question-35"/>
  </hasMember>
  <hasMember>
    <reference value="Observation/BFS-HH-StartOfCare-Mobility-1-Ob-Question-41"/>
  </hasMember>
  <hasMember>
    <reference value="Observation/BFS-HH-StartOfCare-Mobility-1-Ob-Question-47"/>
  </hasMember>
  <hasMember>
    <reference value="Observation/BFS-HH-StartOfCare-Mobility-1-Ob-Question-53"/>
  </hasMember>
  <hasMember>
    <reference value="Observation/BFS-HH-StartOfCare-Mobility-1-Ob-Question-59"/>
  </hasMember>
  <hasMember>
    <reference value="Observation/BFS-HH-StartOfCare-Mobility-1-Ob-Question-65"/>
  </hasMember>
  <hasMember>
    <reference value="Observation/BFS-HH-StartOfCare-Mobility-1-Ob-Question-71"/>
  </hasMember>
  <hasMember>
    <reference value="Observation/BFS-HH-StartOfCare-Mobility-1-Ob-Question-77"/>
  </hasMember>
  <hasMember>
    <reference value="Observation/BFS-HH-StartOfCare-Mobility-1-Ob-Question-83"/>
  </hasMember>
  <hasMember>
    <reference value="Observation/BFS-HH-StartOfCare-Mobility-1-Ob-Question-89"/>
  </hasMember>
  <hasMember>
    <reference value="Observation/BFS-HH-StartOfCare-Mobility-1-Ob-Question-95"/>
  </hasMember>
  <hasMember>
    <reference value="Observation/BFS-HH-StartOfCare-Mobility-1-Ob-Question-101"/>
  </hasMember>
  <derivedFrom>
    <reference value="QuestionnaireResponse/QResponse-HH-StartOfCare-Mobility-1"/>
    <display value="Questionnaire Response"/>
  </derivedFrom>
</Observation>