<?xml version="1.0" encoding="UTF-8"?>

<Observation xmlns="http://hl7.org/fhir">
  <id value="BFS-HH-StartOfCare-Mobility-1-Ob-Question-89"/>
  <meta>
    <profile value="http://paciowg.github.io/functional-status-ig/StructureDefinition/pacio-fs"/>
  </meta>
  <text>
    <status value="extensions"/><div xmlns="http://www.w3.org/1999/xhtml"><p><b>Generated Narrative</b></p><p><b>Event Location</b>: <a href="Location-Org-Loc-03.html">Generated Summary: status: active; name: Sky Harbor Home Health Services</a></p><p></p><p><b>code</b>: <span title="Codes: {http://loinc.org 83190-9}">Picking up object</span></p><p><b>subject</b>: <a href="Patient-patientBSJ1.html">Generated Summary: Betsy Smith-Johnson </a></p><p><b>effective</b>: Aug 2, 2020 11:31:00 AM</p><p><b>performer</b>: </p><ul><li><a href="Practitioner-Practitioner-LunaBaskins.html">Generated Summary: active; Luna Baskins ; gender: female</a></li><li><a href="PractitionerRole-Role-PT.html">Generated Summary: active; <span title="Codes: {http://snomed.info/sct 36682004}">Physiotherapist</span></a></li><li><a href="Organization-Org-03.html">Organization. Generated Summary: name: Sky Harbor Home Health Services</a></li></ul><p><b>value</b>: <span title="Codes: {http://loinc.org LA26735-3}">Not attempted</span></p><p><b>derivedFrom</b>: <a href="QuestionnaireResponse-QResponse-HH-StartOfCare-Mobility-1.html">Generated Summary: questionnaire: https://api.logicahealth.org/PACIO/open/Questionnaire/MDS3.0-NC-1.17; status: completed; authored: Aug 2, 2020 11:31:00 AM</a></p></div>
  </text>
  <extension url="http://hl7.org/fhir/StructureDefinition/event-location">
    <valueReference>
      <reference value="Location/Org-Loc-03"/>
    </valueReference>
  </extension>
  <status value="final"/>
  <code>
    <coding>
      <system value="http://loinc.org"/>
      <code value="83190-9"/>
      <display value="Picking up object - functional ability during 3 day assessment period [CMS Assessment]"/>
    </coding>
    <text value="Picking up object"/>
  </code>
  <subject>
    <reference value="Patient/patientBSJ1"/>
  </subject>
  <effectiveDateTime value="2020-08-02T13:31:00-05:00"/>
  <performer>
    <reference value="Practitioner/Practitioner-LunaBaskins"/>
  </performer>
  <performer>
    <reference value="PractitionerRole/Role-PT"/>
  </performer>
  <performer>
    <reference value="Organization/Org-03"/>
    <display value="Organization"/>
  </performer>
  <valueCodeableConcept>
    <coding>
      <system value="http://loinc.org"/>
      <code value="LA26735-3"/>
      <display value="Not attempted due to medical condition or safety concerns"/>
    </coding>
    <text value="Not attempted"/>
  </valueCodeableConcept>
  <derivedFrom>
    <reference value="QuestionnaireResponse/QResponse-HH-StartOfCare-Mobility-1"/>
  </derivedFrom>
</Observation>