<?xml version="1.0" encoding="UTF-8"?>

<Observation xmlns="http://hl7.org/fhir">
  <id value="BFS-HH-Discharge-Mobility-SelfCare-1"/>
  <meta>
    <profile value="http://hl7.org/fhir/us/functional-status-ig/StructureDefinition/pacio-bfs"/>
  </meta>
  <text>
    <status value="extensions"/><div xmlns="http://www.w3.org/1999/xhtml"><p><b>Generated Narrative</b></p><h3>Ids</h3><table class="grid"><tr><td>-</td></tr><tr><td>*</td></tr></table><h3>Meta</h3><table class="grid"><tr><td>-</td></tr><tr><td>*</td></tr></table><p><b>Event Location</b>: </p><p></p><p><b>category</b>: <span title="Codes: {http://terminology.hl7.org/CodeSystem/observation-category survey}">Survey</span></p><p><b>code</b>: <span title="Codes: {http://loinc.org 83254-3}">Self-Care - Discharge Performance</span></p><p><b>subject</b>: <a href="Patient-patientBSJ1.html">Generated Summary: Betsy Smith-Johnson </a></p><p><b>effective</b>: Aug 30, 2020, 3:00:00 PM</p><p><b>performer</b>: </p><ul><li><a href="Practitioner-Practitioner-ScottDumble.html">Generated Summary: active; Scott Dumble ; gender: male</a></li><li><a href="PractitionerRole-Role-PT.html">Generated Summary: active; <span title="Codes: {http://snomed.info/sct 36682004}">Physiotherapist</span></a></li><li><a href="Organization-Org-03.html">Organization. Generated Summary: name: Sky Harbor Home Health Services</a></li></ul><p><b>hasMember</b>: </p><ul><li><a href="Observation-BFS-HH-Discharge-Mobility-SelfCare-1-Ob-Question-5.html">Generated Summary: <span title="Codes: {http://loinc.org 83232-9}">Eating</span>; effective: Aug 30, 2020, 3:00:00 PM; <span title="Codes: {http://loinc.org LA27993-7}">Independent</span></a></li><li><a href="Observation-BFS-HH-Discharge-Mobility-SelfCare-1-Ob-Question-10.html">Generated Summary: <span title="Codes: {http://loinc.org 83230-3}">Oral hygiene</span>; effective: Aug 30, 2020, 3:00:00 PM; <span title="Codes: {http://loinc.org LA27993-7}">Independent</span></a></li><li><a href="Observation-BFS-HH-Discharge-Mobility-SelfCare-1-Ob-Question-15.html">Generated Summary: <span title="Codes: {http://loinc.org 83228-7}">Toileting hygiene</span>; effective: Aug 30, 2020, 3:00:00 PM; <span title="Codes: {http://loinc.org LA27993-7}">Independent</span></a></li><li><a href="Observation-BFS-HH-Discharge-Mobility-SelfCare-1-Ob-Question-20.html">Generated Summary: <span title="Codes: {http://loinc.org 83226-1}">Shower/bathe self</span>; effective: Aug 30, 2020, 3:00:00 PM; <span title="Codes: {http://loinc.org LA27993-7}">Independent</span></a></li><li><a href="Observation-BFS-HH-Discharge-Mobility-SelfCare-1-Ob-Question-25.html">Generated Summary: <span title="Codes: {http://loinc.org 83224-6}">Upper body dressing</span>; effective: Aug 30, 2020, 3:00:00 PM; <span title="Codes: {http://loinc.org LA27993-7}">Independent</span></a></li><li><a href="Observation-BFS-HH-Discharge-Mobility-SelfCare-1-Ob-Question-30.html">Generated Summary: <span title="Codes: {http://loinc.org 83222-0}">Lower body dressing</span>; effective: Aug 30, 2020, 3:00:00 PM; <span title="Codes: {http://loinc.org LA27993-7}">Independent</span></a></li><li><a href="Observation-BFS-HH-Discharge-Mobility-SelfCare-1-Ob-Question-35.html">Generated Summary: <span title="Codes: {http://loinc.org 83220-4}">Putting on/taking off footwear</span>; effective: Aug 30, 2020, 3:00:00 PM; <span title="Codes: {http://loinc.org LA27993-7}">Independent</span></a></li></ul><p><b>derivedFrom</b>: <a href="QuestionnaireResponse-QResponse-HH-Discharge-Mobility-SelfCare-1.html">Questionnaire Response. Generated Summary: questionnaire: https://api.logicahealth.org/PACIO/open/Questionnaire/MDS3.0-NC-1.17; status: completed; authored: Aug 30, 2020, 3:00:00 PM</a></p></div>
  </text>
  <extension url="http://hl7.org/fhir/StructureDefinition/event-location">
    <valueReference>
      <reference value="Location/Org-Loc-03"/>
    </valueReference>
  </extension>
  <status value="final"/>
  <category>
    <coding>
      <system value="http://terminology.hl7.org/CodeSystem/observation-category"/>
      <code value="survey"/>
    </coding>
  </category>
  <code>
    <coding>
      <system value="http://loinc.org"/>
      <code value="83254-3"/>
      <display value="Self-Care - Discharge Performance"/>
    </coding>
  </code>
  <subject>
    <reference value="Patient/patientBSJ1"/>
  </subject>
  <effectiveDateTime value="2020-08-30T14:00:00-05:00"/>
  <performer>
    <reference value="Practitioner/Practitioner-ScottDumble"/>
  </performer>
  <performer>
    <reference value="PractitionerRole/Role-PT"/>
  </performer>
  <performer>
    <reference value="Organization/Org-03"/>
    <display value="Organization"/>
  </performer>
  <hasMember>
    <reference value="Observation/BFS-HH-Discharge-Mobility-SelfCare-1-Ob-Question-5"/>
  </hasMember>
  <hasMember>
    <reference value="Observation/BFS-HH-Discharge-Mobility-SelfCare-1-Ob-Question-10"/>
  </hasMember>
  <hasMember>
    <reference value="Observation/BFS-HH-Discharge-Mobility-SelfCare-1-Ob-Question-15"/>
  </hasMember>
  <hasMember>
    <reference value="Observation/BFS-HH-Discharge-Mobility-SelfCare-1-Ob-Question-20"/>
  </hasMember>
  <hasMember>
    <reference value="Observation/BFS-HH-Discharge-Mobility-SelfCare-1-Ob-Question-25"/>
  </hasMember>
  <hasMember>
    <reference value="Observation/BFS-HH-Discharge-Mobility-SelfCare-1-Ob-Question-30"/>
  </hasMember>
  <hasMember>
    <reference value="Observation/BFS-HH-Discharge-Mobility-SelfCare-1-Ob-Question-35"/>
  </hasMember>
  <derivedFrom>
    <reference value="QuestionnaireResponse/QResponse-HH-Discharge-Mobility-SelfCare-1"/>
    <display value="Questionnaire Response"/>
  </derivedFrom>
</Observation>