<?xml version="1.0" encoding="UTF-8"?>

<Observation xmlns="http://hl7.org/fhir">
  <id value="Connectathon-Assessment-FS-5-HHStartOfCarePerf-Ob-101"/>
  <meta>
    <profile value="https://paciowg.github.io/functional-status-ig/StructureDefinition/pacio-fs"/>
  </meta>
  <text>
    <status value="generated"/><div xmlns="http://www.w3.org/1999/xhtml"><p><b>Generated Narrative with Details</b></p><p><b>id</b>: Connectathon-Assessment-FS-5-HHStartOfCarePerf-Ob-101</p><p><b>meta</b>: </p><p><b>status</b>: final</p><p><b>code</b>: Wheel 150 feet <span style="background: LightGoldenRodYellow">(Details : {LOINC code '83235-2' = 'Wheel 150 feet - functional ability during 3 day assessment period [CMS Assessment]', given as 'What was the patient's usual performance related to their ability to once seated in a wheelchair/scooter, wheel at least 150 feet in a corridor or similar space?'})</span></p><p><b>subject</b>: <a href="Patient-patientBSJ1.html">Generated Summary: id: patientBSJ1; Betsy Smith-Johnson </a></p><p><b>effective</b>: Apr 24, 2020 7:00:00 PM</p><p><b>performer</b>: </p><ul><li><a href="Practitioner-Connectathon-Practitioner-LunaBaskins.html">Generated Summary: id: Connectathon-Practitioner-LunaBaskins; active; Luna Baskins ; gender: female</a></li><li><a href="PractitionerRole-Connectathon-Role-RN.html">Generated Summary: id: Connectathon-Role-RN; active; <span title="Codes: {http://snomed.info/sct 224535009}">Registered Nurse</span></a></li><li><a href="Organization-Connectathon-Org-03.html">Organization. Generated Summary: id: Connectathon-Org-03; name: Sky Harbor Home Health Services</a></li></ul><p><b>value</b>: Not attempted due to medical condition or safety concerns <span style="background: LightGoldenRodYellow">(Details : {LOINC code 'LA26735-3' = 'Not attempted due to medical condition or safety concerns', given as 'Not attempted due to medical condition or safety concerns'})</span></p><p><b>derivedFrom</b>: <a href="QuestionnaireResponse-Connectathon-QuestResponse-FS-5-HHStartOfCarePerf.html">Generated Summary: id: Connectathon-QuestResponse-FS-5-HHStartOfCarePerf; questionnaire: https://api.logicahealth.org/PACIO/open/Questionnaire/MDS3.0-NC-1.17; status: completed; authored: Apr 24, 2020 7:00:00 PM</a></p></div>
  </text>
  <extension url="http://hl7.org/fhir/StructureDefinition/event-location">
    <valueReference>
      <reference value="Location/Connectathon-Org-Loc-03"/>
    </valueReference>
  </extension>
  <status value="final"/>
  <code>
    <coding>
      <system value="http://loinc.org"/>
      <code value="83235-2"/>
      <display value="What was the patient&#39;s usual performance related to their ability to once seated in a wheelchair/scooter, wheel at least 150 feet in a corridor or similar space?"/>
    </coding>
    <text value="Wheel 150 feet"/>
  </code>
  <subject>
    <reference value="Patient/patientBSJ1"/>
  </subject>
  <effectiveDateTime value="2020-04-24T14:00:00-05:00"/>
  <performer>
    <reference value="Practitioner/Connectathon-Practitioner-LunaBaskins"/>
  </performer>
  <performer>
    <reference value="PractitionerRole/Connectathon-Role-RN"/>
  </performer>
  <performer>
    <reference value="Organization/Connectathon-Org-03"/>
    <display value="Organization"/>
  </performer>
  <valueCodeableConcept>
    <coding>
      <system value="http://loinc.org"/>
      <code value="LA26735-3"/>
      <display value="Not attempted due to medical condition or safety concerns"/>
    </coding>
    <text value="Not attempted due to medical condition or safety concerns"/>
  </valueCodeableConcept>
  <derivedFrom>
    <reference value="QuestionnaireResponse/Connectathon-QuestResponse-FS-5-HHStartOfCarePerf"/>
  </derivedFrom>
</Observation>