<?xml version="1.0" encoding="UTF-8"?>

<Observation xmlns="http://hl7.org/fhir">
  <id value="Connectathon-Assessment-FS-1-First3DHospAdmission-Ob-37"/>
  <meta>
    <profile value="https://paciowg.github.io/functional-status-ig/StructureDefinition/pacio-fs"/>
  </meta>
  <text>
    <status value="generated"/><div xmlns="http://www.w3.org/1999/xhtml"><p><b>Generated Narrative with Details</b></p><p><b>id</b>: Connectathon-Assessment-FS-1-First3DHospAdmission-Ob-37</p><p><b>meta</b>: </p><p><b>status</b>: final</p><p><b>code</b>: Car transfer <span style="background: LightGoldenRodYellow">(Details : {LOINC code '83206-3' = 'Car transfer - functional ability during 3 day assessment period [CMS Assessment]', given as 'What was the patient's usual performance related to their ability to transfer in and out of a car or van on the passenger side?  Does not include the ability to open/close door or fasten seat belt.'})</span></p><p><b>subject</b>: <a href="Patient-patientBSJ1.html">Generated Summary: id: patientBSJ1; Betsy Smith-Johnson </a></p><p><b>effective</b>: Apr 2, 2020, 11:00:00 AM</p><p><b>performer</b>: </p><ul><li><a href="Practitioner-Connectathon-Practitioner-SallySmith.html">Generated Summary: id: Connectathon-Practitioner-SallySmith; active; Sally Smith ; gender: female</a></li><li><a href="PractitionerRole-Connectathon-Role-PT.html">Generated Summary: id: Connectathon-Role-PT; active; <span title="Codes: {http://snomed.info/sct 36682004}">Physiotherapist</span></a></li><li><a href="Organization-Connectathon-Org-01.html">Organization. Generated Summary: id: Connectathon-Org-01; name: San Antonio General Hospital</a></li></ul><p><b>value</b>: Not attempted due to medical condition or safety concerns <span style="background: LightGoldenRodYellow">(Details : {LOINC code 'LA26735-3' = 'Not attempted due to medical condition or safety concerns)</span></p><p><b>derivedFrom</b>: <a href="QuestionnaireResponse-Connectathon-QuestResponse-FS-1-First3DHospAdmission.html">Generated Summary: id: Connectathon-QuestResponse-FS-1-First3DHospAdmission; questionnaire: https://api.logicahealth.org/PACIO/open/Questionnaire/MDS3.0-NC-1.17; status: completed; authored: Apr 2, 2020, 11:00:00 AM</a></p></div>
  </text>
  <extension url="http://hl7.org/fhir/StructureDefinition/event-location">
    <valueReference>
      <reference value="Location/Connectathon-Org-Loc-01"/>
    </valueReference>
  </extension>
  <status value="final"/>
  <code>
    <coding>
      <system value="http://loinc.org"/>
      <code value="83206-3"/>
      <display value="What was the patient&#39;s usual performance related to their ability to transfer in and out of a car or van on the passenger side?  Does not include the ability to open/close door or fasten seat belt."/>
    </coding>
    <text value="Car transfer"/>
  </code>
  <subject>
    <reference value="Patient/patientBSJ1"/>
  </subject>
  <effectiveDateTime value="2020-04-02T10:00:00-05:00"/>
  <performer>
    <reference value="Practitioner/Connectathon-Practitioner-SallySmith"/>
  </performer>
  <performer>
    <reference value="PractitionerRole/Connectathon-Role-PT"/>
  </performer>
  <performer>
    <reference value="Organization/Connectathon-Org-01"/>
    <display value="Organization"/>
  </performer>
  <valueCodeableConcept>
    <coding>
      <system value="http://loinc.org"/>
      <code value="LA26735-3"/>
    </coding>
    <text value="Not attempted due to medical condition or safety concerns"/>
  </valueCodeableConcept>
  <derivedFrom>
    <reference value="QuestionnaireResponse/Connectathon-QuestResponse-FS-1-First3DHospAdmission"/>
  </derivedFrom>
</Observation>