<?xml version="1.0" encoding="UTF-8"?>

<Observation xmlns="http://hl7.org/fhir">
  <id value="Connectathon-Assessment-FS-SNF-Admission-SelfCare"/>
  <meta>
    <profile value="https://paciowg.github.io/functional-status-ig/StructureDefinition/pacio-bfs"/>
  </meta>
  <text>
    <status value="generated"/><div xmlns="http://www.w3.org/1999/xhtml"><p><b>Generated Narrative</b></p><p><b>id</b>: Connectathon-Assessment-FS-SNF-Admission-SelfCare</p><p><b>meta</b>: </p><p></p><p><b>category</b>: <span title="Codes: {http://terminology.hl7.org/CodeSystem/observation-category survey}">Survey</span></p><p><b>code</b>: <span title="Codes: {http://loinc.org 83233-7}">Self-Care - Admission Performance</span></p><p><b>subject</b>: <a href="Patient-patientBSJ1.html">Generated Summary: id: patientBSJ1; Betsy Smith-Johnson </a></p><p><b>effective</b>: Apr 9, 2020, 4:00:00 PM</p><p><b>performer</b>: </p><ul><li><a href="Practitioner-Connectathon-Practitioner-JenCadbury.html">Generated Summary: id: Connectathon-Practitioner-JenCadbury; active; Jen Cadbury ; gender: female</a></li><li><a href="PractitionerRole-Connectathon-Role-PT.html">Generated Summary: id: Connectathon-Role-PT; active; <span title="Codes: {http://snomed.info/sct 36682004}">Physiotherapist</span></a></li><li><a href="Organization-Connectathon-Org-02.html">Organization. Generated Summary: id: Connectathon-Org-02; name: Happy Nursing Facility</a></li></ul><p><b>hasMember</b>: </p><ul><li><a href="Observation-Connectathon-Assessment-FS-SNF-Admission-SelfCare-Ob-3.html">Generated Summary: id: Connectathon-Assessment-FS-SNF-Admission-SelfCare-Ob-3; <span title="Codes: {http://loinc.org 83232-9}">Eating</span>; effective: Apr 9, 2020, 4:00:00 PM; <span title="Codes: {http://loinc.org LA10073-7}">Setup or clean-up assistance</span></a></li><li><a href="Observation-Connectathon-Assessment-FS-SNF-Admission-SelfCare-Ob-9.html">Generated Summary: id: Connectathon-Assessment-FS-SNF-Admission-SelfCare-Ob-9; <span title="Codes: {http://loinc.org 83230-3}">Oral hygiene</span>; effective: Apr 9, 2020, 4:00:00 PM; <span title="Codes: {http://loinc.org LA10073-7}">Setup or clean-up assistance</span></a></li><li><a href="Observation-Connectathon-Assessment-FS-SNF-Admission-SelfCare-Ob-15.html">Generated Summary: id: Connectathon-Assessment-FS-SNF-Admission-SelfCare-Ob-15; <span title="Codes: {http://loinc.org 83228-7}">Toileting hygiene</span>; effective: Apr 9, 2020, 4:00:00 PM; <span title="Codes: {http://loinc.org LA10055-4}">Partial/moderate Assist</span></a></li><li><a href="Observation-Connectathon-Assessment-FS-SNF-Admission-SelfCare-Ob-21.html">Generated Summary: id: Connectathon-Assessment-FS-SNF-Admission-SelfCare-Ob-21; <span title="Codes: {http://loinc.org 83226-1}">Shower/bathe self</span>; effective: Apr 9, 2020, 4:00:00 PM; <span title="Codes: {http://loinc.org LA26735-3}">Not Attempted</span></a></li><li><a href="Observation-Connectathon-Assessment-FS-SNF-Admission-SelfCare-Ob-27.html">Generated Summary: id: Connectathon-Assessment-FS-SNF-Admission-SelfCare-Ob-27; <span title="Codes: {http://loinc.org 83224-6}">Upper body dressing</span>; effective: Apr 9, 2020, 4:00:00 PM; <span title="Codes: {http://loinc.org LA10055-4}">Partial/moderate Assist</span></a></li><li><a href="Observation-Connectathon-Assessment-FS-SNF-Admission-SelfCare-Ob-33.html">Generated Summary: id: Connectathon-Assessment-FS-SNF-Admission-SelfCare-Ob-33; <span title="Codes: {http://loinc.org 83222-0}">Lower body dressing</span>; effective: Apr 9, 2020, 4:00:00 PM; <span title="Codes: {http://loinc.org LA10055-4}">Partial/moderate assistance</span></a></li><li><a href="Observation-Connectathon-Assessment-FS-SNF-Admission-SelfCare-Ob-39.html">Generated Summary: id: Connectathon-Assessment-FS-SNF-Admission-SelfCare-Ob-39; <span title="Codes: {http://loinc.org 83220-4}">Putting on/taking off footwear</span>; effective: Apr 9, 2020, 4:00:00 PM; <span title="Codes: {http://loinc.org LA10055-4}">Substantial/maximal assistanc</span></a></li></ul><p><b>derivedFrom</b>: <a href="QuestionnaireResponse-Connectathon-QuestResponse-FS-SNF-Admission-SelfCare.html">Questionnaire Response. Generated Summary: id: Connectathon-QuestResponse-FS-SNF-Admission-SelfCare; questionnaire: https://api.logicahealth.org/PACIO/open/Questionnaire/MDS3.0-NC-1.17; status: completed; authored: Apr 9, 2020, 4:00:00 PM</a></p></div>
  </text>
  <extension url="http://hl7.org/fhir/StructureDefinition/event-location">
    <valueReference>
      <reference value="Location/Connectathon-Org-Loc-02"/>
    </valueReference>
  </extension>
  <status value="final"/>
  <category>
    <coding>
      <system value="http://terminology.hl7.org/CodeSystem/observation-category"/>
      <code value="survey"/>
    </coding>
  </category>
  <code>
    <coding>
      <system value="http://loinc.org"/>
      <code value="83233-7"/>
      <display value="Self-Care - Admission Performance"/>
    </coding>
  </code>
  <subject>
    <reference value="Patient/patientBSJ1"/>
  </subject>
  <effectiveDateTime value="2020-04-09T15:00:00-05:00"/>
  <performer>
    <reference value="Practitioner/Connectathon-Practitioner-JenCadbury"/>
  </performer>
  <performer>
    <reference value="PractitionerRole/Connectathon-Role-PT"/>
  </performer>
  <performer>
    <reference value="Organization/Connectathon-Org-02"/>
    <display value="Organization"/>
  </performer>
  <hasMember>
    <reference value="Observation/Connectathon-Assessment-FS-SNF-Admission-SelfCare-Ob-3"/>
  </hasMember>
  <hasMember>
    <reference value="Observation/Connectathon-Assessment-FS-SNF-Admission-SelfCare-Ob-9"/>
  </hasMember>
  <hasMember>
    <reference value="Observation/Connectathon-Assessment-FS-SNF-Admission-SelfCare-Ob-15"/>
  </hasMember>
  <hasMember>
    <reference value="Observation/Connectathon-Assessment-FS-SNF-Admission-SelfCare-Ob-21"/>
  </hasMember>
  <hasMember>
    <reference value="Observation/Connectathon-Assessment-FS-SNF-Admission-SelfCare-Ob-27"/>
  </hasMember>
  <hasMember>
    <reference value="Observation/Connectathon-Assessment-FS-SNF-Admission-SelfCare-Ob-33"/>
  </hasMember>
  <hasMember>
    <reference value="Observation/Connectathon-Assessment-FS-SNF-Admission-SelfCare-Ob-39"/>
  </hasMember>
  <derivedFrom>
    <reference value="QuestionnaireResponse/Connectathon-QuestResponse-FS-SNF-Admission-SelfCare"/>
    <display value="Questionnaire Response"/>
  </derivedFrom>
</Observation>