<?xml version="1.0" encoding="UTF-8"?>

<Observation xmlns="http://hl7.org/fhir">
  <id value="BetsySmith"/>
  <meta>
    <profile value="http://example.org/fhir/fish/StructureDefinition/pacio-bfs"/>
  </meta>
  <text>
    <status value="generated"/><div xmlns="http://www.w3.org/1999/xhtml"><p><b>Generated Narrative with Details</b></p><p><b>id</b>: BetsySmith</p><p><b>meta</b>: </p><p><b>status</b>: final</p><p><b>code</b>: MDS v3.0 - RAI v1.17.1 - Interim Payment Assessment (IPA) item set [CMS Assessment] <span style="background: LightGoldenRodYellow">(Details : {LOINC code '90480-5' = 'MDS v3.0 - RAI v1.17.1 - Interim Payment Assessment (IPA) item set [CMS Assessment])</span></p><p><b>subject</b>: <a href="Betsy Smith">Betsy Smith</a></p><p><b>performer</b>: <a href="CMS Provider">CMS Provider</a></p><p><b>derivedFrom</b>: <a href="{{[type]}}-{{[id]}}.html">Generated Summary: id: BetsySmithMDSOralHygiene; <span title="Codes: {http://loinc.org 83230-3}">Oral hygiene - functional ability during 3 day assessment period [CMS Assessment]</span>; <span title="Codes: {http://loinc.org LA11757-4}">Supervision or touching assistance - Helper provides verbal cues or touching/steadying assistance as patient completes activity. Assistance may be provided throughout the activity or intermittently.</span></a></p></div>
  </text>
  <status value="final"/>
  <code>
    <coding>
      <system value="http://loinc.org"/>
      <code value="90480-5"/>
    </coding>
  </code>
  <subject>
    <reference value="Betsy Smith"/>
  </subject>
  <performer>
    <reference value="CMS Provider"/>
  </performer>
  <derivedFrom>
    <reference value="Observation/BetsySmithMDSOralHygiene"/>
  </derivedFrom>
</Observation>