<?xml version="1.0" encoding="UTF-8"?>

<Observation xmlns="http://hl7.org/fhir">
  <id value="Assessment-HH-Discharge-FS-7-Ob-18"/>
  <meta>
    <profile value="https://paciowg.github.io/functional-status-ig/StructureDefinition/pacio-fs"/>
  </meta>
  <text>
    <status value="generated"/><div xmlns="http://www.w3.org/1999/xhtml"><p><b>Generated Narrative</b></p><p><b>id</b>: Assessment-HH-Discharge-FS-7-Ob-18</p><p><b>meta</b>: </p><p></p><p><b>code</b>: <span title="Codes: {http://loinc.org 83214-7}">Lying to sitting on side of bed</span></p><p><b>subject</b>: <a href="Patient-patientBSJ1.html">Generated Summary: id: patientBSJ1; Betsy Smith-Johnson </a></p><p><b>effective</b>: May 1, 2020, 2:00:00 PM</p><p><b>performer</b>: </p><ul><li><a href="Practitioner-Practitioner-ScottDumble.html">Generated Summary: id: Practitioner-ScottDumble; active; Scott Dumble ; gender: male</a></li><li><a href="PractitionerRole-Role-RN.html">Generated Summary: id: Role-RN; active; <span title="Codes: {http://snomed.info/sct 224535009}">Registered Nurse</span></a></li><li><a href="Organization-Org-03.html">Organization. Generated Summary: id: Org-03; name: Sky Harbor Home Health Services</a></li></ul><p><b>value</b>: <span title="Codes: {http://loinc.org LA9983-3}">Independent</span></p><p><b>derivedFrom</b>: <a href="QuestionnaireResponse-QResponse-HH-Discharge-FS-7.html">Generated Summary: id: QResponse-HH-Discharge-FS-7; questionnaire: https://api.logicahealth.org/PACIO/open/Questionnaire/MDS3.0-NC-1.17; status: completed; authored: May 1, 2020, 2:00:00 PM</a></p></div>
  </text>
  <extension url="http://hl7.org/fhir/StructureDefinition/event-location">
    <valueReference>
      <reference value="Location/Org-Loc-03"/>
    </valueReference>
  </extension>
  <status value="final"/>
  <code>
    <coding>
      <system value="http://loinc.org"/>
      <code value="83214-7"/>
      <display value="What was the patient&#39;s usual performance related to their ability to move from lying on the back to sitting on the side of the bed with feet flat on the floor, and with no back support?"/>
    </coding>
    <text value="Lying to sitting on side of bed"/>
  </code>
  <subject>
    <reference value="Patient/patientBSJ1"/>
  </subject>
  <effectiveDateTime value="2020-05-01T13:00:00-05:00"/>
  <performer>
    <reference value="Practitioner/Practitioner-ScottDumble"/>
  </performer>
  <performer>
    <reference value="PractitionerRole/Role-RN"/>
  </performer>
  <performer>
    <reference value="Organization/Org-03"/>
    <display value="Organization"/>
  </performer>
  <valueCodeableConcept>
    <coding>
      <system value="http://loinc.org"/>
      <code value="LA9983-3"/>
      <display value="Independent"/>
    </coding>
    <text value="Independent"/>
  </valueCodeableConcept>
  <derivedFrom>
    <reference value="QuestionnaireResponse/QResponse-HH-Discharge-FS-7"/>
  </derivedFrom>
</Observation>