<?xml version="1.0" encoding="UTF-8"?>

<Observation xmlns="http://hl7.org/fhir">
  <id value="Connectathon-Assessment-SNF-Admission-IADL"/>
  <meta>
    <profile value="https://paciowg.github.io/functional-status-ig/StructureDefinition/pacio-bfs"/>
  </meta>
  <text>
    <status value="generated"/><div xmlns="http://www.w3.org/1999/xhtml"><p><b>Generated Narrative</b></p><p><b>id</b>: Connectathon-Assessment-SNF-Admission-IADL</p><p><b>meta</b>: </p><p></p><p><b>category</b>: <span title="Codes: {http://terminology.hl7.org/CodeSystem/observation-category survey}">Survey</span></p><p><b>code</b>: <span title="Codes: {http://loinc.org tbd-code-1}">Functional Abilities and Goals - IADL</span></p><p><b>subject</b>: <a href="Patient-patientBSJ1.html">Generated Summary: id: patientBSJ1; Betsy Smith-Johnson </a></p><p><b>effective</b>: Apr 9, 2020, 4:00:00 PM</p><p><b>performer</b>: </p><ul><li><a href="Practitioner-Connectathon-Practitioner-JenCadbury.html">Generated Summary: id: Connectathon-Practitioner-JenCadbury; active; Jen Cadbury ; gender: female</a></li><li><a href="PractitionerRole-Connectathon-Role-PT.html">Generated Summary: id: Connectathon-Role-PT; active; <span title="Codes: {http://snomed.info/sct 36682004}">Physiotherapist</span></a></li><li><a href="Organization-Connectathon-Org-02.html">Organization. Generated Summary: id: Connectathon-Org-02; name: Happy Nursing Facility</a></li></ul><p><b>hasMember</b>: </p><ul><li><a href="Observation-Connectathon-Assessment-SNF-Admission-IADL-Ob-1.html">Generated Summary: id: Connectathon-Assessment-SNF-Admission-IADL-Ob-1; <span title="Codes: {http://loinc.org tbd-code-4}">Makes a light cold meal</span>; effective: Apr 9, 2020, 4:00:00 PM; <span title="Codes: {http://loinc.org LA-tbd-01}">Independant</span></a></li><li><a href="Observation-Connectathon-Assessment-SNF-Admission-IADL-Ob-3.html">Generated Summary: id: Connectathon-Assessment-SNF-Admission-IADL-Ob-3; <span title="Codes: {http://loinc.org tbd-code-5}">Makes a light hot meal</span>; effective: Apr 9, 2020, 4:00:00 PM; <span title="Codes: {http://loinc.org LA-tbd-01}">Independant</span></a></li><li><a href="Observation-Connectathon-Assessment-SNF-Admission-IADL-Ob-5.html">Generated Summary: id: Connectathon-Assessment-SNF-Admission-IADL-Ob-5; <span title="Codes: {http://loinc.org tbd-code-6}">Light daily housework</span>; effective: Apr 9, 2020, 4:00:00 PM; <span title="Codes: {http://loinc.org LA-tbd-01}">Independant</span></a></li><li><a href="Observation-Connectathon-Assessment-SNF-Admission-IADL-Ob-7.html">Generated Summary: id: Connectathon-Assessment-SNF-Admission-IADL-Ob-7; <span title="Codes: {http://loinc.org tbd-code-7}">Heavier periodic housework</span>; effective: Apr 9, 2020, 4:00:00 PM; <span title="Codes: {http://loinc.org LA-tbd-01}">Independant</span></a></li><li><a href="Observation-Connectathon-Assessment-SNF-Admission-IADL-Ob-9.html">Generated Summary: id: Connectathon-Assessment-SNF-Admission-IADL-Ob-9; <span title="Codes: {http://loinc.org tbd-code-8}">Light shopping</span>; effective: Apr 9, 2020, 4:00:00 PM; <span title="Codes: {http://loinc.org LA-tbd-01}">Independant</span></a></li><li><a href="Observation-Connectathon-Assessment-SNF-Admission-IADL-Ob-11.html">Generated Summary: id: Connectathon-Assessment-SNF-Admission-IADL-Ob-11; <span title="Codes: {http://loinc.org tbd-code-9}">Telephone-answering call</span>; effective: Apr 9, 2020, 4:00:00 PM; <span title="Codes: {http://loinc.org LA-tbd-01}">Independant</span></a></li><li><a href="Observation-Connectathon-Assessment-SNF-Admission-IADL-Ob-13.html">Generated Summary: id: Connectathon-Assessment-SNF-Admission-IADL-Ob-13; <span title="Codes: {http://loinc.org tbd-code-10}">Telephone-placing call</span>; effective: Apr 9, 2020, 4:00:00 PM; <span title="Codes: {http://loinc.org LA-tbd-01}">Independant</span></a></li><li><a href="Observation-Connectathon-Assessment-SNF-Admission-IADL-Ob-15.html">Generated Summary: id: Connectathon-Assessment-SNF-Admission-IADL-Ob-15; <span title="Codes: {http://loinc.org tbd-code-11}">Medication management-oral medications</span>; effective: Apr 9, 2020, 4:00:00 PM; <span title="Codes: {http://loinc.org LA-tbd-01}">Independant</span></a></li><li><a href="Observation-Connectathon-Assessment-SNF-Admission-IADL-Ob-17.html">Generated Summary: id: Connectathon-Assessment-SNF-Admission-IADL-Ob-17; <span title="Codes: {http://loinc.org tbd-code-12}">Medication management-inhalant/mist medications</span>; effective: Apr 9, 2020, 4:00:00 PM; <span title="Codes: {http://loinc.org LA-tbd-02}">Not Applicable</span></a></li><li><a href="Observation-Connectathon-Assessment-SNF-Admission-IADL-Ob-19.html">Generated Summary: id: Connectathon-Assessment-SNF-Admission-IADL-Ob-19; <span title="Codes: {http://loinc.org tbd-code-13}">Medication management-injectable medications</span>; effective: Apr 9, 2020, 4:00:00 PM; <span title="Codes: {http://loinc.org LA-tbd-02}">Not Applicable</span></a></li><li><a href="Observation-Connectathon-Assessment-SNF-Admission-IADL-Ob-21.html">Generated Summary: id: Connectathon-Assessment-SNF-Admission-IADL-Ob-21; <span title="Codes: {http://loinc.org tbd-code-14}">Simple financial management</span>; effective: Apr 9, 2020, 4:00:00 PM; <span title="Codes: {http://loinc.org LA-tbd-01}">Independant</span></a></li><li><a href="Observation-Connectathon-Assessment-SNF-Admission-IADL-Ob-23.html">Generated Summary: id: Connectathon-Assessment-SNF-Admission-IADL-Ob-23; <span title="Codes: {http://loinc.org tbd-code-15}">Complex financial management</span>; effective: Apr 9, 2020, 4:00:00 PM; <span title="Codes: {http://loinc.org LA-tbd-01}">Independant</span></a></li><li><a href="Observation-Connectathon-Assessment-SNF-Admission-IADL-Ob-25.html">Generated Summary: id: Connectathon-Assessment-SNF-Admission-IADL-Ob-25; <span title="Codes: {http://loinc.org tbd-code-16}">Makes a light cold meal</span>; effective: Apr 9, 2020, 4:00:00 PM; <span title="Codes: {http://loinc.org LA-tbd-01}">Independant</span></a></li><li><a href="Observation-Connectathon-Assessment-SNF-Admission-IADL-Ob-27.html">Generated Summary: id: Connectathon-Assessment-SNF-Admission-IADL-Ob-27; <span title="Codes: {http://loinc.org tbd-code-17}">Makes a light hot meal</span>; effective: Apr 9, 2020, 4:00:00 PM; <span title="Codes: {http://loinc.org LA-tbd-01}">Independant</span></a></li><li><a href="Observation-Connectathon-Assessment-SNF-Admission-IADL-Ob-29.html">Generated Summary: id: Connectathon-Assessment-SNF-Admission-IADL-Ob-29; <span title="Codes: {http://loinc.org tbd-code-18}">Light daily housework</span>; effective: Apr 9, 2020, 4:00:00 PM; <span title="Codes: {http://loinc.org LA-tbd-01}">Independant</span></a></li><li><a href="Observation-Connectathon-Assessment-SNF-Admission-IADL-Ob-31.html">Generated Summary: id: Connectathon-Assessment-SNF-Admission-IADL-Ob-31; <span title="Codes: {http://loinc.org tbd-code-19}">Heavier periodic housework</span>; effective: Apr 9, 2020, 4:00:00 PM; <span title="Codes: {http://loinc.org LA-tbd-01}">Independant</span></a></li><li><a href="Observation-Connectathon-Assessment-SNF-Admission-IADL-Ob-33.html">Generated Summary: id: Connectathon-Assessment-SNF-Admission-IADL-Ob-33; <span title="Codes: {http://loinc.org tbd-code-20}">Light shopping</span>; effective: Apr 9, 2020, 4:00:00 PM; <span title="Codes: {http://loinc.org LA-tbd-01}">Independant</span></a></li><li><a href="Observation-Connectathon-Assessment-SNF-Admission-IADL-Ob-35.html">Generated Summary: id: Connectathon-Assessment-SNF-Admission-IADL-Ob-35; <span title="Codes: {http://loinc.org tbd-code-21}">Telephone-answering call</span>; effective: Apr 9, 2020, 4:00:00 PM; <span title="Codes: {http://loinc.org LA-tbd-01}">Independant</span></a></li><li><a href="Observation-Connectathon-Assessment-SNF-Admission-IADL-Ob-37.html">Generated Summary: id: Connectathon-Assessment-SNF-Admission-IADL-Ob-37; <span title="Codes: {http://loinc.org tbd-code-22}">Telephone-placing call</span>; effective: Apr 9, 2020, 4:00:00 PM; <span title="Codes: {http://loinc.org LA-tbd-01}">Independant</span></a></li><li><a href="Observation-Connectathon-Assessment-SNF-Admission-IADL-Ob-39.html">Generated Summary: id: Connectathon-Assessment-SNF-Admission-IADL-Ob-39; <span title="Codes: {http://loinc.org tbd-code-23}">Medication management-oral medications</span>; effective: Apr 9, 2020, 4:00:00 PM; <span title="Codes: {http://loinc.org LA-tbd-01}">Independant</span></a></li><li><a href="Observation-Connectathon-Assessment-SNF-Admission-IADL-Ob-41.html">Generated Summary: id: Connectathon-Assessment-SNF-Admission-IADL-Ob-41; <span title="Codes: {http://loinc.org tbd-code-24}">Medication management-inhalant/mist medications</span>; effective: Apr 9, 2020, 4:00:00 PM; <span title="Codes: {http://loinc.org LA-tbd-02}">Not Applicable</span></a></li><li><a href="Observation-Connectathon-Assessment-SNF-Admission-IADL-Ob-43.html">Generated Summary: id: Connectathon-Assessment-SNF-Admission-IADL-Ob-43; <span title="Codes: {http://loinc.org tbd-code-25}">Medication management-injectable medications</span>; effective: Apr 9, 2020, 4:00:00 PM; <span title="Codes: {http://loinc.org LA-tbd-02}">Not Applicable</span></a></li><li><a href="Observation-Connectathon-Assessment-SNF-Admission-IADL-Ob-45.html">Generated Summary: id: Connectathon-Assessment-SNF-Admission-IADL-Ob-45; <span title="Codes: {http://loinc.org tbd-code-26}">Simple financial management</span>; effective: Apr 9, 2020, 4:00:00 PM; <span title="Codes: {http://loinc.org LA-tbd-01}">Independant</span></a></li><li><a href="Observation-Connectathon-Assessment-SNF-Admission-IADL-Ob-47.html">Generated Summary: id: Connectathon-Assessment-SNF-Admission-IADL-Ob-47; <span title="Codes: {http://loinc.org tbd-code-27}">Complex financial management</span>; effective: Apr 9, 2020, 4:00:00 PM; <span title="Codes: {http://loinc.org LA-tbd-01}">Independant</span></a></li></ul><p><b>derivedFrom</b>: <a href="QuestionnaireResponse-Connectathon-QuestResponse-SNF-Admission-IADL.html">Questionnaire Response. Generated Summary: id: Connectathon-QuestResponse-SNF-Admission-IADL; questionnaire: https://api.logicahealth.org/PACIO/open/Questionnaire/MDS3.0-NC-1.17; status: completed; authored: Apr 9, 2020, 4:00:00 PM</a></p></div>
  </text>
  <extension url="http://hl7.org/fhir/StructureDefinition/event-location">
    <valueReference>
      <reference value="Location/Connectathon-Org-Loc-02"/>
    </valueReference>
  </extension>
  <status value="final"/>
  <category>
    <coding>
      <system value="http://terminology.hl7.org/CodeSystem/observation-category"/>
      <code value="survey"/>
    </coding>
  </category>
  <code>
    <coding>
      <system value="http://loinc.org"/>
      <code value="tbd-code-1"/>
      <display value="Functional Abilities and Goals - IADL"/>
    </coding>
  </code>
  <subject>
    <reference value="Patient/patientBSJ1"/>
  </subject>
  <effectiveDateTime value="2020-04-09T15:00:00-05:00"/>
  <performer>
    <reference value="Practitioner/Connectathon-Practitioner-JenCadbury"/>
  </performer>
  <performer>
    <reference value="PractitionerRole/Connectathon-Role-PT"/>
  </performer>
  <performer>
    <reference value="Organization/Connectathon-Org-02"/>
    <display value="Organization"/>
  </performer>
  <hasMember>
    <reference value="Observation/Connectathon-Assessment-SNF-Admission-IADL-Ob-1"/>
  </hasMember>
  <hasMember>
    <reference value="Observation/Connectathon-Assessment-SNF-Admission-IADL-Ob-3"/>
  </hasMember>
  <hasMember>
    <reference value="Observation/Connectathon-Assessment-SNF-Admission-IADL-Ob-5"/>
  </hasMember>
  <hasMember>
    <reference value="Observation/Connectathon-Assessment-SNF-Admission-IADL-Ob-7"/>
  </hasMember>
  <hasMember>
    <reference value="Observation/Connectathon-Assessment-SNF-Admission-IADL-Ob-9"/>
  </hasMember>
  <hasMember>
    <reference value="Observation/Connectathon-Assessment-SNF-Admission-IADL-Ob-11"/>
  </hasMember>
  <hasMember>
    <reference value="Observation/Connectathon-Assessment-SNF-Admission-IADL-Ob-13"/>
  </hasMember>
  <hasMember>
    <reference value="Observation/Connectathon-Assessment-SNF-Admission-IADL-Ob-15"/>
  </hasMember>
  <hasMember>
    <reference value="Observation/Connectathon-Assessment-SNF-Admission-IADL-Ob-17"/>
  </hasMember>
  <hasMember>
    <reference value="Observation/Connectathon-Assessment-SNF-Admission-IADL-Ob-19"/>
  </hasMember>
  <hasMember>
    <reference value="Observation/Connectathon-Assessment-SNF-Admission-IADL-Ob-21"/>
  </hasMember>
  <hasMember>
    <reference value="Observation/Connectathon-Assessment-SNF-Admission-IADL-Ob-23"/>
  </hasMember>
  <hasMember>
    <reference value="Observation/Connectathon-Assessment-SNF-Admission-IADL-Ob-25"/>
  </hasMember>
  <hasMember>
    <reference value="Observation/Connectathon-Assessment-SNF-Admission-IADL-Ob-27"/>
  </hasMember>
  <hasMember>
    <reference value="Observation/Connectathon-Assessment-SNF-Admission-IADL-Ob-29"/>
  </hasMember>
  <hasMember>
    <reference value="Observation/Connectathon-Assessment-SNF-Admission-IADL-Ob-31"/>
  </hasMember>
  <hasMember>
    <reference value="Observation/Connectathon-Assessment-SNF-Admission-IADL-Ob-33"/>
  </hasMember>
  <hasMember>
    <reference value="Observation/Connectathon-Assessment-SNF-Admission-IADL-Ob-35"/>
  </hasMember>
  <hasMember>
    <reference value="Observation/Connectathon-Assessment-SNF-Admission-IADL-Ob-37"/>
  </hasMember>
  <hasMember>
    <reference value="Observation/Connectathon-Assessment-SNF-Admission-IADL-Ob-39"/>
  </hasMember>
  <hasMember>
    <reference value="Observation/Connectathon-Assessment-SNF-Admission-IADL-Ob-41"/>
  </hasMember>
  <hasMember>
    <reference value="Observation/Connectathon-Assessment-SNF-Admission-IADL-Ob-43"/>
  </hasMember>
  <hasMember>
    <reference value="Observation/Connectathon-Assessment-SNF-Admission-IADL-Ob-45"/>
  </hasMember>
  <hasMember>
    <reference value="Observation/Connectathon-Assessment-SNF-Admission-IADL-Ob-47"/>
  </hasMember>
  <derivedFrom>
    <reference value="QuestionnaireResponse/Connectathon-QuestResponse-SNF-Admission-IADL"/>
    <display value="Questionnaire Response"/>
  </derivedFrom>
</Observation>