<?xml version="1.0" encoding="UTF-8"?>

<Observation xmlns="http://hl7.org/fhir">
  <id value="BFS-Hospital-Admission-Mobility-1-Ob-Question-67"/>
  <meta>
    <profile value="http://hl7.org/fhir/us/pacio-fs/StructureDefinition/pacio-fs"/>
  </meta>
  <text>
    <status value="extensions"/><div xmlns="http://www.w3.org/1999/xhtml"><p><b>Generated Narrative</b></p><h3>Ids</h3><table class="grid"><tr><td>-</td></tr><tr><td>*</td></tr></table><h3>Meta</h3><table class="grid"><tr><td>-</td></tr><tr><td>*</td></tr></table><p><b>Event Location</b>: </p><p></p><p><b>code</b>: <span title="Codes: {http://loinc.org 83196-6}">1 step (curb)</span></p><p><b>subject</b>: <a href="Patient-patientBSJ1.html">Generated Summary: Betsy Smith-Johnson </a></p><p><b>effective</b>: Jul 8, 2020 2:00:00 PM</p><p><b>performer</b>: </p><ul><li><a href="Practitioner-Practitioner-SallySmith.html">Generated Summary: active; Sally Smith ; gender: female</a></li><li><a href="PractitionerRole-Role-PT.html">Generated Summary: active; <span title="Codes: {http://snomed.info/sct 36682004}">Physiotherapist</span></a></li><li><a href="Organization-Org-01.html">Organization. Generated Summary: name: San Antonio General Hospital</a></li></ul><p><b>value</b>: <span title="Codes: {http://loinc.org LA26735-3}">Not attempted due to medical condition or safety concerns</span></p><p><b>derivedFrom</b>: <a href="QuestionnaireResponse-QResponse-Hospital-Admission-Mobility-1.html">Generated Summary: questionnaire: https://api.logicahealth.org/PACIO/open/Questionnaire/MDS3.0-NC-1.17; status: completed; authored: Jul 8, 2020 2:00:00 PM</a></p></div>
  </text>
  <extension url="http://hl7.org/fhir/StructureDefinition/event-location">
    <valueReference>
      <reference value="Location/Org-Loc-01"/>
    </valueReference>
  </extension>
  <status value="final"/>
  <code>
    <coding>
      <system value="http://loinc.org"/>
      <code value="83196-6"/>
      <display value="What was the patient&#39;s usual performance related to their ability to go up and down a curb and/or up and down one step?"/>
    </coding>
    <text value="1 step (curb)"/>
  </code>
  <subject>
    <reference value="Patient/patientBSJ1"/>
  </subject>
  <effectiveDateTime value="2020-07-08T16:00:00-05:00"/>
  <performer>
    <reference value="Practitioner/Practitioner-SallySmith"/>
  </performer>
  <performer>
    <reference value="PractitionerRole/Role-PT"/>
  </performer>
  <performer>
    <reference value="Organization/Org-01"/>
    <display value="Organization"/>
  </performer>
  <valueCodeableConcept>
    <coding>
      <system value="http://loinc.org"/>
      <code value="LA26735-3"/>
      <display value="Not attempted due to medical condition or safety concerns"/>
    </coding>
    <text value="Not attempted due to medical condition or safety concerns"/>
  </valueCodeableConcept>
  <derivedFrom>
    <reference value="QuestionnaireResponse/QResponse-Hospital-Admission-Mobility-1"/>
  </derivedFrom>
</Observation>