<?xml version="1.0" encoding="UTF-8"?>

<Observation xmlns="http://hl7.org/fhir">
  <id value="BFS-SNF-DischargeGoal-Mobility-1-Ob-Question-130"/>
  <meta>
    <profile value="https://paciowg.github.io/functional-status-ig/StructureDefinition/pacio-fs"/>
  </meta>
  <text>
    <status value="extensions"/><div xmlns="http://www.w3.org/1999/xhtml"><p><b>Generated Narrative</b></p><h3>Ids</h3><table class="grid"><tr><td>-</td></tr><tr><td>*</td></tr></table><h3>Meta</h3><table class="grid"><tr><td>-</td></tr><tr><td>*</td></tr></table><p><b>Event Location</b>: </p><p></p><p><b>code</b>: <span title="Codes: {http://loinc.org 83191-7}">12 steps</span></p><p><b>subject</b>: <a href="Patient-patientBSJ1.html">Generated Summary: Betsy Smith-Johnson </a></p><p><b>effective</b>: Jul 11, 2020 9:32:00 PM</p><p><b>performer</b>: </p><ul><li><a href="Practitioner-Practitioner-JenCadbury.html">Generated Summary: active; Jen Cadbury ; gender: female</a></li><li><a href="PractitionerRole-Role-PT.html">Generated Summary: active; <span title="Codes: {http://snomed.info/sct 36682004}">Physiotherapist</span></a></li><li><a href="Organization-Org-02.html">Organization. Generated Summary: name: Happy Nursing Facility</a></li></ul><p><b>value</b>: <span title="Codes: {http://loinc.org LA11759-0}">Substantial/maximal Assist</span></p><p><b>derivedFrom</b>: <a href="QuestionnaireResponse-QResponse-SNF-DischargeGoal-Mobility-1.html">Generated Summary: questionnaire: https://api.logicahealth.org/PACIO/open/Questionnaire/MDS3.0-NC-1.17; status: completed; authored: Jul 11, 2020 9:32:00 PM</a></p></div>
  </text>
  <extension url="http://hl7.org/fhir/StructureDefinition/event-location">
    <valueReference>
      <reference value="Location/Org-Loc-02"/>
    </valueReference>
  </extension>
  <status value="final"/>
  <code>
    <coding>
      <system value="http://loinc.org"/>
      <code value="83191-7"/>
      <display value="What was the patient&#39;s usual performance related to their ability to go up and down 12 steps with or without a rail?"/>
    </coding>
    <text value="12 steps"/>
  </code>
  <subject>
    <reference value="Patient/patientBSJ1"/>
  </subject>
  <effectiveDateTime value="2020-07-11T16:32:00-05:00"/>
  <performer>
    <reference value="Practitioner/Practitioner-JenCadbury"/>
  </performer>
  <performer>
    <reference value="PractitionerRole/Role-PT"/>
  </performer>
  <performer>
    <reference value="Organization/Org-02"/>
    <display value="Organization"/>
  </performer>
  <valueCodeableConcept>
    <coding>
      <system value="http://loinc.org"/>
      <code value="LA11759-0"/>
      <display value="Substantial/maximal Assist"/>
    </coding>
    <text value="Substantial/maximal Assist"/>
  </valueCodeableConcept>
  <derivedFrom>
    <reference value="QuestionnaireResponse/QResponse-SNF-DischargeGoal-Mobility-1"/>
  </derivedFrom>
</Observation>