<?xml version="1.0" encoding="UTF-8"?>

<Observation xmlns="http://hl7.org/fhir">
  <id value="Assessment-1-First3DSNFAdmission-Observation-25"/>
  <meta>
    <profile value="http://pacioproject.org//StructureDefinition/pacio-fs"/>
  </meta>
  <text>
    <status value="generated"/><div xmlns="http://www.w3.org/1999/xhtml"><p><b>Generated Narrative with Details</b></p><p><b>id</b>: Assessment-1-First3DSNFAdmission-Observation-25</p><p><b>meta</b>: </p><p><b>status</b>: final</p><p><b>code</b>: Car transfer <span style="background: LightGoldenRodYellow">(Details : {LOINC code '83206-3' = 'Car transfer - functional ability during 3 day assessment period [CMS Assessment]', given as 'What was the patient's usual performance related to their ability to transfer in and out of a car or van on the passenger side?  Does not include the ability to open/close door or fasten seat belt.'})</span></p><p><b>subject</b>: <a href="Patient-BetsySmith.html">Generated Summary: id: BetsySmith; Betsy Smith ; gender: female; birthDate: 1959-06-14</a></p><p><b>effective</b>: Nov 21, 2019 7:21:00 PM</p><p><b>performer</b>: </p><ul><li><a href="Practitioner-CMS-Practitioner-01.html">Generated Summary: id: CMS-Practitioner-01; active; Ed Johnson ; gender: male</a></li><li><a href="Organization-CMS-Organization-01.html">Organization. Generated Summary: id: CMS-Organization-01; name: Burgers Skilled Nursing Facility</a></li></ul><p><b>value</b>: Substantial/maximal Assist <span style="background: LightGoldenRodYellow">(Details : {LOINC code 'LA11759-0' = 'Substantial/maximal assistance - Helper does more than half the effort. Helper lifts or holds trunk or limbs and provides more than half the effort.', given as 'Car transfer'})</span></p><p><b>derivedFrom</b>: <a href="QuestionnaireResponse-QuestionnaireResponse-1-First3DSNFAdmission.html">QuestionnaireResponse. Generated Summary: id: QuestionnaireResponse-1-First3DSNFAdmission; questionnaire: Q-MDS3-NC-1.17; status: completed; authored: Nov 21, 2019 7:21:00 PM</a></p></div>
  </text>
  <extension url="http://hl7.org/fhir/StructureDefinition/event-location">
    <valueReference>
      <reference value="Location/CMS-Location-SNF"/>
    </valueReference>
  </extension>
  <status value="final"/>
  <code>
    <coding>
      <system value="http://loinc.org"/>
      <code value="83206-3"/>
      <display value="What was the patient&#39;s usual performance related to their ability to transfer in and out of a car or van on the passenger side?  Does not include the ability to open/close door or fasten seat belt."/>
    </coding>
    <text value="Car transfer"/>
  </code>
  <subject>
    <reference value="Patient/BetsySmith"/>
  </subject>
  <effectiveDateTime value="2019-11-21T14:21:00-05:00"/>
  <performer>
    <reference value="Practitioner/CMS-Practitioner-01"/>
  </performer>
  <performer>
    <reference value="Organization/CMS-Organization-01"/>
    <display value="Organization"/>
  </performer>
  <valueCodeableConcept>
    <coding>
      <system value="http://loinc.org"/>
      <code value="LA11759-0"/>
      <display value="Car transfer"/>
    </coding>
    <text value="Substantial/maximal Assist"/>
  </valueCodeableConcept>
  <derivedFrom>
    <reference value="QuestionnaireResponse/QuestionnaireResponse-1-First3DSNFAdmission"/>
    <display value="QuestionnaireResponse"/>
  </derivedFrom>
</Observation>