<?xml version="1.0" encoding="UTF-8"?>

<Observation xmlns="http://hl7.org/fhir">
  <id value="Connectathon-Assessment-FS-5-HHStartOfCarePerf-Ob-41"/>
  <meta>
    <profile value="http://pacioproject.org/StructureDefinition/pacio-fs"/>
  </meta>
  <text>
    <status value="generated"/><div xmlns="http://www.w3.org/1999/xhtml"><p><b>Generated Narrative with Details</b></p><p><b>id</b>: Connectathon-Assessment-FS-5-HHStartOfCarePerf-Ob-41</p><p><b>meta</b>: </p><p><b>status</b>: final</p><p><b>code</b>: Car transfer <span style="background: LightGoldenRodYellow">(Details : {LOINC code '83206-3' = 'Car transfer - functional ability during 3 day assessment period [CMS Assessment]', given as 'What was the patient's usual performance related to their ability to transfer in and out of a car or van on the passenger side?  Does not include the ability to open/close door or fasten seat belt.'})</span></p><p><b>subject</b>: <a href="Patient-patientBSJ1.html">Generated Summary: id: patientBSJ1; Betsy Smith-Johnson </a></p><p><b>effective</b>: Apr 24, 2020 7:00:00 PM</p><p><b>performer</b>: </p><ul><li><a href="Practitioner-Connectathon-Practitioner-LunaBaskins.html">Generated Summary: id: Connectathon-Practitioner-LunaBaskins; active; Luna Baskins ; gender: female</a></li><li><a href="PractitionerRole-Connectathon-Role-RN.html">Generated Summary: id: Connectathon-Role-RN; active; <span title="Codes: {http://snomed.info/sct 224535009}">Registered Nurse</span></a></li><li><a href="Organization-Connectathon-Org-03.html">Organization. Generated Summary: id: Connectathon-Org-03; name: Sky Harbor Home Health Services</a></li></ul><p><b>value</b>: Partial/moderate assistance <span style="background: LightGoldenRodYellow">(Details : {LOINC code 'LA10055-4' = 'Partial/moderate assistance - Helper does less than half the effort. Helper lifts, holds or supports trunk or limbs, but provides less than half the effort.', given as 'Partial/moderate assistance'})</span></p><p><b>derivedFrom</b>: <a href="QuestionnaireResponse-Connectathon-QuestResponse-FS-5-HHStartOfCarePerf.html">Generated Summary: id: Connectathon-QuestResponse-FS-5-HHStartOfCarePerf; questionnaire: https://api.logicahealth.org/PACIO/open/Questionnaire/MDS3.0-NC-1.17; status: completed; authored: Apr 24, 2020 7:00:00 PM</a></p></div>
  </text>
  <extension url="http://hl7.org/fhir/StructureDefinition/event-location">
    <valueReference>
      <reference value="Location/Connectathon-Org-Loc-03"/>
    </valueReference>
  </extension>
  <status value="final"/>
  <code>
    <coding>
      <system value="http://loinc.org"/>
      <code value="83206-3"/>
      <display value="What was the patient&#39;s usual performance related to their ability to transfer in and out of a car or van on the passenger side?  Does not include the ability to open/close door or fasten seat belt."/>
    </coding>
    <text value="Car transfer"/>
  </code>
  <subject>
    <reference value="Patient/patientBSJ1"/>
  </subject>
  <effectiveDateTime value="2020-04-24T14:00:00-05:00"/>
  <performer>
    <reference value="Practitioner/Connectathon-Practitioner-LunaBaskins"/>
  </performer>
  <performer>
    <reference value="PractitionerRole/Connectathon-Role-RN"/>
  </performer>
  <performer>
    <reference value="Organization/Connectathon-Org-03"/>
    <display value="Organization"/>
  </performer>
  <valueCodeableConcept>
    <coding>
      <system value="http://loinc.org"/>
      <code value="LA10055-4"/>
      <display value="Partial/moderate assistance"/>
    </coding>
    <text value="Partial/moderate assistance"/>
  </valueCodeableConcept>
  <derivedFrom>
    <reference value="QuestionnaireResponse/Connectathon-QuestResponse-FS-5-HHStartOfCarePerf"/>
  </derivedFrom>
</Observation>