<?xml version="1.0" encoding="UTF-8"?>

<Observation xmlns="http://hl7.org/fhir">
  <id value="BetsySmithMDSTransferAdmission01"/>
  <meta>
    <profile value="http://pacioproject.org//StructureDefinition/pacio-fs"/>
  </meta>
  <text>
    <status value="generated"/><div xmlns="http://www.w3.org/1999/xhtml"><p><b>Generated Narrative with Details</b></p><p><b>id</b>: BetsySmithMDSTransferAdmission01</p><p><b>meta</b>: </p><p><b>status</b>: final</p><p><b>code</b>: Transfer - self-performance during 7 day assessment period [CMS Assessment] <span style="background: LightGoldenRodYellow">(Details : {LOINC code '45590-7' = 'Transfer - self-performance during 7 day assessment period [CMS Assessment]', given as 'Transfer - self-performance during 7 day assessment period [CMS Assessment]'})</span></p><p><b>subject</b>: <a href="Patient-cms-patient-01.html">Generated Summary: id: cms-patient-01; Betsy Smith ; gender: female; birthDate: 1959-06-14</a></p><p><b>effective</b>: Mar 9, 2020, 12:00:00 AM</p><p><b>performer</b>: </p><ul><li><a href="Practitioner-cms-practitioner-01.html">Generated Summary: id: cms-practitioner-01; John Carlson ; gender: male; birthDate: 1970-10-27</a></li><li><a href="ccms-organization-01">ccms-organization-01</a></li></ul><p><b>value</b>: Supervision - oversight, encouragement or cueing <span style="background: LightGoldenRodYellow">(Details : {LOINC code 'LA12638-5' = 'Supervision - oversight, encouragement or cueing', given as 'Supervision - oversight, encouragement or cueing'})</span></p><p><b>derivedFrom</b>: <a href="QuestionnaireResponse-cms-QuestionnaireResponse-01.html">Generated Summary: id: cms-QuestionnaireResponse-01; questionnaire: https://api.logicahealth.org/PACIO/open/Questionnaire/MDS3.0-NC-1.17; status: completed</a></p></div>
  </text>
  <extension url="http://hl7.org/fhir/StructureDefinition/event-location">
    <valueReference>
      <reference value="Location/cms-organization-location-01"/>
    </valueReference>
  </extension>
  <status value="final"/>
  <code>
    <coding>
      <system value="http://loinc.org"/>
      <code value="45590-7"/>
      <display value="Transfer - self-performance during 7 day assessment period [CMS Assessment]"/>
    </coding>
  </code>
  <subject>
    <reference value="Patient/cms-patient-01"/>
  </subject>
  <effectiveDateTime value="2020-03-09"/>
  <performer>
    <reference value="Practitioner/cms-practitioner-01"/>
  </performer>
  <performer>
    <reference value="ccms-organization-01"/>
  </performer>
  <valueCodeableConcept>
    <coding>
      <system value="http://loinc.org"/>
      <code value="LA12638-5"/>
      <display value="Supervision - oversight, encouragement or cueing"/>
    </coding>
  </valueCodeableConcept>
  <derivedFrom>
    <reference value="QuestionnaireResponse/cms-QuestionnaireResponse-01"/>
  </derivedFrom>
</Observation>