<?xml version="1.0" encoding="UTF-8"?>

<Observation xmlns="http://hl7.org/fhir">
  <id value="BFS-HH-Discharge-Mobility-SelfCare-1-Ob-Question-47"/>
  <meta>
    <profile value="http://paciowg.github.io/functional-status-ig/StructureDefinition/pacio-fs"/>
  </meta>
  <text>
    <status value="extensions"/><div xmlns="http://www.w3.org/1999/xhtml"><p><b>Generated Narrative</b></p><p><b>Event Location</b>: <a href="Location-Org-Loc-03.html">Generated Summary: status: active; name: Sky Harbor Home Health Services</a></p><p></p><p><b>code</b>: <span title="Codes: {http://loinc.org 89407-1}">Lower body dressing</span></p><p><b>subject</b>: <a href="Patient-patientBSJ1.html">Generated Summary: Betsy Smith-Johnson </a></p><p><b>effective</b>: Aug 30, 2020, 12:00:00 PM</p><p><b>performer</b>: </p><ul><li><a href="Practitioner-Practitioner-ScottDumble.html">Generated Summary: active; Scott Dumble ; gender: male</a></li><li><a href="PractitionerRole-Role-PT.html">Generated Summary: active; <span title="Codes: {http://snomed.info/sct 36682004}">Physiotherapist</span></a></li><li><a href="Organization-Org-03.html">Organization. Generated Summary: name: Sky Harbor Home Health Services</a></li></ul><p><b>value</b>: <span title="Codes: {http://loinc.org LA9983-3}">Independent</span></p><p><b>derivedFrom</b>: <a href="QuestionnaireResponse-QResponse-HH-Discharge-Mobility-SelfCare-1.html">Generated Summary: questionnaire: https://api.logicahealth.org/PACIO/open/Questionnaire/MDS3.0-NC-1.17; status: completed; authored: Aug 30, 2020, 12:00:00 PM</a></p></div>
  </text>
  <extension url="http://hl7.org/fhir/StructureDefinition/event-location">
    <valueReference>
      <reference value="Location/Org-Loc-03"/>
    </valueReference>
  </extension>
  <status value="final"/>
  <code>
    <coding>
      <system value="http://loinc.org"/>
      <code value="89407-1"/>
      <display value="Lower body dressing - functional ability [CMS Assessment]"/>
    </coding>
    <text value="Lower body dressing"/>
  </code>
  <subject>
    <reference value="Patient/patientBSJ1"/>
  </subject>
  <effectiveDateTime value="2020-08-30T14:00:00-05:00"/>
  <performer>
    <reference value="Practitioner/Practitioner-ScottDumble"/>
  </performer>
  <performer>
    <reference value="PractitionerRole/Role-PT"/>
  </performer>
  <performer>
    <reference value="Organization/Org-03"/>
    <display value="Organization"/>
  </performer>
  <valueCodeableConcept>
    <coding>
      <system value="http://loinc.org"/>
      <code value="LA9983-3"/>
      <display value="Independent - Patient completes the activity by him/herself with no assistance from a helper."/>
    </coding>
    <text value="Independent"/>
  </valueCodeableConcept>
  <derivedFrom>
    <reference value="QuestionnaireResponse/QResponse-HH-Discharge-Mobility-SelfCare-1"/>
  </derivedFrom>
</Observation>