<?xml version="1.0" encoding="UTF-8"?>

<Observation xmlns="http://hl7.org/fhir">
  <id value="BFS-Hospital-Admission-Mobility-1"/>
  <meta>
    <profile value="https://paciowg.github.io/functional-status-ig/StructureDefinition/pacio-bfs"/>
  </meta>
  <text>
    <status value="extensions"/><div xmlns="http://www.w3.org/1999/xhtml"><p><b>Generated Narrative</b></p><h3>Ids</h3><table class="grid"><tr><td>-</td></tr><tr><td>*</td></tr></table><h3>Meta</h3><table class="grid"><tr><td>-</td></tr><tr><td>*</td></tr></table><p><b>Event Location</b>: </p><p><b>DevicePatientUsed</b>: </p><p><b>DevicePatientUsed</b>: </p><p></p><p><b>category</b>: <span title="Codes: {http://terminology.hl7.org/CodeSystem/observation-category survey}">Survey</span></p><p><b>code</b>: <span title="Codes: {http://loinc.org 88330-6}">Mobility - Admission Performance</span></p><p><b>subject</b>: <a href="Patient-patientBSJ1.html">Generated Summary: Betsy Smith-Johnson </a></p><p><b>encounter</b>: <a href="Encounter-BSJ-Encounter-1.html">Generated Summary: status: finished; <span title="{http://terminology.hl7.org/CodeSystem/v3-ActCode IMP}">Inpatient encounter</span>; <span title="Codes: {http://snomed.info/sct 32485007}">Hospital admission (procedure)</span>; period: Jul 7, 2020, 4:00:00 PM --&gt; Jul 11, 2020, 11:30:00 AM</a></p><p><b>effective</b>: Jul 8, 2020, 5:00:00 PM</p><p><b>performer</b>: </p><ul><li><a href="Practitioner-Practitioner-SallySmith.html">Generated Summary: active; Sally Smith ; gender: female</a></li><li><a href="PractitionerRole-Role-PT.html">Generated Summary: active; <span title="Codes: {http://snomed.info/sct 36682004}">Physiotherapist</span></a></li><li><a href="Organization-Org-01.html">Organization. Generated Summary: name: San Antonio General Hospital</a></li></ul><p><b>hasMember</b>: </p><ul><li><a href="Observation-BFS-Hospital-Admission-Mobility-1-Ob-Question-1.html">Generated Summary: <span title="Codes: {http://loinc.org 83218-8}">Roll left and right</span>; effective: Jul 8, 2020, 5:00:00 PM; <span title="Codes: {http://loinc.org LA11759-0}">Substantial/maximal Assist</span></a></li><li><a href="Observation-BFS-Hospital-Admission-Mobility-1-Ob-Question-7.html">Generated Summary: <span title="Codes: {http://loinc.org 83216-2}">Sit to lying</span>; effective: Jul 8, 2020, 5:00:00 PM; <span title="Codes: {http://loinc.org LA11759-0}">Substantial/maximal Assist</span></a></li><li><a href="Observation-BFS-Hospital-Admission-Mobility-1-Ob-Question-13.html">Generated Summary: <span title="Codes: {http://loinc.org 83214-7}">Lying to sitting on side of bed</span>; effective: Jul 8, 2020, 5:00:00 PM; <span title="Codes: {http://loinc.org LA11759-0}">Substantial/maximal Assist</span></a></li><li><a href="Observation-BFS-Hospital-Admission-Mobility-1-Ob-Question-19.html">Generated Summary: <span title="Codes: {http://loinc.org 83212-1}">Sit to stand</span>; effective: Jul 8, 2020, 5:00:00 PM; <span title="Codes: {http://loinc.org LA11759-0}">Substantial/maximal Assist</span></a></li><li><a href="Observation-BFS-Hospital-Admission-Mobility-1-Ob-Question-25.html">Generated Summary: <span title="Codes: {http://loinc.org 83210-5}">Chair/bed-to-chair transfer</span>; effective: Jul 8, 2020, 5:00:00 PM; <span title="Codes: {http://loinc.org LA27998-6}">Dependent</span></a></li><li><a href="Observation-BFS-Hospital-Admission-Mobility-1-Ob-Question-31.html">Generated Summary: <span title="Codes: {http://loinc.org 83208-9}">Toilet transfer</span>; effective: Jul 8, 2020, 5:00:00 PM; <span title="Codes: {http://loinc.org LA26735-3}">Not attempted due to medical condition or safety concerns</span></a></li><li><a href="Observation-BFS-Hospital-Admission-Mobility-1-Ob-Question-37.html">Generated Summary: <span title="Codes: {http://loinc.org 83206-3}">Car transfer</span>; effective: Jul 8, 2020, 5:00:00 PM; <span title="Codes: {http://loinc.org LA26735-3}">Not attempted due to medical condition or safety concerns</span></a></li><li><a href="Observation-BFS-Hospital-Admission-Mobility-1-Ob-Question-43.html">Generated Summary: <span title="Codes: {http://loinc.org 83204-8}">Walk 10 feet</span>; effective: Jul 8, 2020, 5:00:00 PM; <span title="Codes: {http://loinc.org LA26735-3}">Not attempted due to medical condition or safety concerns</span></a></li><li><a href="Observation-BFS-Hospital-Admission-Mobility-1-Ob-Question-49.html">Generated Summary: <span title="Codes: {http://loinc.org 83202-2}">Walk 50 feet with two turns</span>; effective: Jul 8, 2020, 5:00:00 PM; <span title="Codes: {http://loinc.org LA26735-3}">Not attempted due to medical condition or safety concerns</span></a></li><li><a href="Observation-BFS-Hospital-Admission-Mobility-1-Ob-Question-55.html">Generated Summary: <span title="Codes: {http://loinc.org 83200-6}">Walk 150 feet</span>; effective: Jul 8, 2020, 5:00:00 PM; <span title="Codes: {http://loinc.org LA26735-3}">Not attempted due to medical condition or safety concerns</span></a></li><li><a href="Observation-BFS-Hospital-Admission-Mobility-1-Ob-Question-61.html">Generated Summary: <span title="Codes: {http://loinc.org 83198-2}">Walking 10 feet on uneven surfaces</span>; effective: Jul 8, 2020, 5:00:00 PM; <span title="Codes: {http://loinc.org LA26735-3}">Not attempted due to medical condition or safety concerns</span></a></li><li><a href="Observation-BFS-Hospital-Admission-Mobility-1-Ob-Question-67.html">Generated Summary: <span title="Codes: {http://loinc.org 83196-6}">1 step (curb)</span>; effective: Jul 8, 2020, 5:00:00 PM; <span title="Codes: {http://loinc.org LA26735-3}">Not attempted due to medical condition or safety concerns</span></a></li><li><a href="Observation-BFS-Hospital-Admission-Mobility-1-Ob-Question-73.html">Generated Summary: <span title="Codes: {http://loinc.org 83194-1}">4 steps</span>; effective: Jul 8, 2020, 5:00:00 PM; <span title="Codes: {http://loinc.org LA26735-3}">Not attempted due to medical condition or safety concerns</span></a></li><li><a href="Observation-BFS-Hospital-Admission-Mobility-1-Ob-Question-79.html">Generated Summary: <span title="Codes: {http://loinc.org 83192-5}">12 steps</span>; effective: Jul 8, 2020, 5:00:00 PM; <span title="Codes: {http://loinc.org LA26735-3}">Not attempted due to medical condition or safety concerns</span></a></li><li><a href="Observation-BFS-Hospital-Admission-Mobility-1-Ob-Question-85.html">Generated Summary: <span title="Codes: {http://loinc.org 83190-9}">Picking up object</span>; effective: Jul 8, 2020, 5:00:00 PM; <span title="Codes: {http://loinc.org LA26735-3}">Not attempted due to medical condition or safety concerns</span></a></li><li><a href="Observation-BFS-Hospital-Admission-Mobility-1-Ob-Question-91.html">Generated Summary: <span title="Codes: {http://loinc.org 83188-3}">Wheel 50 feet with two turns</span>; effective: Jul 8, 2020, 5:00:00 PM; <span title="Codes: {http://loinc.org LA26735-3}">Not attempted due to medical condition or safety concerns</span></a></li><li><a href="Observation-BFS-Hospital-Admission-Mobility-1-Ob-Question-97.html">Generated Summary: <span title="Codes: {http://loinc.org 83235-2}">Wheel 150 feet</span>; effective: Jul 8, 2020, 5:00:00 PM; <span title="Codes: {http://loinc.org LA26735-3}">Not attempted due to medical condition or safety concerns</span></a></li></ul><p><b>derivedFrom</b>: <a href="QuestionnaireResponse-QResponse-Hospital-Admission-Mobility-1.html">Questionnaire Response. Generated Summary: questionnaire: https://api.logicahealth.org/PACIO/open/Questionnaire/MDS3.0-NC-1.17; status: completed; authored: Jul 8, 2020, 5:00:00 PM</a></p></div>
  </text>
  <extension url="http://hl7.org/fhir/StructureDefinition/event-location">
    <valueReference>
      <reference value="Location/Org-Loc-01"/>
    </valueReference>
  </extension>
  <extension url="https://paciowg.github.io/functional-status-ig/StructureDefinition/device-patient-used">
    <valueReference>
      <reference value="DeviceUseStatement/BFS-Hospital-Admission-Mobility-1-UseOfDevice-17"/>
    </valueReference>
  </extension>
  <extension url="https://paciowg.github.io/functional-status-ig/StructureDefinition/device-patient-used">
    <valueReference>
      <reference value="DeviceUseStatement/BFS-Hospital-Admission-Mobility-1-UseOfDevice-18"/>
    </valueReference>
  </extension>
  <status value="final"/>
  <category>
    <coding>
      <system value="http://terminology.hl7.org/CodeSystem/observation-category"/>
      <code value="survey"/>
    </coding>
  </category>
  <code>
    <coding>
      <system value="http://loinc.org"/>
      <code value="88330-6"/>
      <display value="Mobility - Admission Performance"/>
    </coding>
  </code>
  <subject>
    <reference value="Patient/patientBSJ1"/>
  </subject>
  <encounter>
    <reference value="Encounter/BSJ-Encounter-1"/>
  </encounter>
  <effectiveDateTime value="2020-07-08T16:00:00-05:00"/>
  <performer>
    <reference value="Practitioner/Practitioner-SallySmith"/>
  </performer>
  <performer>
    <reference value="PractitionerRole/Role-PT"/>
  </performer>
  <performer>
    <reference value="Organization/Org-01"/>
    <display value="Organization"/>
  </performer>
  <hasMember>
    <reference value="Observation/BFS-Hospital-Admission-Mobility-1-Ob-Question-1"/>
  </hasMember>
  <hasMember>
    <reference value="Observation/BFS-Hospital-Admission-Mobility-1-Ob-Question-7"/>
  </hasMember>
  <hasMember>
    <reference value="Observation/BFS-Hospital-Admission-Mobility-1-Ob-Question-13"/>
  </hasMember>
  <hasMember>
    <reference value="Observation/BFS-Hospital-Admission-Mobility-1-Ob-Question-19"/>
  </hasMember>
  <hasMember>
    <reference value="Observation/BFS-Hospital-Admission-Mobility-1-Ob-Question-25"/>
  </hasMember>
  <hasMember>
    <reference value="Observation/BFS-Hospital-Admission-Mobility-1-Ob-Question-31"/>
  </hasMember>
  <hasMember>
    <reference value="Observation/BFS-Hospital-Admission-Mobility-1-Ob-Question-37"/>
  </hasMember>
  <hasMember>
    <reference value="Observation/BFS-Hospital-Admission-Mobility-1-Ob-Question-43"/>
  </hasMember>
  <hasMember>
    <reference value="Observation/BFS-Hospital-Admission-Mobility-1-Ob-Question-49"/>
  </hasMember>
  <hasMember>
    <reference value="Observation/BFS-Hospital-Admission-Mobility-1-Ob-Question-55"/>
  </hasMember>
  <hasMember>
    <reference value="Observation/BFS-Hospital-Admission-Mobility-1-Ob-Question-61"/>
  </hasMember>
  <hasMember>
    <reference value="Observation/BFS-Hospital-Admission-Mobility-1-Ob-Question-67"/>
  </hasMember>
  <hasMember>
    <reference value="Observation/BFS-Hospital-Admission-Mobility-1-Ob-Question-73"/>
  </hasMember>
  <hasMember>
    <reference value="Observation/BFS-Hospital-Admission-Mobility-1-Ob-Question-79"/>
  </hasMember>
  <hasMember>
    <reference value="Observation/BFS-Hospital-Admission-Mobility-1-Ob-Question-85"/>
  </hasMember>
  <hasMember>
    <reference value="Observation/BFS-Hospital-Admission-Mobility-1-Ob-Question-91"/>
  </hasMember>
  <hasMember>
    <reference value="Observation/BFS-Hospital-Admission-Mobility-1-Ob-Question-97"/>
  </hasMember>
  <derivedFrom>
    <reference value="QuestionnaireResponse/QResponse-Hospital-Admission-Mobility-1"/>
    <display value="Questionnaire Response"/>
  </derivedFrom>
</Observation>