<?xml version="1.0" encoding="UTF-8"?>

<Observation xmlns="http://hl7.org/fhir">
  <id value="Connectathon-Assessment-FS-3-First3DSNFAdmission"/>
  <meta>
    <profile value="https://paciowg.github.io/functional-status-ig/StructureDefinition/pacio-bfs"/>
  </meta>
  <text>
    <status value="generated"/><div xmlns="http://www.w3.org/1999/xhtml"><p><b>Generated Narrative with Details</b></p><p><b>id</b>: Connectathon-Assessment-FS-3-First3DSNFAdmission</p><p><b>meta</b>: </p><p><b>status</b>: final</p><p><b>category</b>: Survey <span style="background: LightGoldenRodYellow">(Details : {http://terminology.hl7.org/CodeSystem/observation-category code 'survey' = 'Survey)</span></p><p><b>code</b>: Mobility - Admission Performance <span style="background: LightGoldenRodYellow">(Details : {LOINC code '88330-6' = 'Mobility - admission performance [CMS Assessment]', given as 'Mobility - Admission Performance'})</span></p><p><b>subject</b>: <a href="Patient-patientBSJ1.html">Generated Summary: id: patientBSJ1; Betsy Smith-Johnson </a></p><p><b>effective</b>: Apr 9, 2020, 4:00:00 PM</p><p><b>performer</b>: </p><ul><li><a href="Practitioner-Connectathon-Practitioner-JenCadbury.html">Generated Summary: id: Connectathon-Practitioner-JenCadbury; active; Jen Cadbury ; gender: female</a></li><li><a href="PractitionerRole-Connectathon-Role-PT.html">Generated Summary: id: Connectathon-Role-PT; active; <span title="Codes: {http://snomed.info/sct 36682004}">Physiotherapist</span></a></li><li><a href="Organization-Connectathon-Org-02.html">Organization. Generated Summary: id: Connectathon-Org-02; name: Happy Nursing Facility</a></li></ul><p><b>hasMember</b>: </p><ul><li><a href="Observation-Connectathon-Assessment-FS-3-First3DSNFAdmission-Ob-3.html">Generated Summary: id: Connectathon-Assessment-FS-3-First3DSNFAdmission-Ob-3; <span title="Codes: {http://loinc.org 83218-8}">Roll left and right</span>; effective: Apr 9, 2020, 4:00:00 PM; <span title="Codes: {http://loinc.org LA27996-0}">Partial/moderate Assist</span></a></li><li><a href="Observation-Connectathon-Assessment-FS-3-First3DSNFAdmission-Ob-9.html">Generated Summary: id: Connectathon-Assessment-FS-3-First3DSNFAdmission-Ob-9; <span title="Codes: {http://loinc.org 83216-2}">Sit to lying</span>; effective: Apr 9, 2020, 4:00:00 PM; <span title="Codes: {http://loinc.org LA27996-0}">Partial/moderate Assist</span></a></li><li><a href="Observation-Connectathon-Assessment-FS-3-First3DSNFAdmission-Ob-15.html">Generated Summary: id: Connectathon-Assessment-FS-3-First3DSNFAdmission-Ob-15; <span title="Codes: {http://loinc.org 83214-7}">Lying to sitting on side of bed</span>; effective: Apr 9, 2020, 4:00:00 PM; <span title="Codes: {http://loinc.org LA27996-0}">Partial/moderate Assist</span></a></li><li><a href="Observation-Connectathon-Assessment-FS-3-First3DSNFAdmission-Ob-21.html">Generated Summary: id: Connectathon-Assessment-FS-3-First3DSNFAdmission-Ob-21; <span title="Codes: {http://loinc.org 83212-1}">Sit to stand</span>; effective: Apr 9, 2020, 4:00:00 PM; <span title="Codes: {http://loinc.org LA27996-0}">Partial/moderate Assist</span></a></li><li><a href="Observation-Connectathon-Assessment-FS-3-First3DSNFAdmission-Ob-27.html">Generated Summary: id: Connectathon-Assessment-FS-3-First3DSNFAdmission-Ob-27; <span title="Codes: {http://loinc.org 83210-5}">Chair/bed-to-chair transfer</span>; effective: Apr 9, 2020, 4:00:00 PM; <span title="Codes: {http://loinc.org LA11759-0}">Substantial/maximal Assist</span></a></li><li><a href="Observation-Connectathon-Assessment-FS-3-First3DSNFAdmission-Ob-33.html">Generated Summary: id: Connectathon-Assessment-FS-3-First3DSNFAdmission-Ob-33; <span title="Codes: {http://loinc.org 83208-9}">Toilet transfer</span>; effective: Apr 9, 2020, 4:00:00 PM; <span title="Codes: {http://loinc.org LA11759-0}">Substantial/maximal Assist</span></a></li><li><a href="Observation-Connectathon-Assessment-FS-3-First3DSNFAdmission-Ob-39.html">Generated Summary: id: Connectathon-Assessment-FS-3-First3DSNFAdmission-Ob-39; <span title="Codes: {http://loinc.org 83206-3}">Car transfer</span>; effective: Apr 9, 2020, 4:00:00 PM; <span title="Codes: {http://loinc.org LA11759-0}">Substantial/maximal Assist</span></a></li><li><a href="Observation-Connectathon-Assessment-FS-3-First3DSNFAdmission-Ob-45.html">Generated Summary: id: Connectathon-Assessment-FS-3-First3DSNFAdmission-Ob-45; <span title="Codes: {http://loinc.org 83204-8}">Walk 10 feet</span>; effective: Apr 9, 2020, 4:00:00 PM; <span title="Codes: {http://loinc.org LA11759-0}">Substantial/maximal Assist</span></a></li><li><a href="Observation-Connectathon-Assessment-FS-3-First3DSNFAdmission-Ob-51.html">Generated Summary: id: Connectathon-Assessment-FS-3-First3DSNFAdmission-Ob-51; <span title="Codes: {http://loinc.org 83202-2}">Walk 50 feet with two turns</span>; effective: Apr 9, 2020, 4:00:00 PM; <span title="Codes: {http://loinc.org LA11759-0}">Substantial/maximal Assist</span></a></li><li><a href="Observation-Connectathon-Assessment-FS-3-First3DSNFAdmission-Ob-57.html">Generated Summary: id: Connectathon-Assessment-FS-3-First3DSNFAdmission-Ob-57; <span title="Codes: {http://loinc.org 83200-6}">Walk 150 feet</span>; effective: Apr 9, 2020, 4:00:00 PM; <span title="Codes: {http://loinc.org LA11759-0}">Substantial/maximal Assist</span></a></li><li><a href="Observation-Connectathon-Assessment-FS-3-First3DSNFAdmission-Ob-63.html">Generated Summary: id: Connectathon-Assessment-FS-3-First3DSNFAdmission-Ob-63; <span title="Codes: {http://loinc.org 83198-2}">Walking 10 feet on uneven surfaces</span>; effective: Apr 9, 2020, 4:00:00 PM; <span title="Codes: {http://loinc.org LA11759-0}">Substantial/maximal assistance</span></a></li><li><a href="Observation-Connectathon-Assessment-FS-3-First3DSNFAdmission-Ob-69.html">Generated Summary: id: Connectathon-Assessment-FS-3-First3DSNFAdmission-Ob-69; <span title="Codes: {http://loinc.org 83196-6}">1 step (curb)</span>; effective: Apr 9, 2020, 4:00:00 PM; <span title="Codes: {http://loinc.org LA26735-3}">Not attempted due to medical condition or safety concerns</span></a></li><li><a href="Observation-Connectathon-Assessment-FS-3-First3DSNFAdmission-Ob-75.html">Generated Summary: id: Connectathon-Assessment-FS-3-First3DSNFAdmission-Ob-75; <span title="Codes: {http://loinc.org 83194-1}">4 steps</span>; effective: Apr 9, 2020, 4:00:00 PM; <span title="Codes: {http://loinc.org LA26735-3}">Not attempted due to medical condition or safety concerns</span></a></li><li><a href="Observation-Connectathon-Assessment-FS-3-First3DSNFAdmission-Ob-81.html">Generated Summary: id: Connectathon-Assessment-FS-3-First3DSNFAdmission-Ob-81; <span title="Codes: {http://loinc.org 83192-5}">12 steps</span>; effective: Apr 9, 2020, 4:00:00 PM; <span title="Codes: {http://loinc.org LA26735-3}">Not attempted due to medical condition or safety concerns</span></a></li><li><a href="Observation-Connectathon-Assessment-FS-3-First3DSNFAdmission-Ob-87.html">Generated Summary: id: Connectathon-Assessment-FS-3-First3DSNFAdmission-Ob-87; <span title="Codes: {http://loinc.org 83190-9}">Picking up object</span>; effective: Apr 9, 2020, 4:00:00 PM; <span title="Codes: {http://loinc.org LA26735-3}">Not attempted due to medical condition or safety concerns</span></a></li><li><a href="Observation-Connectathon-Assessment-FS-3-First3DSNFAdmission-Ob-93.html">Generated Summary: id: Connectathon-Assessment-FS-3-First3DSNFAdmission-Ob-93; <span title="Codes: {http://loinc.org 83188-3}">Wheel 50 feet with two turns</span>; effective: Apr 9, 2020, 4:00:00 PM; <span title="Codes: {http://loinc.org LA11759-0}">Substantial/maximal Assist</span></a></li><li><a href="Observation-Connectathon-Assessment-FS-3-First3DSNFAdmission-Ob-99.html">Generated Summary: id: Connectathon-Assessment-FS-3-First3DSNFAdmission-Ob-99; <span title="Codes: {http://loinc.org 83235-2}">Wheel 150 feet</span>; effective: Apr 9, 2020, 4:00:00 PM; <span title="Codes: {http://loinc.org LA27996-0}">Partial/moderate Assist</span></a></li></ul><p><b>derivedFrom</b>: <a href="QuestionnaireResponse-Connectathon-QuestResponse-FS-3-First3DSNFAdmission.html">Questionnaire Response. Generated Summary: id: Connectathon-QuestResponse-FS-3-First3DSNFAdmission; questionnaire: https://api.logicahealth.org/PACIO/open/Questionnaire/MDS3.0-NC-1.17; status: completed; authored: Apr 9, 2020, 4:00:00 PM</a></p></div>
  </text>
  <extension url="http://hl7.org/fhir/StructureDefinition/event-location">
    <valueReference>
      <reference value="Location/Connectathon-Org-Loc-02"/>
    </valueReference>
  </extension>
  <extension url="https://paciowg.github.io/functional-status-ig/StructureDefinition/device-patient-used">
    <valueReference>
      <reference value="DeviceUseStatement/Connectathon-Assessment-FS-3-First3DSNFAdmission-UseOfDevice-17"/>
    </valueReference>
  </extension>
  <extension url="https://paciowg.github.io/functional-status-ig/StructureDefinition/device-patient-used">
    <valueReference>
      <reference value="DeviceUseStatement/Connectathon-Assessment-FS-3-First3DSNFAdmission-UseOfDevice-18"/>
    </valueReference>
  </extension>
  <extension url="https://paciowg.github.io/functional-status-ig/StructureDefinition/device-patient-used">
    <valueReference>
      <reference value="DeviceUseStatement/Connectathon-Assessment-FS-3-First3DSNFAdmission-UseOfDevice-19"/>
    </valueReference>
  </extension>
  <extension url="https://paciowg.github.io/functional-status-ig/StructureDefinition/device-patient-used">
    <valueReference>
      <reference value="DeviceUseStatement/Connectathon-Assessment-FS-3-First3DSNFAdmission-UseOfDevice-20"/>
    </valueReference>
  </extension>
  <extension url="https://paciowg.github.io/functional-status-ig/StructureDefinition/device-patient-used">
    <valueReference>
      <reference value="DeviceUseStatement/Connectathon-Assessment-FS-3-First3DSNFAdmission-UseOfDevice-21"/>
    </valueReference>
  </extension>
  <extension url="https://paciowg.github.io/functional-status-ig/StructureDefinition/device-patient-used">
    <valueReference>
      <reference value="DeviceUseStatement/Connectathon-Assessment-FS-3-First3DSNFAdmission-UseOfDevice-22"/>
    </valueReference>
  </extension>
  <status value="final"/>
  <category>
    <coding>
      <system value="http://terminology.hl7.org/CodeSystem/observation-category"/>
      <code value="survey"/>
    </coding>
  </category>
  <code>
    <coding>
      <system value="http://loinc.org"/>
      <code value="88330-6"/>
      <display value="Mobility - Admission Performance"/>
    </coding>
  </code>
  <subject>
    <reference value="Patient/patientBSJ1"/>
  </subject>
  <effectiveDateTime value="2020-04-09T15:00:00-05:00"/>
  <performer>
    <reference value="Practitioner/Connectathon-Practitioner-JenCadbury"/>
  </performer>
  <performer>
    <reference value="PractitionerRole/Connectathon-Role-PT"/>
  </performer>
  <performer>
    <reference value="Organization/Connectathon-Org-02"/>
    <display value="Organization"/>
  </performer>
  <hasMember>
    <reference value="Observation/Connectathon-Assessment-FS-3-First3DSNFAdmission-Ob-3"/>
  </hasMember>
  <hasMember>
    <reference value="Observation/Connectathon-Assessment-FS-3-First3DSNFAdmission-Ob-9"/>
  </hasMember>
  <hasMember>
    <reference value="Observation/Connectathon-Assessment-FS-3-First3DSNFAdmission-Ob-15"/>
  </hasMember>
  <hasMember>
    <reference value="Observation/Connectathon-Assessment-FS-3-First3DSNFAdmission-Ob-21"/>
  </hasMember>
  <hasMember>
    <reference value="Observation/Connectathon-Assessment-FS-3-First3DSNFAdmission-Ob-27"/>
  </hasMember>
  <hasMember>
    <reference value="Observation/Connectathon-Assessment-FS-3-First3DSNFAdmission-Ob-33"/>
  </hasMember>
  <hasMember>
    <reference value="Observation/Connectathon-Assessment-FS-3-First3DSNFAdmission-Ob-39"/>
  </hasMember>
  <hasMember>
    <reference value="Observation/Connectathon-Assessment-FS-3-First3DSNFAdmission-Ob-45"/>
  </hasMember>
  <hasMember>
    <reference value="Observation/Connectathon-Assessment-FS-3-First3DSNFAdmission-Ob-51"/>
  </hasMember>
  <hasMember>
    <reference value="Observation/Connectathon-Assessment-FS-3-First3DSNFAdmission-Ob-57"/>
  </hasMember>
  <hasMember>
    <reference value="Observation/Connectathon-Assessment-FS-3-First3DSNFAdmission-Ob-63"/>
  </hasMember>
  <hasMember>
    <reference value="Observation/Connectathon-Assessment-FS-3-First3DSNFAdmission-Ob-69"/>
  </hasMember>
  <hasMember>
    <reference value="Observation/Connectathon-Assessment-FS-3-First3DSNFAdmission-Ob-75"/>
  </hasMember>
  <hasMember>
    <reference value="Observation/Connectathon-Assessment-FS-3-First3DSNFAdmission-Ob-81"/>
  </hasMember>
  <hasMember>
    <reference value="Observation/Connectathon-Assessment-FS-3-First3DSNFAdmission-Ob-87"/>
  </hasMember>
  <hasMember>
    <reference value="Observation/Connectathon-Assessment-FS-3-First3DSNFAdmission-Ob-93"/>
  </hasMember>
  <hasMember>
    <reference value="Observation/Connectathon-Assessment-FS-3-First3DSNFAdmission-Ob-99"/>
  </hasMember>
  <derivedFrom>
    <reference value="QuestionnaireResponse/Connectathon-QuestResponse-FS-3-First3DSNFAdmission"/>
    <display value="Questionnaire Response"/>
  </derivedFrom>
</Observation>