<?xml version="1.0" encoding="UTF-8"?>

<Observation xmlns="http://hl7.org/fhir">
  <id value="Connectathon-Assessment-FS-6-HHDischargePerf-Ob-90"/>
  <meta>
    <profile value="https://paciowg.github.io/functional-status-ig/StructureDefinition/pacio-fs"/>
  </meta>
  <text>
    <status value="generated"/><div xmlns="http://www.w3.org/1999/xhtml"><p><b>Generated Narrative with Details</b></p><p><b>id</b>: Connectathon-Assessment-FS-6-HHDischargePerf-Ob-90</p><p><b>meta</b>: </p><p><b>status</b>: final</p><p><b>code</b>: Picking up object <span style="background: LightGoldenRodYellow">(Details : {LOINC code '83190-9' = 'Picking up object - functional ability during 3 day assessment period [CMS Assessment]', given as 'What was the patients's usual performance related to their ability to bend/stoop from a standing position to pick up a small object, such as a spoon, from the floor?'})</span></p><p><b>subject</b>: <a href="Patient-patientBSJ1.html">Generated Summary: id: patientBSJ1; Betsy Smith-Johnson </a></p><p><b>effective</b>: May 1, 2020, 2:00:00 PM</p><p><b>performer</b>: </p><ul><li><a href="Practitioner-Connectathon-Practitioner-ScottDumble.html">Generated Summary: id: Connectathon-Practitioner-ScottDumble; active; Scott Dumble ; gender: male</a></li><li><a href="PractitionerRole-Connectathon-Role-RN.html">Generated Summary: id: Connectathon-Role-RN; active; <span title="Codes: {http://snomed.info/sct 224535009}">Registered Nurse</span></a></li><li><a href="Organization-Connectathon-Org-03.html">Organization. Generated Summary: id: Connectathon-Org-03; name: Sky Harbor Home Health Services</a></li></ul><p><b>value</b>: Partial/moderate assistance <span style="background: LightGoldenRodYellow">(Details : {LOINC code 'LA10055-4' = 'Partial/moderate assistance - Helper does less than half the effort. Helper lifts, holds or supports trunk or limbs, but provides less than half the effort.)</span></p><p><b>derivedFrom</b>: <a href="QuestionnaireResponse-Connectathon-QuestResponse-FS-6-HHDischargePerf.html">Generated Summary: id: Connectathon-QuestResponse-FS-6-HHDischargePerf; questionnaire: https://api.logicahealth.org/PACIO/open/Questionnaire/MDS3.0-NC-1.17; status: completed; authored: May 1, 2020, 2:00:00 PM</a></p></div>
  </text>
  <extension url="http://hl7.org/fhir/StructureDefinition/event-location">
    <valueReference>
      <reference value="Location/Connectathon-Org-Loc-03"/>
    </valueReference>
  </extension>
  <status value="final"/>
  <code>
    <coding>
      <system value="http://loinc.org"/>
      <code value="83190-9"/>
      <display value="What was the patients&#39;s usual performance related to their ability to bend/stoop from a standing position to pick up a small object, such as a spoon, from the floor?"/>
    </coding>
    <text value="Picking up object"/>
  </code>
  <subject>
    <reference value="Patient/patientBSJ1"/>
  </subject>
  <effectiveDateTime value="2020-05-01T13:00:00-05:00"/>
  <performer>
    <reference value="Practitioner/Connectathon-Practitioner-ScottDumble"/>
  </performer>
  <performer>
    <reference value="PractitionerRole/Connectathon-Role-RN"/>
  </performer>
  <performer>
    <reference value="Organization/Connectathon-Org-03"/>
    <display value="Organization"/>
  </performer>
  <valueCodeableConcept>
    <coding>
      <system value="http://loinc.org"/>
      <code value="LA10055-4"/>
    </coding>
    <text value="Partial/moderate assistance"/>
  </valueCodeableConcept>
  <derivedFrom>
    <reference value="QuestionnaireResponse/Connectathon-QuestResponse-FS-6-HHDischargePerf"/>
  </derivedFrom>
</Observation>