<?xml version="1.0" encoding="UTF-8"?>

<Observation xmlns="http://hl7.org/fhir">
  <id value="Assessment-HHStart-SelfCare"/>
  <meta>
    <profile value="https://paciowg.github.io/functional-status-ig/StructureDefinition/pacio-bfs"/>
  </meta>
  <text>
    <status value="generated"/><div xmlns="http://www.w3.org/1999/xhtml"><p><b>Generated Narrative</b></p><p><b>id</b>: Assessment-HHStart-SelfCare</p><p><b>meta</b>: </p><p></p><p><b>category</b>: <span title="Codes: {http://terminology.hl7.org/CodeSystem/observation-category survey}">Survey</span></p><p><b>code</b>: <span title="Codes: {http://loinc.org 83233-7}">Self-Care - Admission Performance</span></p><p><b>subject</b>: <a href="Patient-patientBSJ1.html">Generated Summary: id: patientBSJ1; Betsy Smith-Johnson </a></p><p><b>effective</b>: Apr 24, 2020 7:00:00 PM</p><p><b>performer</b>: </p><ul><li><a href="Practitioner-Practitioner-LunaBaskins.html">Generated Summary: id: Practitioner-LunaBaskins; active; Luna Baskins ; gender: female</a></li><li><a href="PractitionerRole-Role-RN.html">Generated Summary: id: Role-RN; active; <span title="Codes: {http://snomed.info/sct 224535009}">Registered Nurse</span></a></li><li><a href="Organization-Org-03.html">Organization. Generated Summary: id: Org-03; name: Sky Harbor Home Health Services</a></li></ul><p><b>hasMember</b>: </p><ul><li><a href="Observation-Assessment-HHStart-SelfCare-Ob-5.html">Generated Summary: id: Assessment-HHStart-SelfCare-Ob-5; <span title="Codes: {http://loinc.org 83232-9}">Eating</span>; effective: Apr 24, 2020 7:00:00 PM; <span title="Codes: {http://loinc.org LA9983-3}">Independent</span></a></li><li><a href="Observation-Assessment-HHStart-SelfCare-Ob-11.html">Generated Summary: id: Assessment-HHStart-SelfCare-Ob-11; <span title="Codes: {http://loinc.org 83230-3}">Oral hygiene</span>; effective: Apr 24, 2020 7:00:00 PM; <span title="Codes: {http://loinc.org LA9983-3}">Independent</span></a></li><li><a href="Observation-Assessment-HHStart-SelfCare-Ob-17.html">Generated Summary: id: Assessment-HHStart-SelfCare-Ob-17; <span title="Codes: {http://loinc.org 83228-7}">Toileting hygiene</span>; effective: Apr 24, 2020 7:00:00 PM; <span title="Codes: {http://loinc.org LA10073-7}">Setup or clean-up assistance</span></a></li><li><a href="Observation-Assessment-HHStart-SelfCare-Ob-23.html">Generated Summary: id: Assessment-HHStart-SelfCare-Ob-23; <span title="Codes: {http://loinc.org 83226-1}">Shower/bathe self</span>; effective: Apr 24, 2020 7:00:00 PM; <span title="Codes: {http://loinc.org LA10073-7}">Setup or clean-up assistance</span></a></li><li><a href="Observation-Assessment-HHStart-SelfCare-Ob-29.html">Generated Summary: id: Assessment-HHStart-SelfCare-Ob-29; <span title="Codes: {http://loinc.org 83224-6}">Upper body dressing</span>; effective: Apr 24, 2020 7:00:00 PM; <span title="Codes: {http://loinc.org LA10073-7}">Setup or clean-up assistance</span></a></li><li><a href="Observation-Assessment-HHStart-SelfCare-Ob-35.html">Generated Summary: id: Assessment-HHStart-SelfCare-Ob-35; <span title="Codes: {http://loinc.org 83222-0}">Lower body dressing</span>; effective: Apr 24, 2020 7:00:00 PM; <span title="Codes: {http://loinc.org LA10055-4}">Partial/moderate assistance</span></a></li><li><a href="Observation-Assessment-HHStart-SelfCare-Ob-41.html">Generated Summary: id: Assessment-HHStart-SelfCare-Ob-41; <span title="Codes: {http://loinc.org 83220-4}">Putting on/taking off footwear</span>; effective: Apr 24, 2020 7:00:00 PM; <span title="Codes: {http://loinc.org LA10073-7}">Setup or clean-up assistance</span></a></li></ul><p><b>derivedFrom</b>: <a href="QuestionnaireResponse-QResponse-HHStart-SelfCare.html">Questionnaire Response. Generated Summary: id: QResponse-HHStart-SelfCare; questionnaire: https://api.logicahealth.org/PACIO/open/Questionnaire/MDS3.0-NC-1.17; status: completed; authored: Apr 24, 2020 7:00:00 PM</a></p></div>
  </text>
  <extension url="http://hl7.org/fhir/StructureDefinition/event-location">
    <valueReference>
      <reference value="Location/Org-Loc-03"/>
    </valueReference>
  </extension>
  <status value="final"/>
  <category>
    <coding>
      <system value="http://terminology.hl7.org/CodeSystem/observation-category"/>
      <code value="survey"/>
    </coding>
  </category>
  <code>
    <coding>
      <system value="http://loinc.org"/>
      <code value="83233-7"/>
      <display value="Self-Care - Admission Performance"/>
    </coding>
  </code>
  <subject>
    <reference value="Patient/patientBSJ1"/>
  </subject>
  <effectiveDateTime value="2020-04-24T14:00:00-05:00"/>
  <performer>
    <reference value="Practitioner/Practitioner-LunaBaskins"/>
  </performer>
  <performer>
    <reference value="PractitionerRole/Role-RN"/>
  </performer>
  <performer>
    <reference value="Organization/Org-03"/>
    <display value="Organization"/>
  </performer>
  <hasMember>
    <reference value="Observation/Assessment-HHStart-SelfCare-Ob-5"/>
  </hasMember>
  <hasMember>
    <reference value="Observation/Assessment-HHStart-SelfCare-Ob-11"/>
  </hasMember>
  <hasMember>
    <reference value="Observation/Assessment-HHStart-SelfCare-Ob-17"/>
  </hasMember>
  <hasMember>
    <reference value="Observation/Assessment-HHStart-SelfCare-Ob-23"/>
  </hasMember>
  <hasMember>
    <reference value="Observation/Assessment-HHStart-SelfCare-Ob-29"/>
  </hasMember>
  <hasMember>
    <reference value="Observation/Assessment-HHStart-SelfCare-Ob-35"/>
  </hasMember>
  <hasMember>
    <reference value="Observation/Assessment-HHStart-SelfCare-Ob-41"/>
  </hasMember>
  <derivedFrom>
    <reference value="QuestionnaireResponse/QResponse-HHStart-SelfCare"/>
    <display value="Questionnaire Response"/>
  </derivedFrom>
</Observation>