<?xml version="1.0" encoding="UTF-8"?>

<Observation xmlns="http://hl7.org/fhir">
  <id value="Assessment-Hosp-Last3DStay-SelfCare-Ob-38"/>
  <meta>
    <profile value="https://paciowg.github.io/functional-status-ig/StructureDefinition/pacio-fs"/>
  </meta>
  <text>
    <status value="generated"/><div xmlns="http://www.w3.org/1999/xhtml"><p><b>Generated Narrative</b></p><p><b>id</b>: Assessment-Hosp-Last3DStay-SelfCare-Ob-38</p><p><b>meta</b>: </p><p></p><p><b>code</b>: <span title="Codes: {http://loinc.org 83220-4}">Putting on/taking off footwear</span></p><p><b>subject</b>: <a href="Patient-patientBSJ1.html">Generated Summary: id: patientBSJ1; Betsy Smith-Johnson </a></p><p><b>effective</b>: Apr 9, 2020 7:00:00 PM</p><p><b>performer</b>: </p><ul><li><a href="Practitioner-Practitioner-RonMarble.html">Generated Summary: id: Practitioner-RonMarble; active; Ron Marble ; gender: male</a></li><li><a href="PractitionerRole-Role-PT.html">Generated Summary: id: Role-PT; active; <span title="Codes: {http://snomed.info/sct 36682004}">Physiotherapist</span></a></li><li><a href="Organization-Org-01.html">Organization. Generated Summary: id: Org-01; name: San Antonio General Hospital</a></li></ul><p><b>value</b>: <span title="Codes: {http://loinc.org LA10055-4}">Substantial/maximal assistanc</span></p><p><b>derivedFrom</b>: <a href="QuestionnaireResponse-QResponse-Hosp-Last3DStay-SelfCare.html">Generated Summary: id: QResponse-Hosp-Last3DStay-SelfCare; questionnaire: https://api.logicahealth.org/PACIO/open/Questionnaire/MDS3.0-NC-1.17; status: completed; authored: Apr 9, 2020 7:00:00 PM</a></p></div>
  </text>
  <extension url="http://hl7.org/fhir/StructureDefinition/event-location">
    <valueReference>
      <reference value="Location/Org-Loc-01"/>
    </valueReference>
  </extension>
  <status value="final"/>
  <code>
    <coding>
      <system value="http://loinc.org"/>
      <code value="83220-4"/>
      <display value="Putting on and taking off footwear - functional ability during 3D assessment period"/>
    </coding>
    <text value="Putting on/taking off footwear"/>
  </code>
  <subject>
    <reference value="Patient/patientBSJ1"/>
  </subject>
  <effectiveDateTime value="2020-04-09T14:00:00-05:00"/>
  <performer>
    <reference value="Practitioner/Practitioner-RonMarble"/>
  </performer>
  <performer>
    <reference value="PractitionerRole/Role-PT"/>
  </performer>
  <performer>
    <reference value="Organization/Org-01"/>
    <display value="Organization"/>
  </performer>
  <valueCodeableConcept>
    <coding>
      <system value="http://loinc.org"/>
      <code value="LA10055-4"/>
      <display value="Substantial/maximal assistanc"/>
    </coding>
    <text value="Substantial/maximal assistanc"/>
  </valueCodeableConcept>
  <derivedFrom>
    <reference value="QuestionnaireResponse/QResponse-Hosp-Last3DStay-SelfCare"/>
  </derivedFrom>
</Observation>