<?xml version="1.0" encoding="UTF-8"?>

<Observation xmlns="http://hl7.org/fhir">
  <id value="Assessment-4-HHDischargePerf-Observation-56"/>
  <meta>
    <profile value="http://pacioproject.org//StructureDefinition/pacio-fs"/>
  </meta>
  <text>
    <status value="generated"/><div xmlns="http://www.w3.org/1999/xhtml"><p><b>Generated Narrative with Details</b></p><p><b>id</b>: Assessment-4-HHDischargePerf-Observation-56</p><p><b>meta</b>: </p><p><b>status</b>: final</p><p><b>code</b>: 12 steps <span style="background: LightGoldenRodYellow">(Details : {LOINC code '83192-5' = '12 steps - functional ability during 3 day assessment period [CMS Assessment]', given as 'What was the patient's usual performance related to their ability to go up and down 12 steps with or without a rail?'})</span></p><p><b>subject</b>: <a href="Patient-BetsySmith.html">Generated Summary: id: BetsySmith; Betsy Smith ; gender: female; birthDate: 1959-06-14</a></p><p><b>effective</b>: Dec 30, 2019 7:00:00 PM</p><p><b>performer</b>: </p><ul><li><a href="Practitioner-CMS-Practitioner-02.html">Generated Summary: id: CMS-Practitioner-02; active; Steve Davidson ; gender: male</a></li><li><a href="Organization-CMS-Organization-02.html">Organization. Generated Summary: id: CMS-Organization-02; name: Good Health Clinic</a></li></ul><p><b>value</b>: Partial/moderate Assist <span style="background: LightGoldenRodYellow">(Details : {LOINC code 'LA27996-0' = 'Partial/moderate assistance - Helper does less than half the effort. Helper lifts, holds, or supports trunk or limbs, but provides less than half the effort.', given as '12 steps'})</span></p><p><b>derivedFrom</b>: <a href="QuestionnaireResponse-QuestionnaireResponse-4-HHDischargePerf.html">QuestionnaireResponse. Generated Summary: id: QuestionnaireResponse-4-HHDischargePerf; questionnaire: Q-MDS3-NC-1.17; status: completed; authored: Dec 30, 2019 7:00:00 PM</a></p></div>
  </text>
  <extension url="http://hl7.org/fhir/StructureDefinition/event-location">
    <valueReference>
      <reference value="Location/CMS-Location-PTRES"/>
    </valueReference>
  </extension>
  <status value="final"/>
  <code>
    <coding>
      <system value="http://loinc.org"/>
      <code value="83192-5"/>
      <display value="What was the patient&#39;s usual performance related to their ability to go up and down 12 steps with or without a rail?"/>
    </coding>
    <text value="12 steps"/>
  </code>
  <subject>
    <reference value="Patient/BetsySmith"/>
  </subject>
  <effectiveDateTime value="2019-12-30T14:00:00-05:00"/>
  <performer>
    <reference value="Practitioner/CMS-Practitioner-02"/>
  </performer>
  <performer>
    <reference value="Organization/CMS-Organization-02"/>
    <display value="Organization"/>
  </performer>
  <valueCodeableConcept>
    <coding>
      <system value="http://loinc.org"/>
      <code value="LA27996-0"/>
      <display value="12 steps"/>
    </coding>
    <text value="Partial/moderate Assist"/>
  </valueCodeableConcept>
  <derivedFrom>
    <reference value="QuestionnaireResponse/QuestionnaireResponse-4-HHDischargePerf"/>
    <display value="QuestionnaireResponse"/>
  </derivedFrom>
</Observation>