<?xml version="1.0" encoding="UTF-8"?>

<Observation xmlns="http://hl7.org/fhir">
  <id value="Assessment-SNF-DischargeGoal-FS-4-Ob-106"/>
  <meta>
    <profile value="https://paciowg.github.io/functional-status-ig/StructureDefinition/pacio-fs"/>
  </meta>
  <text>
    <status value="generated"/><div xmlns="http://www.w3.org/1999/xhtml"><p><b>Generated Narrative</b></p><p><b>id</b>: Assessment-SNF-DischargeGoal-FS-4-Ob-106</p><p><b>meta</b>: </p><p></p><p><b>code</b>: <span title="Codes: {http://loinc.org 83211-3}">Sit to stand</span></p><p><b>subject</b>: <a href="Patient-patientBSJ1.html">Generated Summary: id: patientBSJ1; Betsy Smith-Johnson </a></p><p><b>effective</b>: Apr 9, 2020, 4:00:00 PM</p><p><b>performer</b>: </p><ul><li><a href="Practitioner-Practitioner-JenCadbury.html">Generated Summary: id: Practitioner-JenCadbury; active; Jen Cadbury ; gender: female</a></li><li><a href="PractitionerRole-Role-PT.html">Generated Summary: id: Role-PT; active; <span title="Codes: {http://snomed.info/sct 36682004}">Physiotherapist</span></a></li><li><a href="Organization-Org-02.html">Organization. Generated Summary: id: Org-02; name: Happy Nursing Facility</a></li></ul><p><b>value</b>: <span title="Codes: {http://loinc.org LA27996-0}">Partial/moderate Assist</span></p><p><b>derivedFrom</b>: <a href="QuestionnaireResponse-QResponse-SNF-DischargeGoal-FS-4.html">Generated Summary: id: QResponse-SNF-DischargeGoal-FS-4; questionnaire: https://api.logicahealth.org/PACIO/open/Questionnaire/MDS3.0-NC-1.17; status: completed; authored: Apr 9, 2020, 4:00:00 PM</a></p></div>
  </text>
  <extension url="http://hl7.org/fhir/StructureDefinition/event-location">
    <valueReference>
      <reference value="Location/Org-Loc-02"/>
    </valueReference>
  </extension>
  <status value="final"/>
  <code>
    <coding>
      <system value="http://loinc.org"/>
      <code value="83211-3"/>
      <display value="What was the patient&#39;s usual performance related to their ability to come to a standing position from sitting in a chair, wheelchair, or on the side of the bed?"/>
    </coding>
    <text value="Sit to stand"/>
  </code>
  <subject>
    <reference value="Patient/patientBSJ1"/>
  </subject>
  <effectiveDateTime value="2020-04-09T15:00:00-05:00"/>
  <performer>
    <reference value="Practitioner/Practitioner-JenCadbury"/>
  </performer>
  <performer>
    <reference value="PractitionerRole/Role-PT"/>
  </performer>
  <performer>
    <reference value="Organization/Org-02"/>
    <display value="Organization"/>
  </performer>
  <valueCodeableConcept>
    <coding>
      <system value="http://loinc.org"/>
      <code value="LA27996-0"/>
      <display value="Partial/moderate Assist"/>
    </coding>
    <text value="Partial/moderate Assist"/>
  </valueCodeableConcept>
  <derivedFrom>
    <reference value="QuestionnaireResponse/QResponse-SNF-DischargeGoal-FS-4"/>
  </derivedFrom>
</Observation>