<?xml version="1.0" encoding="UTF-8"?>

<Observation xmlns="http://hl7.org/fhir">
  <id value="Assessment-2-Last3DSNFStay-Observation-2"/>
  <meta>
    <profile value="http://pacioproject.org//StructureDefinition/pacio-fs"/>
  </meta>
  <text>
    <status value="generated"/><div xmlns="http://www.w3.org/1999/xhtml"><p><b>Generated Narrative with Details</b></p><p><b>id</b>: Assessment-2-Last3DSNFStay-Observation-2</p><p><b>meta</b>: </p><p><b>status</b>: final</p><p><b>code</b>: Roll left and right <span style="background: LightGoldenRodYellow">(Details : {LOINC code '83218-8' = 'Roll left and right - functional ability during 3 day assessment period [CMS Assessment]', given as 'What was the patient's usual performance related to their ability to roll from lying on back to left and right side, and return to lying on back on the bed?'})</span></p><p><b>subject</b>: <a href="Patient-BetsySmith.html">Generated Summary: id: BetsySmith; Betsy Smith ; gender: female; birthDate: 1959-06-14</a></p><p><b>effective</b>: Dec 3, 2019 11:00:00 PM</p><p><b>performer</b>: </p><ul><li><a href="Practitioner-CMS-Practitioner-01.html">Generated Summary: id: CMS-Practitioner-01; active; Ed Johnson ; gender: male</a></li><li><a href="Organization-CMS-Organization-01.html">Organization. Generated Summary: id: CMS-Organization-01; name: Burgers Skilled Nursing Facility</a></li></ul><p><b>value</b>: Independent <span style="background: LightGoldenRodYellow">(Details : {LOINC code 'LA27993-7' = 'Independent - Resident completes the activity by him/herself with no assistance from a helper.', given as 'Roll left and right'})</span></p><p><b>derivedFrom</b>: <a href="QuestionnaireResponse-QuestionnaireResponse-2-Last3DSNFStay.html">QuestionnaireResponse. Generated Summary: id: QuestionnaireResponse-2-Last3DSNFStay; questionnaire: Q-MDS3-NC-1.17; status: completed; authored: Dec 3, 2019 11:00:00 PM</a></p></div>
  </text>
  <extension url="http://hl7.org/fhir/StructureDefinition/event-location">
    <valueReference>
      <reference value="Location/CMS-Location-SNF"/>
    </valueReference>
  </extension>
  <status value="final"/>
  <code>
    <coding>
      <system value="http://loinc.org"/>
      <code value="83218-8"/>
      <display value="What was the patient&#39;s usual performance related to their ability to roll from lying on back to left and right side, and return to lying on back on the bed?"/>
    </coding>
    <text value="Roll left and right"/>
  </code>
  <subject>
    <reference value="Patient/BetsySmith"/>
  </subject>
  <effectiveDateTime value="2019-12-03T18:00:00-05:00"/>
  <performer>
    <reference value="Practitioner/CMS-Practitioner-01"/>
  </performer>
  <performer>
    <reference value="Organization/CMS-Organization-01"/>
    <display value="Organization"/>
  </performer>
  <valueCodeableConcept>
    <coding>
      <system value="http://loinc.org"/>
      <code value="LA27993-7"/>
      <display value="Roll left and right"/>
    </coding>
    <text value="Independent"/>
  </valueCodeableConcept>
  <derivedFrom>
    <reference value="QuestionnaireResponse/QuestionnaireResponse-2-Last3DSNFStay"/>
    <display value="QuestionnaireResponse"/>
  </derivedFrom>
</Observation>