<?xml version="1.0" encoding="UTF-8"?>

<Observation xmlns="http://hl7.org/fhir">
  <id value="Assessment-3-HHStartOfCarePerf"/>
  <meta>
    <profile value="http://pacioproject.org//StructureDefinition/pacio-bfs"/>
  </meta>
  <text>
    <status value="generated"/><div xmlns="http://www.w3.org/1999/xhtml"><p><b>Generated Narrative with Details</b></p><p><b>id</b>: Assessment-3-HHStartOfCarePerf</p><p><b>meta</b>: </p><p><b>status</b>: final</p><p><b>category</b>: Survey <span style="background: LightGoldenRodYellow">(Details : {http://terminology.hl7.org/CodeSystem/observation-category code 'survey' = 'Survey)</span></p><p><b>code</b>: Home Health Start of Care Performance <span style="background: LightGoldenRodYellow">(Details : {LOINC code '88482-5' = 'Functional abilities and goals - admission [CMS Assessment]', given as 'Home Health Start of Care Performance'})</span></p><p><b>subject</b>: <a href="Patient-BetsySmith.html">Generated Summary: id: BetsySmith; Betsy Smith ; gender: female; birthDate: 1959-06-14</a></p><p><b>effective</b>: Dec 4, 2019 11:00:00 PM</p><p><b>performer</b>: </p><ul><li><a href="Practitioner-CMS-Practitioner-02.html">Generated Summary: id: CMS-Practitioner-02; active; Steve Davidson ; gender: male</a></li><li><a href="Organization-CMS-Organization-02.html">Organization. Generated Summary: id: CMS-Organization-02; name: Good Health Clinic</a></li></ul><p><b>hasMember</b>: </p><ul><li><a href="Observation-Assessment-3-HHStartOfCarePerf-Observation-3.html">Generated Summary: id: Assessment-3-HHStartOfCarePerf-Observation-3; <span title="Codes: {http://loinc.org 83218-8}">Roll left and right</span>; effective: Dec 4, 2019 11:00:00 PM; <span title="Codes: {http://loinc.org LA28870-6}">Supervision or touching assistance</span></a></li><li><a href="Observation-Assessment-3-HHStartOfCarePerf-Observation-7.html">Generated Summary: id: Assessment-3-HHStartOfCarePerf-Observation-7; <span title="Codes: {http://loinc.org 83216-2}">Sit to lying</span>; effective: Dec 4, 2019 11:00:00 PM; <span title="Codes: {http://loinc.org LA28870-6}">Supervision or touching assistance</span></a></li><li><a href="Observation-Assessment-3-HHStartOfCarePerf-Observation-11.html">Generated Summary: id: Assessment-3-HHStartOfCarePerf-Observation-11; <span title="Codes: {http://loinc.org 83214-7}">Lying to sitting on side of bed</span>; effective: Dec 4, 2019 11:00:00 PM; <span title="Codes: {http://loinc.org LA28870-6}">Supervision or touching assistance</span></a></li><li><a href="Observation-Assessment-3-HHStartOfCarePerf-Observation-15.html">Generated Summary: id: Assessment-3-HHStartOfCarePerf-Observation-15; <span title="Codes: {http://loinc.org 83212-1}">Sit to stand</span>; effective: Dec 4, 2019 11:00:00 PM; <span title="Codes: {http://loinc.org LA28870-6}">Supervision or touching assistance</span></a></li><li><a href="Observation-Assessment-3-HHStartOfCarePerf-Observation-19.html">Generated Summary: id: Assessment-3-HHStartOfCarePerf-Observation-19; <span title="Codes: {http://loinc.org 83210-5}">Chair/bed-to-chair transfer</span>; effective: Dec 4, 2019 11:00:00 PM; <span title="Codes: {http://loinc.org LA27996-0}">Partial/moderate Assist</span></a></li><li><a href="Observation-Assessment-3-HHStartOfCarePerf-Observation-23.html">Generated Summary: id: Assessment-3-HHStartOfCarePerf-Observation-23; <span title="Codes: {http://loinc.org 83208-9}">Toilet transfer</span>; effective: Dec 4, 2019 11:00:00 PM; <span title="Codes: {http://loinc.org LA27996-0}">Partial/moderate Assist</span></a></li><li><a href="Observation-Assessment-3-HHStartOfCarePerf-Observation-27.html">Generated Summary: id: Assessment-3-HHStartOfCarePerf-Observation-27; <span title="Codes: {http://loinc.org 83206-3}">Car transfer</span>; effective: Dec 4, 2019 11:00:00 PM; <span title="Codes: {http://loinc.org LA27996-0}">Partial/moderate Assist</span></a></li><li><a href="Observation-Assessment-3-HHStartOfCarePerf-Observation-31.html">Generated Summary: id: Assessment-3-HHStartOfCarePerf-Observation-31; <span title="Codes: {http://loinc.org 83204-8}">Walk 10 feet</span>; effective: Dec 4, 2019 11:00:00 PM; <span title="Codes: {http://loinc.org LA27996-0}">Partial/moderate Assist</span></a></li><li><a href="Observation-Assessment-3-HHStartOfCarePerf-Observation-35.html">Generated Summary: id: Assessment-3-HHStartOfCarePerf-Observation-35; <span title="Codes: {http://loinc.org 83202-2}">Walk 50 feet with two turns</span>; effective: Dec 4, 2019 11:00:00 PM; <span title="Codes: {http://loinc.org LA27996-0}">Partial/moderate Assist</span></a></li><li><a href="Observation-Assessment-3-HHStartOfCarePerf-Observation-39.html">Generated Summary: id: Assessment-3-HHStartOfCarePerf-Observation-39; <span title="Codes: {http://loinc.org 83200-6}">Walk 150 feet</span>; effective: Dec 4, 2019 11:00:00 PM; <span title="Codes: {http://loinc.org LA11759-0}">Substantial/maximal Assist</span></a></li><li><a href="Observation-Assessment-3-HHStartOfCarePerf-Observation-43.html">Generated Summary: id: Assessment-3-HHStartOfCarePerf-Observation-43; <span title="Codes: {http://loinc.org 83198-2}">Walking 10 feet on uneven surfaces</span>; effective: Dec 4, 2019 11:00:00 PM; <span title="Codes: {http://loinc.org LA27996-0}">Partial/moderate Assist</span></a></li><li><a href="Observation-Assessment-3-HHStartOfCarePerf-Observation-47.html">Generated Summary: id: Assessment-3-HHStartOfCarePerf-Observation-47; <span title="Codes: {http://loinc.org 83196-6}">1 step (curb)</span>; effective: Dec 4, 2019 11:00:00 PM; <span title="Codes: {http://loinc.org LA27996-0}">Partial/moderate Assist</span></a></li><li><a href="Observation-Assessment-3-HHStartOfCarePerf-Observation-51.html">Generated Summary: id: Assessment-3-HHStartOfCarePerf-Observation-51; <span title="Codes: {http://loinc.org 83194-1}">4 steps</span>; effective: Dec 4, 2019 11:00:00 PM; <span title="Codes: {http://loinc.org LA11759-0}">Substantial/maximal Assist</span></a></li><li><a href="Observation-Assessment-3-HHStartOfCarePerf-Observation-55.html">Generated Summary: id: Assessment-3-HHStartOfCarePerf-Observation-55; <span title="Codes: {http://loinc.org 83192-5}">12 steps</span>; effective: Dec 4, 2019 11:00:00 PM; <span title="Codes: {http://loinc.org LA11759-0}">Substantial/maximal Assist</span></a></li><li><a href="Observation-Assessment-3-HHStartOfCarePerf-Observation-59.html">Generated Summary: id: Assessment-3-HHStartOfCarePerf-Observation-59; <span title="Codes: {http://loinc.org 83190-9}">Picking up object</span>; effective: Dec 4, 2019 11:00:00 PM; <span title="Codes: {http://loinc.org LA27996-0}">Partial/moderate Assist</span></a></li><li><a href="Observation-Assessment-3-HHStartOfCarePerf-Observation-63.html">Generated Summary: id: Assessment-3-HHStartOfCarePerf-Observation-63; <span title="Codes: {http://loinc.org 83188-3}">Wheel 50 feet with two turns</span>; effective: Dec 4, 2019 11:00:00 PM; <span title="Codes: {http://loinc.org LA27993-7}">Independent</span></a></li><li><a href="Observation-Assessment-3-HHStartOfCarePerf-Observation-67.html">Generated Summary: id: Assessment-3-HHStartOfCarePerf-Observation-67; <span title="Codes: {http://loinc.org 83235-2}">Wheel 150 feet</span>; effective: Dec 4, 2019 11:00:00 PM; <span title="Codes: {http://loinc.org LA27993-7}">Independent</span></a></li></ul><p><b>derivedFrom</b>: <a href="QuestionnaireResponse-QuestionnaireResponse-3-HHStartOfCarePerf.html">Questionnaire Response. Generated Summary: id: QuestionnaireResponse-3-HHStartOfCarePerf; questionnaire: Q-MDS3-NC-1.17; status: completed; authored: Dec 4, 2019 11:00:00 PM</a></p></div>
  </text>
  <status value="final"/>
  <category>
    <coding>
      <system value="http://terminology.hl7.org/CodeSystem/observation-category"/>
      <code value="survey"/>
    </coding>
  </category>
  <code>
    <coding>
      <system value="http://loinc.org"/>
      <code value="88482-5"/>
      <display value="Home Health Start of Care Performance"/>
    </coding>
  </code>
  <subject>
    <reference value="Patient/BetsySmith"/>
  </subject>
  <effectiveDateTime value="2019-12-04T18:00:00-05:00"/>
  <performer>
    <reference value="Practitioner/CMS-Practitioner-02"/>
  </performer>
  <performer>
    <reference value="Organization/CMS-Organization-02"/>
    <display value="Organization"/>
  </performer>
  <hasMember>
    <reference value="Observation/Assessment-3-HHStartOfCarePerf-Observation-3"/>
  </hasMember>
  <hasMember>
    <reference value="Observation/Assessment-3-HHStartOfCarePerf-Observation-7"/>
  </hasMember>
  <hasMember>
    <reference value="Observation/Assessment-3-HHStartOfCarePerf-Observation-11"/>
  </hasMember>
  <hasMember>
    <reference value="Observation/Assessment-3-HHStartOfCarePerf-Observation-15"/>
  </hasMember>
  <hasMember>
    <reference value="Observation/Assessment-3-HHStartOfCarePerf-Observation-19"/>
  </hasMember>
  <hasMember>
    <reference value="Observation/Assessment-3-HHStartOfCarePerf-Observation-23"/>
  </hasMember>
  <hasMember>
    <reference value="Observation/Assessment-3-HHStartOfCarePerf-Observation-27"/>
  </hasMember>
  <hasMember>
    <reference value="Observation/Assessment-3-HHStartOfCarePerf-Observation-31"/>
  </hasMember>
  <hasMember>
    <reference value="Observation/Assessment-3-HHStartOfCarePerf-Observation-35"/>
  </hasMember>
  <hasMember>
    <reference value="Observation/Assessment-3-HHStartOfCarePerf-Observation-39"/>
  </hasMember>
  <hasMember>
    <reference value="Observation/Assessment-3-HHStartOfCarePerf-Observation-43"/>
  </hasMember>
  <hasMember>
    <reference value="Observation/Assessment-3-HHStartOfCarePerf-Observation-47"/>
  </hasMember>
  <hasMember>
    <reference value="Observation/Assessment-3-HHStartOfCarePerf-Observation-51"/>
  </hasMember>
  <hasMember>
    <reference value="Observation/Assessment-3-HHStartOfCarePerf-Observation-55"/>
  </hasMember>
  <hasMember>
    <reference value="Observation/Assessment-3-HHStartOfCarePerf-Observation-59"/>
  </hasMember>
  <hasMember>
    <reference value="Observation/Assessment-3-HHStartOfCarePerf-Observation-63"/>
  </hasMember>
  <hasMember>
    <reference value="Observation/Assessment-3-HHStartOfCarePerf-Observation-67"/>
  </hasMember>
  <derivedFrom>
    <reference value="QuestionnaireResponse/QuestionnaireResponse-3-HHStartOfCarePerf"/>
    <display value="Questionnaire Response"/>
  </derivedFrom>
</Observation>