<?xml version="1.0" encoding="UTF-8"?>

<Observation xmlns="http://hl7.org/fhir">
  <id value="Assessment-Hosp-DischargeGoal-SelfCare"/>
  <meta>
    <profile value="https://paciowg.github.io/functional-status-ig/StructureDefinition/pacio-bfs"/>
  </meta>
  <text>
    <status value="generated"/><div xmlns="http://www.w3.org/1999/xhtml"><p><b>Generated Narrative</b></p><p><b>id</b>: Assessment-Hosp-DischargeGoal-SelfCare</p><p><b>meta</b>: </p><p></p><p><b>category</b>: <span title="Codes: {http://terminology.hl7.org/CodeSystem/observation-category survey}">Survey</span></p><p><b>code</b>: <span title="Codes: {http://loinc.org 85054-5}">Self-Care - Discharge Goal</span></p><p><b>subject</b>: <a href="Patient-patientBSJ1.html">Generated Summary: id: patientBSJ1; Betsy Smith-Johnson </a></p><p><b>effective</b>: Apr 2, 2020 3:00:00 PM</p><p><b>performer</b>: </p><ul><li><a href="Practitioner-Practitioner-SallySmith.html">Generated Summary: id: Practitioner-SallySmith; active; Sally Smith ; gender: female</a></li><li><a href="PractitionerRole-Role-PT.html">Generated Summary: id: Role-PT; active; <span title="Codes: {http://snomed.info/sct 36682004}">Physiotherapist</span></a></li><li><a href="Organization-Org-01.html">Organization. Generated Summary: id: Org-01; name: San Antonio General Hospital</a></li></ul><p><b>hasMember</b>: </p><ul><li><a href="Observation-Assessment-Hosp-DischargeGoal-SelfCare-Ob-43.html">Generated Summary: id: Assessment-Hosp-DischargeGoal-SelfCare-Ob-43; <span title="Codes: {http://loinc.org 83231-1}">Eating</span>; effective: Apr 2, 2020 3:00:00 PM; <span title="Codes: {http://loinc.org LA10073-7}">Setup or clean-up assistance</span></a></li><li><a href="Observation-Assessment-Hosp-DischargeGoal-SelfCare-Ob-44.html">Generated Summary: id: Assessment-Hosp-DischargeGoal-SelfCare-Ob-44; <span title="Codes: {http://loinc.org 83229-5}">Oral hygiene</span>; effective: Apr 2, 2020 3:00:00 PM; <span title="Codes: {http://loinc.org LA10073-7}">Setup or clean-up assistance</span></a></li><li><a href="Observation-Assessment-Hosp-DischargeGoal-SelfCare-Ob-45.html">Generated Summary: id: Assessment-Hosp-DischargeGoal-SelfCare-Ob-45; <span title="Codes: {http://loinc.org 83227-9}">Toileting hygiene</span>; effective: Apr 2, 2020 3:00:00 PM; <span title="Codes: {http://loinc.org LA27665-1}">Dependent</span></a></li><li><a href="Observation-Assessment-Hosp-DischargeGoal-SelfCare-Ob-46.html">Generated Summary: id: Assessment-Hosp-DischargeGoal-SelfCare-Ob-46; <span title="Codes: {http://loinc.org 83225-3}">Shower/bathe self</span>; effective: Apr 2, 2020 3:00:00 PM; <span title="Codes: {http://loinc.org LA27665-1}">Not Attempted</span></a></li><li><a href="Observation-Assessment-Hosp-DischargeGoal-SelfCare-Ob-47.html">Generated Summary: id: Assessment-Hosp-DischargeGoal-SelfCare-Ob-47; <span title="Codes: {http://loinc.org 83223-8}">Upper body dressing</span>; effective: Apr 2, 2020 3:00:00 PM; <span title="Codes: {http://loinc.org LA27665-1}">Substantial/maximal Assist</span></a></li><li><a href="Observation-Assessment-Hosp-DischargeGoal-SelfCare-Ob-48.html">Generated Summary: id: Assessment-Hosp-DischargeGoal-SelfCare-Ob-48; <span title="Codes: {http://loinc.org 83221-2}">Lower body dressing</span>; effective: Apr 2, 2020 3:00:00 PM; <span title="Codes: {http://loinc.org LA26735-3}">Not Attempted</span></a></li><li><a href="Observation-Assessment-Hosp-DischargeGoal-SelfCare-Ob-49.html">Generated Summary: id: Assessment-Hosp-DischargeGoal-SelfCare-Ob-49; <span title="Codes: {http://loinc.org 83219-6}">Putting on/taking off footwear</span>; effective: Apr 2, 2020 3:00:00 PM; <span title="Codes: {http://loinc.org LA26735-3}">Not Attempted</span></a></li></ul><p><b>derivedFrom</b>: <a href="QuestionnaireResponse-QResponse-Hosp-DischargeGoal-SelfCare.html">Questionnaire Response. Generated Summary: id: QResponse-Hosp-DischargeGoal-SelfCare; questionnaire: https://api.logicahealth.org/PACIO/open/Questionnaire/MDS3.0-NC-1.17; status: completed; authored: Apr 2, 2020 3:00:00 PM</a></p></div>
  </text>
  <extension url="http://hl7.org/fhir/StructureDefinition/event-location">
    <valueReference>
      <reference value="Location/Org-Loc-01"/>
    </valueReference>
  </extension>
  <status value="final"/>
  <category>
    <coding>
      <system value="http://terminology.hl7.org/CodeSystem/observation-category"/>
      <code value="survey"/>
    </coding>
  </category>
  <code>
    <coding>
      <system value="http://loinc.org"/>
      <code value="85054-5"/>
      <display value="Self-Care - Discharge Goal"/>
    </coding>
  </code>
  <subject>
    <reference value="Patient/patientBSJ1"/>
  </subject>
  <effectiveDateTime value="2020-04-02T10:00:00-05:00"/>
  <performer>
    <reference value="Practitioner/Practitioner-SallySmith"/>
  </performer>
  <performer>
    <reference value="PractitionerRole/Role-PT"/>
  </performer>
  <performer>
    <reference value="Organization/Org-01"/>
    <display value="Organization"/>
  </performer>
  <hasMember>
    <reference value="Observation/Assessment-Hosp-DischargeGoal-SelfCare-Ob-43"/>
  </hasMember>
  <hasMember>
    <reference value="Observation/Assessment-Hosp-DischargeGoal-SelfCare-Ob-44"/>
  </hasMember>
  <hasMember>
    <reference value="Observation/Assessment-Hosp-DischargeGoal-SelfCare-Ob-45"/>
  </hasMember>
  <hasMember>
    <reference value="Observation/Assessment-Hosp-DischargeGoal-SelfCare-Ob-46"/>
  </hasMember>
  <hasMember>
    <reference value="Observation/Assessment-Hosp-DischargeGoal-SelfCare-Ob-47"/>
  </hasMember>
  <hasMember>
    <reference value="Observation/Assessment-Hosp-DischargeGoal-SelfCare-Ob-48"/>
  </hasMember>
  <hasMember>
    <reference value="Observation/Assessment-Hosp-DischargeGoal-SelfCare-Ob-49"/>
  </hasMember>
  <derivedFrom>
    <reference value="QuestionnaireResponse/QResponse-Hosp-DischargeGoal-SelfCare"/>
    <display value="Questionnaire Response"/>
  </derivedFrom>
</Observation>