<?xml version="1.0" encoding="UTF-8"?>

<Observation xmlns="http://hl7.org/fhir">
  <id value="BFS-SNF-DischargeGoal-Mobility-1"/>
  <meta>
    <profile value="http://hl7.org/fhir/us/pacio-fs/StructureDefinition/pacio-bfs"/>
  </meta>
  <text>
    <status value="extensions"/><div xmlns="http://www.w3.org/1999/xhtml"><p><b>Generated Narrative</b></p><h3>Ids</h3><table class="grid"><tr><td>-</td></tr><tr><td>*</td></tr></table><h3>Meta</h3><table class="grid"><tr><td>-</td></tr><tr><td>*</td></tr></table><p><b>Event Location</b>: </p><p></p><p><b>category</b>: <span title="Codes: {http://terminology.hl7.org/CodeSystem/observation-category survey}">Survey</span></p><p><b>code</b>: <span title="Codes: {http://loinc.org 85056-0}">Mobility - Discharge Goal</span></p><p><b>subject</b>: <a href="Patient-patientBSJ1.html">Generated Summary: Betsy Smith-Johnson </a></p><p><b>effective</b>: Jul 11, 2020 2:32:00 PM</p><p><b>performer</b>: </p><ul><li><a href="Practitioner-Practitioner-JenCadbury.html">Generated Summary: active; Jen Cadbury ; gender: female</a></li><li><a href="PractitionerRole-Role-PT.html">Generated Summary: active; <span title="Codes: {http://snomed.info/sct 36682004}">Physiotherapist</span></a></li><li><a href="Organization-Org-02.html">Organization. Generated Summary: name: Happy Nursing Facility</a></li></ul><p><b>hasMember</b>: </p><ul><li><a href="Observation-BFS-SNF-DischargeGoal-Mobility-1-Ob-Question-104.html">Generated Summary: <span title="Codes: {http://loinc.org 83217-0}">Roll left and right</span>; effective: Jul 11, 2020 2:32:00 PM; <span title="Codes: {http://loinc.org LA11757-4}">Supervision or touching assistance</span></a></li><li><a href="Observation-BFS-SNF-DischargeGoal-Mobility-1-Ob-Question-106.html">Generated Summary: <span title="Codes: {http://loinc.org 83215-4}">Sit to lying</span>; effective: Jul 11, 2020 2:32:00 PM; <span title="Codes: {http://loinc.org LA10073-7}">Setup or clean-up assistance</span></a></li><li><a href="Observation-BFS-SNF-DischargeGoal-Mobility-1-Ob-Question-108.html">Generated Summary: <span title="Codes: {http://loinc.org 83213-9}">Lying to sitting on side of bed</span>; effective: Jul 11, 2020 2:32:00 PM; <span title="Codes: {http://loinc.org LA10073-7}">Setup or clean-up assistance</span></a></li><li><a href="Observation-BFS-SNF-DischargeGoal-Mobility-1-Ob-Question-110.html">Generated Summary: <span title="Codes: {http://loinc.org 83211-3}">Sit to stand</span>; effective: Jul 11, 2020 2:32:00 PM; <span title="Codes: {http://loinc.org LA11757-4}">Supervision or touching assistance</span></a></li><li><a href="Observation-BFS-SNF-DischargeGoal-Mobility-1-Ob-Question-112.html">Generated Summary: <span title="Codes: {http://loinc.org 83209-7}">Chair/Bed-to-chair transfer</span>; effective: Jul 11, 2020 2:32:00 PM; <span title="Codes: {http://loinc.org LA10055-4}">Partial/moderate Assist</span></a></li><li><a href="Observation-BFS-SNF-DischargeGoal-Mobility-1-Ob-Question-114.html">Generated Summary: <span title="Codes: {http://loinc.org 83207-1}">Toilet transfer</span>; effective: Jul 11, 2020 2:32:00 PM; <span title="Codes: {http://loinc.org LA10055-4}">Partial/moderate Assist</span></a></li><li><a href="Observation-BFS-SNF-DischargeGoal-Mobility-1-Ob-Question-116.html">Generated Summary: <span title="Codes: {http://loinc.org 83205-5}">Car transfer</span>; effective: Jul 11, 2020 2:32:00 PM; <span title="Codes: {http://loinc.org LA10055-4}">Partial/moderate Assist</span></a></li><li><a href="Observation-BFS-SNF-DischargeGoal-Mobility-1-Ob-Question-118.html">Generated Summary: <span title="Codes: {http://loinc.org 83203-0}">Walk 10 feet</span>; effective: Jul 11, 2020 2:32:00 PM; <span title="Codes: {http://loinc.org LA10055-4}">Partial/moderate Assist</span></a></li><li><a href="Observation-BFS-SNF-DischargeGoal-Mobility-1-Ob-Question-120.html">Generated Summary: <span title="Codes: {http://loinc.org 83201-4}">Walk 50 feet with two turns</span>; effective: Jul 11, 2020 2:32:00 PM; <span title="Codes: {http://loinc.org LA10055-4}">Partial/moderate Assist</span></a></li><li><a href="Observation-BFS-SNF-DischargeGoal-Mobility-1-Ob-Question-122.html">Generated Summary: <span title="Codes: {http://loinc.org 83199-0}">Walk 150 feet</span>; effective: Jul 11, 2020 2:32:00 PM; <span title="Codes: {http://loinc.org LA10055-4}">Partial/moderate Assist</span></a></li><li><a href="Observation-BFS-SNF-DischargeGoal-Mobility-1-Ob-Question-124.html">Generated Summary: <span title="Codes: {http://loinc.org 83197-4}">Walking 10 feet on uneven surfaces</span>; effective: Jul 11, 2020 2:32:00 PM; <span title="Codes: {http://loinc.org LA11759-0}">Substantial/maximal Assist</span></a></li><li><a href="Observation-BFS-SNF-DischargeGoal-Mobility-1-Ob-Question-126.html">Generated Summary: <span title="Codes: {http://loinc.org 83195-8}">1 step (curb)</span>; effective: Jul 11, 2020 2:32:00 PM; <span title="Codes: {http://loinc.org LA10055-4}">Partial/moderate Assist</span></a></li><li><a href="Observation-BFS-SNF-DischargeGoal-Mobility-1-Ob-Question-128.html">Generated Summary: <span title="Codes: {http://loinc.org 83193-3}">4 steps</span>; effective: Jul 11, 2020 2:32:00 PM; <span title="Codes: {http://loinc.org LA11759-0}">Substantial/maximal Assist</span></a></li><li><a href="Observation-BFS-SNF-DischargeGoal-Mobility-1-Ob-Question-130.html">Generated Summary: <span title="Codes: {http://loinc.org 83191-7}">12 steps</span>; effective: Jul 11, 2020 2:32:00 PM; <span title="Codes: {http://loinc.org LA11759-0}">Substantial/maximal Assist</span></a></li><li><a href="Observation-BFS-SNF-DischargeGoal-Mobility-1-Ob-Question-132.html">Generated Summary: <span title="Codes: {http://loinc.org 83189-1}">Picking up object</span>; effective: Jul 11, 2020 2:32:00 PM; <span title="Codes: {http://loinc.org LA26735-3}">Not attempted due to medical condition or safety concerns</span></a></li><li><a href="Observation-BFS-SNF-DischargeGoal-Mobility-1-Ob-Question-134.html">Generated Summary: <span title="Codes: {http://loinc.org 83187-5}">Wheel 50 feet with two turns</span>; effective: Jul 11, 2020 2:32:00 PM; <span title="Codes: {http://loinc.org LA9983-3}">Independent</span></a></li><li><a href="Observation-BFS-SNF-DischargeGoal-Mobility-1-Ob-Question-136.html">Generated Summary: <span title="Codes: {http://loinc.org 83236-0}">Wheel 150 feet</span>; effective: Jul 11, 2020 2:32:00 PM; <span title="Codes: {http://loinc.org LA9983-3}">Independent</span></a></li></ul><p><b>derivedFrom</b>: <a href="QuestionnaireResponse-QResponse-SNF-DischargeGoal-Mobility-1.html">Questionnaire Response. Generated Summary: questionnaire: https://api.logicahealth.org/PACIO/open/Questionnaire/MDS3.0-NC-1.17; status: completed; authored: Jul 11, 2020 2:32:00 PM</a></p></div>
  </text>
  <extension url="http://hl7.org/fhir/StructureDefinition/event-location">
    <valueReference>
      <reference value="Location/Org-Loc-02"/>
    </valueReference>
  </extension>
  <status value="final"/>
  <category>
    <coding>
      <system value="http://terminology.hl7.org/CodeSystem/observation-category"/>
      <code value="survey"/>
    </coding>
  </category>
  <code>
    <coding>
      <system value="http://loinc.org"/>
      <code value="85056-0"/>
      <display value="Mobility - Discharge Goal"/>
    </coding>
  </code>
  <subject>
    <reference value="Patient/patientBSJ1"/>
  </subject>
  <effectiveDateTime value="2020-07-11T16:32:00-05:00"/>
  <performer>
    <reference value="Practitioner/Practitioner-JenCadbury"/>
  </performer>
  <performer>
    <reference value="PractitionerRole/Role-PT"/>
  </performer>
  <performer>
    <reference value="Organization/Org-02"/>
    <display value="Organization"/>
  </performer>
  <hasMember>
    <reference value="Observation/BFS-SNF-DischargeGoal-Mobility-1-Ob-Question-104"/>
  </hasMember>
  <hasMember>
    <reference value="Observation/BFS-SNF-DischargeGoal-Mobility-1-Ob-Question-106"/>
  </hasMember>
  <hasMember>
    <reference value="Observation/BFS-SNF-DischargeGoal-Mobility-1-Ob-Question-108"/>
  </hasMember>
  <hasMember>
    <reference value="Observation/BFS-SNF-DischargeGoal-Mobility-1-Ob-Question-110"/>
  </hasMember>
  <hasMember>
    <reference value="Observation/BFS-SNF-DischargeGoal-Mobility-1-Ob-Question-112"/>
  </hasMember>
  <hasMember>
    <reference value="Observation/BFS-SNF-DischargeGoal-Mobility-1-Ob-Question-114"/>
  </hasMember>
  <hasMember>
    <reference value="Observation/BFS-SNF-DischargeGoal-Mobility-1-Ob-Question-116"/>
  </hasMember>
  <hasMember>
    <reference value="Observation/BFS-SNF-DischargeGoal-Mobility-1-Ob-Question-118"/>
  </hasMember>
  <hasMember>
    <reference value="Observation/BFS-SNF-DischargeGoal-Mobility-1-Ob-Question-120"/>
  </hasMember>
  <hasMember>
    <reference value="Observation/BFS-SNF-DischargeGoal-Mobility-1-Ob-Question-122"/>
  </hasMember>
  <hasMember>
    <reference value="Observation/BFS-SNF-DischargeGoal-Mobility-1-Ob-Question-124"/>
  </hasMember>
  <hasMember>
    <reference value="Observation/BFS-SNF-DischargeGoal-Mobility-1-Ob-Question-126"/>
  </hasMember>
  <hasMember>
    <reference value="Observation/BFS-SNF-DischargeGoal-Mobility-1-Ob-Question-128"/>
  </hasMember>
  <hasMember>
    <reference value="Observation/BFS-SNF-DischargeGoal-Mobility-1-Ob-Question-130"/>
  </hasMember>
  <hasMember>
    <reference value="Observation/BFS-SNF-DischargeGoal-Mobility-1-Ob-Question-132"/>
  </hasMember>
  <hasMember>
    <reference value="Observation/BFS-SNF-DischargeGoal-Mobility-1-Ob-Question-134"/>
  </hasMember>
  <hasMember>
    <reference value="Observation/BFS-SNF-DischargeGoal-Mobility-1-Ob-Question-136"/>
  </hasMember>
  <derivedFrom>
    <reference value="QuestionnaireResponse/QResponse-SNF-DischargeGoal-Mobility-1"/>
    <display value="Questionnaire Response"/>
  </derivedFrom>
</Observation>