<?xml version="1.0" encoding="UTF-8"?>

<Observation xmlns="http://hl7.org/fhir">
  <id value="Connectathon-Assessment-FS-SNF-Last3DStay-SelfCare"/>
  <meta>
    <profile value="https://paciowg.github.io/functional-status-ig/StructureDefinition/pacio-bfs"/>
  </meta>
  <text>
    <status value="generated"/><div xmlns="http://www.w3.org/1999/xhtml"><p><b>Generated Narrative</b></p><p><b>id</b>: Connectathon-Assessment-FS-SNF-Last3DStay-SelfCare</p><p><b>meta</b>: </p><p></p><p><b>category</b>: <span title="Codes: {http://terminology.hl7.org/CodeSystem/observation-category survey}">Survey</span></p><p><b>code</b>: <span title="Codes: {http://loinc.org 83254-3}">Self-Care - Discharge Performance</span></p><p><b>subject</b>: <a href="Patient-patientBSJ1.html">Generated Summary: id: patientBSJ1; Betsy Smith-Johnson </a></p><p><b>effective</b>: Apr 23, 2020, 2:00:00 PM</p><p><b>performer</b>: </p><ul><li><a href="Practitioner-Connectathon-Practitioner-DanielGranger.html">Generated Summary: id: Connectathon-Practitioner-DanielGranger; active; Daniel Granger ; gender: male</a></li><li><a href="PractitionerRole-Connectathon-Role-RN.html">Generated Summary: id: Connectathon-Role-RN; active; <span title="Codes: {http://snomed.info/sct 224535009}">Registered Nurse</span></a></li><li><a href="Organization-Connectathon-Org-02.html">Organization. Generated Summary: id: Connectathon-Org-02; name: Happy Nursing Facility</a></li></ul><p><b>hasMember</b>: </p><ul><li><a href="Observation-Connectathon-Assessment-FS-SNF-Last3DStay-SelfCare-Ob-4.html">Generated Summary: id: Connectathon-Assessment-FS-SNF-Last3DStay-SelfCare-Ob-4; <span title="Codes: {http://loinc.org 83232-9}">Eating</span>; effective: Apr 23, 2020, 2:00:00 PM; <span title="Codes: {http://loinc.org LA9983-3}">Independent</span></a></li><li><a href="Observation-Connectathon-Assessment-FS-SNF-Last3DStay-SelfCare-Ob-10.html">Generated Summary: id: Connectathon-Assessment-FS-SNF-Last3DStay-SelfCare-Ob-10; <span title="Codes: {http://loinc.org 83230-3}">Oral hygiene</span>; effective: Apr 23, 2020, 2:00:00 PM; <span title="Codes: {http://loinc.org LA9983-3}">Independent</span></a></li><li><a href="Observation-Connectathon-Assessment-FS-SNF-Last3DStay-SelfCare-Ob-16.html">Generated Summary: id: Connectathon-Assessment-FS-SNF-Last3DStay-SelfCare-Ob-16; <span title="Codes: {http://loinc.org 83228-7}">Toileting hygiene</span>; effective: Apr 23, 2020, 2:00:00 PM; <span title="Codes: {http://loinc.org LA10073-7}">Setup or clean-up assistance</span></a></li><li><a href="Observation-Connectathon-Assessment-FS-SNF-Last3DStay-SelfCare-Ob-22.html">Generated Summary: id: Connectathon-Assessment-FS-SNF-Last3DStay-SelfCare-Ob-22; <span title="Codes: {http://loinc.org 83226-1}">Shower/bathe self</span>; effective: Apr 23, 2020, 2:00:00 PM; <span title="Codes: {http://loinc.org LA10073-7}">Setup or clean-up assistance</span></a></li><li><a href="Observation-Connectathon-Assessment-FS-SNF-Last3DStay-SelfCare-Ob-28.html">Generated Summary: id: Connectathon-Assessment-FS-SNF-Last3DStay-SelfCare-Ob-28; <span title="Codes: {http://loinc.org 83224-6}">Upper body dressing</span>; effective: Apr 23, 2020, 2:00:00 PM; <span title="Codes: {http://loinc.org LA10073-7}">Setup or clean-up assistance</span></a></li><li><a href="Observation-Connectathon-Assessment-FS-SNF-Last3DStay-SelfCare-Ob-34.html">Generated Summary: id: Connectathon-Assessment-FS-SNF-Last3DStay-SelfCare-Ob-34; <span title="Codes: {http://loinc.org 83222-0}">Lower body dressing</span>; effective: Apr 23, 2020, 2:00:00 PM; <span title="Codes: {http://loinc.org LA10055-4}">Partial/moderate assistance</span></a></li><li><a href="Observation-Connectathon-Assessment-FS-SNF-Last3DStay-SelfCare-Ob-40.html">Generated Summary: id: Connectathon-Assessment-FS-SNF-Last3DStay-SelfCare-Ob-40; <span title="Codes: {http://loinc.org 83220-4}">Putting on/taking off footwear</span>; effective: Apr 23, 2020, 2:00:00 PM; <span title="Codes: {http://loinc.org LA10073-7}">Setup or clean-up assistance</span></a></li></ul><p><b>derivedFrom</b>: <a href="QuestionnaireResponse-Connectathon-QuestResponse-FS-SNF-Last3DStay-SelfCare.html">Questionnaire Response. Generated Summary: id: Connectathon-QuestResponse-FS-SNF-Last3DStay-SelfCare; questionnaire: https://api.logicahealth.org/PACIO/open/Questionnaire/MDS3.0-NC-1.17; status: completed; authored: Apr 23, 2020, 2:00:00 PM</a></p></div>
  </text>
  <extension url="http://hl7.org/fhir/StructureDefinition/event-location">
    <valueReference>
      <reference value="Location/Connectathon-Org-Loc-02"/>
    </valueReference>
  </extension>
  <status value="final"/>
  <category>
    <coding>
      <system value="http://terminology.hl7.org/CodeSystem/observation-category"/>
      <code value="survey"/>
    </coding>
  </category>
  <code>
    <coding>
      <system value="http://loinc.org"/>
      <code value="83254-3"/>
      <display value="Self-Care - Discharge Performance"/>
    </coding>
  </code>
  <subject>
    <reference value="Patient/patientBSJ1"/>
  </subject>
  <effectiveDateTime value="2020-04-23T13:00:00-05:00"/>
  <performer>
    <reference value="Practitioner/Connectathon-Practitioner-DanielGranger"/>
  </performer>
  <performer>
    <reference value="PractitionerRole/Connectathon-Role-RN"/>
  </performer>
  <performer>
    <reference value="Organization/Connectathon-Org-02"/>
    <display value="Organization"/>
  </performer>
  <hasMember>
    <reference value="Observation/Connectathon-Assessment-FS-SNF-Last3DStay-SelfCare-Ob-4"/>
  </hasMember>
  <hasMember>
    <reference value="Observation/Connectathon-Assessment-FS-SNF-Last3DStay-SelfCare-Ob-10"/>
  </hasMember>
  <hasMember>
    <reference value="Observation/Connectathon-Assessment-FS-SNF-Last3DStay-SelfCare-Ob-16"/>
  </hasMember>
  <hasMember>
    <reference value="Observation/Connectathon-Assessment-FS-SNF-Last3DStay-SelfCare-Ob-22"/>
  </hasMember>
  <hasMember>
    <reference value="Observation/Connectathon-Assessment-FS-SNF-Last3DStay-SelfCare-Ob-28"/>
  </hasMember>
  <hasMember>
    <reference value="Observation/Connectathon-Assessment-FS-SNF-Last3DStay-SelfCare-Ob-34"/>
  </hasMember>
  <hasMember>
    <reference value="Observation/Connectathon-Assessment-FS-SNF-Last3DStay-SelfCare-Ob-40"/>
  </hasMember>
  <derivedFrom>
    <reference value="QuestionnaireResponse/Connectathon-QuestResponse-FS-SNF-Last3DStay-SelfCare"/>
    <display value="Questionnaire Response"/>
  </derivedFrom>
</Observation>