<?xml version="1.0" encoding="UTF-8"?>

<Observation xmlns="http://hl7.org/fhir">
  <id value="Connectathon-Assessment-FS-5-HHStartOfCarePerf"/>
  <meta>
    <profile value="https://paciowg.github.io/functional-status-ig/StructureDefinition/pacio-bfs"/>
  </meta>
  <text>
    <status value="generated"/><div xmlns="http://www.w3.org/1999/xhtml"><p><b>Generated Narrative with Details</b></p><p><b>id</b>: Connectathon-Assessment-FS-5-HHStartOfCarePerf</p><p><b>meta</b>: </p><p><b>status</b>: final</p><p><b>category</b>: Survey <span style="background: LightGoldenRodYellow">(Details : {http://terminology.hl7.org/CodeSystem/observation-category code 'survey' = 'Survey)</span></p><p><b>code</b>: Mobility - Admission Performance <span style="background: LightGoldenRodYellow">(Details : {LOINC code '88330-6' = 'Mobility - admission performance [CMS Assessment]', given as 'Mobility - Admission Performance'})</span></p><p><b>subject</b>: <a href="Patient-patientBSJ1.html">Generated Summary: id: patientBSJ1; Betsy Smith-Johnson </a></p><p><b>effective</b>: Apr 24, 2020, 3:00:00 PM</p><p><b>performer</b>: </p><ul><li><a href="Practitioner-Connectathon-Practitioner-LunaBaskins.html">Generated Summary: id: Connectathon-Practitioner-LunaBaskins; active; Luna Baskins ; gender: female</a></li><li><a href="PractitionerRole-Connectathon-Role-RN.html">Generated Summary: id: Connectathon-Role-RN; active; <span title="Codes: {http://snomed.info/sct 224535009}">Registered Nurse</span></a></li><li><a href="Organization-Connectathon-Org-03.html">Organization. Generated Summary: id: Connectathon-Org-03; name: Sky Harbor Home Health Services</a></li></ul><p><b>hasMember</b>: </p><ul><li><a href="Observation-Connectathon-Assessment-FS-5-HHStartOfCarePerf-Ob-5.html">Generated Summary: id: Connectathon-Assessment-FS-5-HHStartOfCarePerf-Ob-5; <span title="Codes: {http://loinc.org 83218-8}">Roll left and right</span>; effective: Apr 24, 2020, 3:00:00 PM; <span title="Codes: {http://loinc.org LA28225-3}">Supervision or touching assistance</span></a></li><li><a href="Observation-Connectathon-Assessment-FS-5-HHStartOfCarePerf-Ob-11.html">Generated Summary: id: Connectathon-Assessment-FS-5-HHStartOfCarePerf-Ob-11; <span title="Codes: {http://loinc.org 83216-2}">Sit to lying</span>; effective: Apr 24, 2020, 3:00:00 PM; <span title="Codes: {http://loinc.org LA10073-7}">Setup or clean-up assistance</span></a></li><li><a href="Observation-Connectathon-Assessment-FS-5-HHStartOfCarePerf-Ob-17.html">Generated Summary: id: Connectathon-Assessment-FS-5-HHStartOfCarePerf-Ob-17; <span title="Codes: {http://loinc.org 83214-7}">Lying to sitting on side of bed</span>; effective: Apr 24, 2020, 3:00:00 PM; <span title="Codes: {http://loinc.org LA10073-7}">Setup or clean-up assistance</span></a></li><li><a href="Observation-Connectathon-Assessment-FS-5-HHStartOfCarePerf-Ob-23.html">Generated Summary: id: Connectathon-Assessment-FS-5-HHStartOfCarePerf-Ob-23; <span title="Codes: {http://loinc.org 83212-1}">Sit to stand</span>; effective: Apr 24, 2020, 3:00:00 PM; <span title="Codes: {http://loinc.org LA28225-3}">Supervision or touching assistance</span></a></li><li><a href="Observation-Connectathon-Assessment-FS-5-HHStartOfCarePerf-Ob-29.html">Generated Summary: id: Connectathon-Assessment-FS-5-HHStartOfCarePerf-Ob-29; <span title="Codes: {http://loinc.org 83210-5}">Chair/bed-to-chair transfer</span>; effective: Apr 24, 2020, 3:00:00 PM; <span title="Codes: {http://loinc.org LA10055-4}">Partial/moderate assistance</span></a></li><li><a href="Observation-Connectathon-Assessment-FS-5-HHStartOfCarePerf-Ob-35.html">Generated Summary: id: Connectathon-Assessment-FS-5-HHStartOfCarePerf-Ob-35; <span title="Codes: {http://loinc.org 83208-9}">Toilet transfer</span>; effective: Apr 24, 2020, 3:00:00 PM; <span title="Codes: {http://loinc.org LA10055-4}">Partial/moderate assistance</span></a></li><li><a href="Observation-Connectathon-Assessment-FS-5-HHStartOfCarePerf-Ob-41.html">Generated Summary: id: Connectathon-Assessment-FS-5-HHStartOfCarePerf-Ob-41; <span title="Codes: {http://loinc.org 83206-3}">Car transfer</span>; effective: Apr 24, 2020, 3:00:00 PM; <span title="Codes: {http://loinc.org LA10055-4}">Partial/moderate assistance</span></a></li><li><a href="Observation-Connectathon-Assessment-FS-5-HHStartOfCarePerf-Ob-47.html">Generated Summary: id: Connectathon-Assessment-FS-5-HHStartOfCarePerf-Ob-47; <span title="Codes: {http://loinc.org 83204-8}">Walk 10 feet</span>; effective: Apr 24, 2020, 3:00:00 PM; <span title="Codes: {http://loinc.org LA10055-4}">Partial/moderate assistance</span></a></li><li><a href="Observation-Connectathon-Assessment-FS-5-HHStartOfCarePerf-Ob-53.html">Generated Summary: id: Connectathon-Assessment-FS-5-HHStartOfCarePerf-Ob-53; <span title="Codes: {http://loinc.org 83202-2}">Walk 50 feet with two turns</span>; effective: Apr 24, 2020, 3:00:00 PM; <span title="Codes: {http://loinc.org LA10055-4}">Partial/moderate assistance</span></a></li><li><a href="Observation-Connectathon-Assessment-FS-5-HHStartOfCarePerf-Ob-59.html">Generated Summary: id: Connectathon-Assessment-FS-5-HHStartOfCarePerf-Ob-59; <span title="Codes: {http://loinc.org 83200-6}">Walk 150 feet</span>; effective: Apr 24, 2020, 3:00:00 PM; <span title="Codes: {http://loinc.org LA10055-4}">Partial/moderate assistance</span></a></li><li><a href="Observation-Connectathon-Assessment-FS-5-HHStartOfCarePerf-Ob-65.html">Generated Summary: id: Connectathon-Assessment-FS-5-HHStartOfCarePerf-Ob-65; <span title="Codes: {http://loinc.org 83198-2}">Walking 10 feet on uneven surfaces</span>; effective: Apr 24, 2020, 3:00:00 PM; <span title="Codes: {http://loinc.org LA11759-0}">Substantial/maximal assistance</span></a></li><li><a href="Observation-Connectathon-Assessment-FS-5-HHStartOfCarePerf-Ob-71.html">Generated Summary: id: Connectathon-Assessment-FS-5-HHStartOfCarePerf-Ob-71; <span title="Codes: {http://loinc.org 83196-6}">1 step (curb)</span>; effective: Apr 24, 2020, 3:00:00 PM; <span title="Codes: {http://loinc.org LA10055-4}">Partial/moderate assistance</span></a></li><li><a href="Observation-Connectathon-Assessment-FS-5-HHStartOfCarePerf-Ob-77.html">Generated Summary: id: Connectathon-Assessment-FS-5-HHStartOfCarePerf-Ob-77; <span title="Codes: {http://loinc.org 83194-1}">4 steps</span>; effective: Apr 24, 2020, 3:00:00 PM; <span title="Codes: {http://loinc.org LA11759-0}">Substantial/maximal assistance</span></a></li><li><a href="Observation-Connectathon-Assessment-FS-5-HHStartOfCarePerf-Ob-83.html">Generated Summary: id: Connectathon-Assessment-FS-5-HHStartOfCarePerf-Ob-83; <span title="Codes: {http://loinc.org 83192-5}">12 steps</span>; effective: Apr 24, 2020, 3:00:00 PM; <span title="Codes: {http://loinc.org LA11759-0}">Substantial/maximal assistance</span></a></li><li><a href="Observation-Connectathon-Assessment-FS-5-HHStartOfCarePerf-Ob-89.html">Generated Summary: id: Connectathon-Assessment-FS-5-HHStartOfCarePerf-Ob-89; <span title="Codes: {http://loinc.org 83190-9}">Picking up object</span>; effective: Apr 24, 2020, 3:00:00 PM; <span title="Codes: {http://loinc.org LA26735-3}">Not attempted due to medical condition or safety concerns</span></a></li><li><a href="Observation-Connectathon-Assessment-FS-5-HHStartOfCarePerf-Ob-95.html">Generated Summary: id: Connectathon-Assessment-FS-5-HHStartOfCarePerf-Ob-95; <span title="Codes: {http://loinc.org 83188-3}">Wheel 50 feet with two turns</span>; effective: Apr 24, 2020, 3:00:00 PM; <span title="Codes: {http://loinc.org LA26735-3}">Not attempted due to medical condition or safety concerns</span></a></li><li><a href="Observation-Connectathon-Assessment-FS-5-HHStartOfCarePerf-Ob-101.html">Generated Summary: id: Connectathon-Assessment-FS-5-HHStartOfCarePerf-Ob-101; <span title="Codes: {http://loinc.org 83235-2}">Wheel 150 feet</span>; effective: Apr 24, 2020, 3:00:00 PM; <span title="Codes: {http://loinc.org LA26735-3}">Not attempted due to medical condition or safety concerns</span></a></li></ul><p><b>derivedFrom</b>: <a href="QuestionnaireResponse-Connectathon-QuestResponse-FS-5-HHStartOfCarePerf.html">Questionnaire Response. Generated Summary: id: Connectathon-QuestResponse-FS-5-HHStartOfCarePerf; questionnaire: https://api.logicahealth.org/PACIO/open/Questionnaire/MDS3.0-NC-1.17; status: completed; authored: Apr 24, 2020, 3:00:00 PM</a></p></div>
  </text>
  <extension url="http://hl7.org/fhir/StructureDefinition/event-location">
    <valueReference>
      <reference value="Location/Connectathon-Org-Loc-03"/>
    </valueReference>
  </extension>
  <status value="final"/>
  <category>
    <coding>
      <system value="http://terminology.hl7.org/CodeSystem/observation-category"/>
      <code value="survey"/>
    </coding>
  </category>
  <code>
    <coding>
      <system value="http://loinc.org"/>
      <code value="88330-6"/>
      <display value="Mobility - Admission Performance"/>
    </coding>
  </code>
  <subject>
    <reference value="Patient/patientBSJ1"/>
  </subject>
  <effectiveDateTime value="2020-04-24T14:00:00-05:00"/>
  <performer>
    <reference value="Practitioner/Connectathon-Practitioner-LunaBaskins"/>
  </performer>
  <performer>
    <reference value="PractitionerRole/Connectathon-Role-RN"/>
  </performer>
  <performer>
    <reference value="Organization/Connectathon-Org-03"/>
    <display value="Organization"/>
  </performer>
  <hasMember>
    <reference value="Observation/Connectathon-Assessment-FS-5-HHStartOfCarePerf-Ob-5"/>
  </hasMember>
  <hasMember>
    <reference value="Observation/Connectathon-Assessment-FS-5-HHStartOfCarePerf-Ob-11"/>
  </hasMember>
  <hasMember>
    <reference value="Observation/Connectathon-Assessment-FS-5-HHStartOfCarePerf-Ob-17"/>
  </hasMember>
  <hasMember>
    <reference value="Observation/Connectathon-Assessment-FS-5-HHStartOfCarePerf-Ob-23"/>
  </hasMember>
  <hasMember>
    <reference value="Observation/Connectathon-Assessment-FS-5-HHStartOfCarePerf-Ob-29"/>
  </hasMember>
  <hasMember>
    <reference value="Observation/Connectathon-Assessment-FS-5-HHStartOfCarePerf-Ob-35"/>
  </hasMember>
  <hasMember>
    <reference value="Observation/Connectathon-Assessment-FS-5-HHStartOfCarePerf-Ob-41"/>
  </hasMember>
  <hasMember>
    <reference value="Observation/Connectathon-Assessment-FS-5-HHStartOfCarePerf-Ob-47"/>
  </hasMember>
  <hasMember>
    <reference value="Observation/Connectathon-Assessment-FS-5-HHStartOfCarePerf-Ob-53"/>
  </hasMember>
  <hasMember>
    <reference value="Observation/Connectathon-Assessment-FS-5-HHStartOfCarePerf-Ob-59"/>
  </hasMember>
  <hasMember>
    <reference value="Observation/Connectathon-Assessment-FS-5-HHStartOfCarePerf-Ob-65"/>
  </hasMember>
  <hasMember>
    <reference value="Observation/Connectathon-Assessment-FS-5-HHStartOfCarePerf-Ob-71"/>
  </hasMember>
  <hasMember>
    <reference value="Observation/Connectathon-Assessment-FS-5-HHStartOfCarePerf-Ob-77"/>
  </hasMember>
  <hasMember>
    <reference value="Observation/Connectathon-Assessment-FS-5-HHStartOfCarePerf-Ob-83"/>
  </hasMember>
  <hasMember>
    <reference value="Observation/Connectathon-Assessment-FS-5-HHStartOfCarePerf-Ob-89"/>
  </hasMember>
  <hasMember>
    <reference value="Observation/Connectathon-Assessment-FS-5-HHStartOfCarePerf-Ob-95"/>
  </hasMember>
  <hasMember>
    <reference value="Observation/Connectathon-Assessment-FS-5-HHStartOfCarePerf-Ob-101"/>
  </hasMember>
  <derivedFrom>
    <reference value="QuestionnaireResponse/Connectathon-QuestResponse-FS-5-HHStartOfCarePerf"/>
    <display value="Questionnaire Response"/>
  </derivedFrom>
</Observation>