<?xml version="1.0" encoding="UTF-8"?>

<Observation xmlns="http://hl7.org/fhir">
  <id value="BFS-HH-StartOfCare-Mobility-1-Ob-Question-17"/>
  <meta>
    <profile value="http://hl7.org/fhir/us/functional-status-ig/StructureDefinition/pacio-fs"/>
  </meta>
  <text>
    <status value="extensions"/><div xmlns="http://www.w3.org/1999/xhtml"><p><b>Generated Narrative</b></p><h3>Ids</h3><table class="grid"><tr><td>-</td></tr><tr><td>*</td></tr></table><h3>Meta</h3><table class="grid"><tr><td>-</td></tr><tr><td>*</td></tr></table><p><b>Event Location</b>: </p><p></p><p><b>code</b>: <span title="Codes: {http://loinc.org 83214-7}">Lying to sitting on side of bed</span></p><p><b>subject</b>: <a href="Patient-patientBSJ1.html">Generated Summary: Betsy Smith-Johnson </a></p><p><b>effective</b>: Aug 2, 2020, 2:31:00 PM</p><p><b>performer</b>: </p><ul><li><a href="Practitioner-Practitioner-LunaBaskins.html">Generated Summary: active; Luna Baskins ; gender: female</a></li><li><a href="PractitionerRole-Role-PT.html">Generated Summary: active; <span title="Codes: {http://snomed.info/sct 36682004}">Physiotherapist</span></a></li><li><a href="Organization-Org-03.html">Organization. Generated Summary: name: Sky Harbor Home Health Services</a></li></ul><p><b>value</b>: <span title="Codes: {http://loinc.org LA10073-7}">Setup or clean-up assistance</span></p><p><b>derivedFrom</b>: <a href="QuestionnaireResponse-QResponse-HH-StartOfCare-Mobility-1.html">Generated Summary: questionnaire: https://api.logicahealth.org/PACIO/open/Questionnaire/MDS3.0-NC-1.17; status: completed; authored: Aug 2, 2020, 2:31:00 PM</a></p></div>
  </text>
  <extension url="http://hl7.org/fhir/StructureDefinition/event-location">
    <valueReference>
      <reference value="Location/Org-Loc-03"/>
    </valueReference>
  </extension>
  <status value="final"/>
  <code>
    <coding>
      <system value="http://loinc.org"/>
      <code value="83214-7"/>
      <display value="What was the patient&#39;s usual performance related to their ability to move from lying on the back to sitting on the side of the bed with feet flat on the floor, and with no back support?"/>
    </coding>
    <text value="Lying to sitting on side of bed"/>
  </code>
  <subject>
    <reference value="Patient/patientBSJ1"/>
  </subject>
  <effectiveDateTime value="2020-08-02T13:31:00-05:00"/>
  <performer>
    <reference value="Practitioner/Practitioner-LunaBaskins"/>
  </performer>
  <performer>
    <reference value="PractitionerRole/Role-PT"/>
  </performer>
  <performer>
    <reference value="Organization/Org-03"/>
    <display value="Organization"/>
  </performer>
  <valueCodeableConcept>
    <coding>
      <system value="http://loinc.org"/>
      <code value="LA10073-7"/>
      <display value="Setup or clean-up assistance"/>
    </coding>
    <text value="Setup or clean-up assistance"/>
  </valueCodeableConcept>
  <derivedFrom>
    <reference value="QuestionnaireResponse/QResponse-HH-StartOfCare-Mobility-1"/>
  </derivedFrom>
</Observation>