<?xml version="1.0" encoding="UTF-8"?>

<Practitioner xmlns="http://hl7.org/fhir">
  <id value="Connectathon-Practitioner-HoneyJones"/>
  <text>
    <status value="generated"/><div xmlns="http://www.w3.org/1999/xhtml"><p><b>Generated Narrative</b></p><p><b>id</b>: Connectathon-Practitioner-HoneyJones</p><p><b>active</b>: true</p><p><b>name</b>: Honey Jones </p><p><b>gender</b>: female</p></div>
  </text>
  <active value="true"/>
  <name>
    <family value="Jones"/>
    <given value="Honey"/>
  </name>
  <gender value="female"/>
</Practitioner>