<?xml version="1.0" encoding="UTF-8"?>

<QuestionnaireResponse xmlns="http://hl7.org/fhir">
  <id value="cms-QuestionnaireResponse-01"/>
  <meta>
    <profile value="http://pacioproject.org/StructureDefinition/pacio-qr"/>
  </meta>
  <text>
    <status value="generated"/><div xmlns="http://www.w3.org/1999/xhtml"><p><b>Generated Narrative with Details</b></p><p><b>id</b>: cms-QuestionnaireResponse-01</p><p><b>meta</b>: </p><p><b>questionnaire</b>: <a href="https://api.logicahealth.org/PACIO/open/Questionnaire/MDS3.0-NC-1.17">https://api.logicahealth.org/PACIO/open/Questionnaire/MDS3.0-NC-1.17</a></p><p><b>status</b>: completed</p><p><b>subject</b>: <a href="Betsy Smith">Betsy Smith</a></p><blockquote><p><b>item</b></p><p><b>linkId</b>: Section-37</p><p><b>text</b>: Section GG: Functional Abilities and Goals</p><h3>Items</h3><table class="grid"><tr><td>-</td></tr><tr><td>*</td></tr><tr><td>*</td></tr></table></blockquote></div>
  </text>
  <questionnaire value="https://api.logicahealth.org/PACIO/open/Questionnaire/MDS3.0-NC-1.17"/>
  <status value="completed"/>
  <subject>
    <reference value="Betsy Smith"/>
  </subject>
  <item>
    <linkId value="Section-37"/>
    <text value="Section GG: Functional Abilities and Goals"/>
    <item>
      <linkId value="Section-37/GG0130"/>
      <text value="Self-Care. Code the {patient&#39;s/resident&#39;s} usual performance at {admission} for each activity using the 6-point scale. If activity was not attempted at {admission}, code the reason. Code the {patient&#39;s/resident&#39;s} {discharge} goal(s) using the 6 point scale. Use of codes 07, 09, 10, or 88 is permissible to code {discharge} goal(s)."/>
      <item id="83232-9">
        <linkId value="Section-37/GG0130A1"/>
        <definition value="https://loinc.org/83228-7/"/>
        <text value="Eating: The ability to use suitable utensils to bring food and/or liquid to the mouth and swallow food and/or liquid once the meal is placed before the {patient/resident}. - Admission Performance"/>
        <answer>
          <valueReference>
            <reference value="BetsySmithMDSEatingAdmission01"/>
          </valueReference>
        </answer>
      </item>
      <item id="83230-3">
        <linkId value="Section-37/GG0130B1"/>
        <text value="Oral hygiene: The ability to use suitable items to clean teeth. Dentures (if applicable): The ability to insert and remove dentures into and from the mouth, and manage denture soaking and rinsing with use of equipment. - Admission Performance"/>
        <answer>
          <valueReference>
            <reference value="BetsySmithMDSOralHygieneAdmission01"/>
          </valueReference>
        </answer>
      </item>
      <item id="83228-7">
        <linkId value="Section-37/GG0130C3"/>
        <text value="Toileting hygiene: The ability to maintain perineal hygiene, adjust clothes before and after voiding or having a bowel movement. If managing an ostomy, include wiping the opening but not managing equipment. - Admission Performance"/>
        <answer>
          <valueReference>
            <reference value="BetsySmithMDSToiletingHygieneAdmission01"/>
          </valueReference>
        </answer>
      </item>
    </item>
    <item>
      <linkId value="Section-37/GG0170"/>
      <text value="Mobility. Code the {patient&#39;s/resident&#39;s} usual performance at {admission} for each activity using the 6-point scale. If activity was not attempted at {admission}, code the reason. Code the {patient&#39;s/resident&#39;s} {discharge} goal(s) using the 6-point scale. Use of codes 07, 09, 10, or 88 is permissible to code {discharge} goal(s)."/>
      <item id="83218-8">
        <linkId value="Section-37/GG0170A1"/>
        <definition value="https://loinc.org/83228-7/"/>
        <text value="Roll left and right: The ability to roll from lying on back to left and right side, and return to lying on back on the bed. - Admission Performance"/>
        <answer>
          <valueReference>
            <reference value="BetsySmithMDSSitToLyingAdmission01"/>
          </valueReference>
        </answer>
      </item>
      <item id="83216-2">
        <linkId value="Section-37/GG0170B1"/>
        <definition value="https://loinc.org/83216-2/"/>
        <text value="Sit to lying: The ability to move from sitting on side of bed to lying flat on the bed. - Admission Performance"/>
        <answer>
          <valueReference>
            <reference value="BetsySmithMDSSitToLyingAdmission01"/>
          </valueReference>
        </answer>
      </item>
      <item id="83214-7">
        <linkId value="Section-37/GG0170C1"/>
        <definition value="https://loinc.org/83214-7/"/>
        <text value="Lying to sitting on side of bed: The ability to move from lying on the back to sitting on the side of the bed with feet flat on the floor, and with no back support. - Admission Performance"/>
        <answer>
          <valueReference>
            <reference value="BetsySmithMDSLyingToSittingAdmission01"/>
          </valueReference>
        </answer>
      </item>
      <item id="83212-1">
        <linkId value="Section-37/GG0170D1"/>
        <definition value="https://loinc.org/83212-1/"/>
        <text value="Sit to stand: The ability to come to a standing position from sitting in a chair, wheelchair, or on the side of the bed. - Admission Performance"/>
        <answer>
          <valueReference>
            <reference value="BetsySmithMDSSitToStandAdmission01"/>
          </valueReference>
        </answer>
      </item>
      <item id="83210-5">
        <linkId value="Section-37/GG0170E1"/>
        <definition value="https://loinc.org/83210-5/"/>
        <text value="Chair/bed-to-chair transfer: The ability to transfer to and from a bed to a chair (or wheelchair). - Admission Performance"/>
        <answer>
          <valueReference>
            <reference value="BetsySmithMDSBedToChairAdmission01"/>
          </valueReference>
        </answer>
      </item>
      <item id="83208-9">
        <linkId value="Section-37/GG0170F1"/>
        <definition value="https://loinc.org/83208-9/"/>
        <text value="Toilet transfer: The ability to get on and off a toilet or commode. - Admission Performance"/>
        <answer>
          <valueReference>
            <reference value="BetsySmithMDSToiletTransferAdmission01"/>
          </valueReference>
        </answer>
      </item>
      <item id="83204-8">
        <linkId value="Section-37/GG0170I1"/>
        <definition value="https://loinc.org/83204-8/"/>
        <text value="Walk 10 feet: Once standing, the ability to walk at least 10 feet in a room, corridor, or similar space. - Admission Performance"/>
        <answer>
          <valueReference>
            <reference value="BetsySmithMDSWalk10feetAdmission01"/>
          </valueReference>
        </answer>
      </item>
      <item id="83202-2">
        <linkId value="Section-37/GG0170J1"/>
        <definition value="https://loinc.org/83202-2/"/>
        <text value="Walk 50 feet with two turns: Once standing, the ability to walk at least 50 feet and make two turns. - Admission Performance"/>
        <answer>
          <valueReference>
            <reference value="BetsySmithMDSWalk50feetAdmission01"/>
          </valueReference>
        </answer>
      </item>
      <item id="83200-6">
        <linkId value="Section-37/GG0170K1"/>
        <definition value="https://loinc.org/83200-6/"/>
        <text value="Walk 150 feet: Once standing, the ability to walk at least 150 feet in a corridor or similar space. - Admission Performance"/>
        <answer>
          <valueReference>
            <reference value="BetsySmithMDSWalk150feetAdmission01"/>
          </valueReference>
        </answer>
      </item>
    </item>
  </item>
</QuestionnaireResponse>