<?xml version="1.0" encoding="UTF-8"?>

<QuestionnaireResponse xmlns="http://hl7.org/fhir">
  <id value="QResponse-SNF-DischargeGoal-Mobility-SelfCare-1"/>
  <meta>
    <profile value="http://hl7.org/fhir/us/pacio-fs/StructureDefinition/pacio-functional-qr"/>
  </meta>
  <text>
    <status value="generated"/><div xmlns="http://www.w3.org/1999/xhtml"><p><b>Generated Narrative</b></p><h3>Ids</h3><table class="grid"><tr><td>-</td></tr><tr><td>*</td></tr></table><h3>Meta</h3><table class="grid"><tr><td>-</td></tr><tr><td>*</td></tr></table><p><b>questionnaire</b>: <a href="https://api.logicahealth.org/PACIO/open/Questionnaire/MDS3.0-NC-1.17">https://api.logicahealth.org/PACIO/open/Questionnaire/MDS3.0-NC-1.17</a></p><p><b>status</b>: completed</p><p><b>subject</b>: <a href="Patient-patientBSJ1.html">Generated Summary: Betsy Smith-Johnson </a></p><p><b>authored</b>: Jul 11, 2020 2:32:00 PM</p><blockquote><p><b>item</b></p><h3>Ids</h3><table class="grid"><tr><td>-</td></tr><tr><td>*</td></tr></table><p><b>linkId</b>: Section-37</p><p><b>text</b>: Functional Abilities and Goals - Admission</p><blockquote><p><b>item</b></p><h3>Ids</h3><table class="grid"><tr><td>-</td></tr><tr><td>*</td></tr></table><p><b>linkId</b>: Section-37/GG0130</p><p><b>text</b>: Self-Care - Discharge Goal</p><h3>Items</h3><table class="grid"><tr><td>-</td></tr><tr><td>*</td></tr><tr><td>*</td></tr><tr><td>*</td></tr><tr><td>*</td></tr><tr><td>*</td></tr><tr><td>*</td></tr><tr><td>*</td></tr></table></blockquote></blockquote></div>
  </text>
  <questionnaire value="https://api.logicahealth.org/PACIO/open/Questionnaire/MDS3.0-NC-1.17"/>
  <status value="completed"/>
  <subject>
    <reference value="Patient/patientBSJ1"/>
  </subject>
  <authored value="2020-07-11T16:32:00-05:00"/>
  <item id="88482-5">
    <linkId value="Section-37"/>
    <text value="Functional Abilities and Goals - Admission"/>
    <item id="85054-5">
      <linkId value="Section-37/GG0130"/>
      <text value="Self-Care - Discharge Goal"/>
      <item id="83231-1">
        <linkId value="Section-37/GG0130A2"/>
        <text value="Eating - functional ability during 3D assessment period"/>
        <answer>
          <valueReference>
            <reference value="Observation/BFS-SNF-DischargeGoal-Mobility-SelfCare-1-Ob-Question-36"/>
          </valueReference>
        </answer>
      </item>
      <item id="83229-5">
        <linkId value="Section-37/GG0130B2"/>
        <text value="Oral hygiene - functional ability during 3D assessment period"/>
        <answer>
          <valueReference>
            <reference value="Observation/BFS-SNF-DischargeGoal-Mobility-SelfCare-1-Ob-Question-37"/>
          </valueReference>
        </answer>
      </item>
      <item id="83227-9">
        <linkId value="Section-37/GG0130C2"/>
        <text value="Toileting hygiene - functional ability during 3D assessment period"/>
        <answer>
          <valueReference>
            <reference value="Observation/BFS-SNF-DischargeGoal-Mobility-SelfCare-1-Ob-Question-38"/>
          </valueReference>
        </answer>
      </item>
      <item id="83225-3">
        <linkId value="Section-37/GG0130E2"/>
        <text value="Shower &amp;or bathe self - functional ability during 3D assessment period"/>
        <answer>
          <valueReference>
            <reference value="Observation/BFS-SNF-DischargeGoal-Mobility-SelfCare-1-Ob-Question-39"/>
          </valueReference>
        </answer>
      </item>
      <item id="83223-8">
        <linkId value="Section-37/GG0130F2"/>
        <text value="Upper body dressing - functional ability during 3D assessment period"/>
        <answer>
          <valueReference>
            <reference value="Observation/BFS-SNF-DischargeGoal-Mobility-SelfCare-1-Ob-Question-40"/>
          </valueReference>
        </answer>
      </item>
      <item id="83221-2">
        <linkId value="Section-37/GG0130G2"/>
        <text value="Lower body dressing - functional ability during 3D assessment period"/>
        <answer>
          <valueReference>
            <reference value="Observation/BFS-SNF-DischargeGoal-Mobility-SelfCare-1-Ob-Question-41"/>
          </valueReference>
        </answer>
      </item>
      <item id="83219-6">
        <linkId value="Section-37/GG0130H2"/>
        <text value="Putting on and taking off footwear - functional ability during 3D assessment period"/>
        <answer>
          <valueReference>
            <reference value="Observation/BFS-SNF-DischargeGoal-Mobility-SelfCare-1-Ob-Question-42"/>
          </valueReference>
        </answer>
      </item>
    </item>
  </item>
</QuestionnaireResponse>