<?xml version="1.0" encoding="UTF-8"?>

<QuestionnaireResponse xmlns="http://hl7.org/fhir">
  <id value="QResponse-SNF-Admission-FS-3"/>
  <meta>
    <profile value="https://paciowg.github.io/functional-status-ig/StructureDefinition/pacio-functional-qr"/>
  </meta>
  <text>
    <status value="generated"/><div xmlns="http://www.w3.org/1999/xhtml"><p><b>Generated Narrative</b></p><p><b>id</b>: QResponse-SNF-Admission-FS-3</p><p><b>meta</b>: </p><p><b>questionnaire</b>: <a href="https://api.logicahealth.org/PACIO/open/Questionnaire/MDS3.0-NC-1.17">https://api.logicahealth.org/PACIO/open/Questionnaire/MDS3.0-NC-1.17</a></p><p><b>status</b>: completed</p><p><b>subject</b>: <a href="Patient-patientBSJ1.html">Generated Summary: id: patientBSJ1; Betsy Smith-Johnson </a></p><p><b>authored</b>: Apr 9, 2020 8:00:00 PM</p><blockquote><p><b>item</b></p><p><b>id</b>: 88482-5</p><p><b>linkId</b>: Section-37</p><p><b>text</b>: Functional Abilities and Goals - Admission</p><blockquote><p><b>item</b></p></blockquote></blockquote></div>
  </text>
  <questionnaire value="https://api.logicahealth.org/PACIO/open/Questionnaire/MDS3.0-NC-1.17"/>
  <status value="completed"/>
  <subject>
    <reference value="Patient/patientBSJ1"/>
  </subject>
  <authored value="2020-04-09T15:00:00-05:00"/>
  <item id="88482-5">
    <linkId value="Section-37"/>
    <text value="Functional Abilities and Goals - Admission"/>
    <item id="88330-6">
      <linkId value="Section-37/GG0170"/>
      <text value="Mobility - Admission Performance"/>
      <item id="83218-8">
        <linkId value="Section-37/GG0170A1"/>
        <text value="What was the patient&#39;s usual performance related to their ability to roll from lying on back to left and right side, and return to lying on back on the bed?"/>
        <answer>
          <valueReference>
            <reference value="Observation/Assessment-SNF-Admission-FS-3-Ob-3"/>
          </valueReference>
        </answer>
      </item>
      <item id="83216-2">
        <linkId value="Section-37/GG0170B1"/>
        <text value="What was the patient&#39;s usual performance related to their ability to move from sitting on side of bed to lying flat on the bed?"/>
        <answer>
          <valueReference>
            <reference value="Observation/Assessment-SNF-Admission-FS-3-Ob-9"/>
          </valueReference>
        </answer>
      </item>
      <item id="83214-7">
        <linkId value="Section-37/GG0170C1"/>
        <text value="What was the patient&#39;s usual performance related to their ability to move from lying on the back to sitting on the side of the bed with feet flat on the floor, and with no back support?"/>
        <answer>
          <valueReference>
            <reference value="Observation/Assessment-SNF-Admission-FS-3-Ob-15"/>
          </valueReference>
        </answer>
      </item>
      <item id="83212-1">
        <linkId value="Section-37/GG0170D1"/>
        <text value="What was the patient&#39;s usual performance related to their ability to come to a standing position from sitting in a chair, wheelchair, or on the side of the bed?"/>
        <answer>
          <valueReference>
            <reference value="Observation/Assessment-SNF-Admission-FS-3-Ob-21"/>
          </valueReference>
        </answer>
      </item>
      <item id="83210-5">
        <linkId value="Section-37/GG0170E1"/>
        <text value="What was the patient&#39;s usual performance related to their ability to transfer to and from a bed to a chair (or wheelchair)?"/>
        <answer>
          <valueReference>
            <reference value="Observation/Assessment-SNF-Admission-FS-3-Ob-27"/>
          </valueReference>
        </answer>
      </item>
      <item id="83208-9">
        <linkId value="Section-37/GG0170F1"/>
        <text value="What was the patient&#39;s usual performance related to their ability to get on and off a toilet or commode?"/>
        <answer>
          <valueReference>
            <reference value="Observation/Assessment-SNF-Admission-FS-3-Ob-33"/>
          </valueReference>
        </answer>
      </item>
      <item id="83206-3">
        <linkId value="Section-37/GG0170G1"/>
        <text value="What was the patient&#39;s usual performance related to their ability to transfer in and out of a car or van on the passenger side?  Does not include the ability to open/close door or fasten seat belt."/>
        <answer>
          <valueReference>
            <reference value="Observation/Assessment-SNF-Admission-FS-3-Ob-39"/>
          </valueReference>
        </answer>
      </item>
      <item id="83204-8">
        <linkId value="Section-37/GG0170I1"/>
        <text value="What was the patient&#39;s usual performance related to their ability to once standing, walk at least 10 feet in a room, corridor, or similar space?"/>
        <answer>
          <valueReference>
            <reference value="Observation/Assessment-SNF-Admission-FS-3-Ob-45"/>
          </valueReference>
        </answer>
      </item>
      <item id="83202-2">
        <linkId value="Section-37/GG0170J1"/>
        <text value="What was the patient&#39;s usual performance related to their ability to once standing, walk at least 50 feet and make two turns?"/>
        <answer>
          <valueReference>
            <reference value="Observation/Assessment-SNF-Admission-FS-3-Ob-51"/>
          </valueReference>
        </answer>
      </item>
      <item id="83200-6">
        <linkId value="Section-37/GG0170K1"/>
        <text value="What was the patient&#39;s usual performance related to their ability once standing, to walk at least 150 feet in a corridor or similar space?"/>
        <answer>
          <valueReference>
            <reference value="Observation/Assessment-SNF-Admission-FS-3-Ob-57"/>
          </valueReference>
        </answer>
      </item>
      <item id="83198-2">
        <linkId value="Section-37/GG0170L1"/>
        <text value="What was the patient&#39;s usual performance related to their ability to walk 10 feet on uneven or sloping surfaces (indoor or outdoor), such as turf or gravel?"/>
        <answer>
          <valueReference>
            <reference value="Observation/Assessment-SNF-Admission-FS-3-Ob-63"/>
          </valueReference>
        </answer>
      </item>
      <item id="83196-6">
        <linkId value="Section-37/GG0170M1"/>
        <text value="What was the patient&#39;s usual performance related to their ability to go up and down a curb and/or up and down one step?"/>
        <answer>
          <valueReference>
            <reference value="Observation/Assessment-SNF-Admission-FS-3-Ob-69"/>
          </valueReference>
        </answer>
      </item>
      <item id="83194-1">
        <linkId value="Section-37/GG0170N1"/>
        <text value="What was the patient&#39;s usual performance related to their ability to go up and down four steps with or without a rail?"/>
        <answer>
          <valueReference>
            <reference value="Observation/Assessment-SNF-Admission-FS-3-Ob-75"/>
          </valueReference>
        </answer>
      </item>
      <item id="83192-5">
        <linkId value="Section-37/GG0170O1"/>
        <text value="What was the patient&#39;s usual performance related to their ability to go up and down 12 steps with or without a rail?"/>
        <answer>
          <valueReference>
            <reference value="Observation/Assessment-SNF-Admission-FS-3-Ob-81"/>
          </valueReference>
        </answer>
      </item>
      <item id="83190-9">
        <linkId value="Section-37/GG0170P1"/>
        <text value="What was the patients&#39;s usual performance related to their ability to bend/stoop from a standing position to pick up a small object, such as a spoon, from the floor?"/>
        <answer>
          <valueReference>
            <reference value="Observation/Assessment-SNF-Admission-FS-3-Ob-87"/>
          </valueReference>
        </answer>
      </item>
      <item id="83188-3">
        <linkId value="Section-37/GG0170R1"/>
        <text value="What was the patient&#39;s usual performance related to their ability to once seated in a wheelchair/scooter, wheel at least 50 feet and make two turns?"/>
        <answer>
          <valueReference>
            <reference value="Observation/Assessment-SNF-Admission-FS-3-Ob-93"/>
          </valueReference>
        </answer>
      </item>
      <item id="83235-2">
        <linkId value="Section-37/GG0170S1"/>
        <text value="What was the patient&#39;s usual performance related to their ability to once seated in a wheelchair/scooter, wheel at least 150 feet in a corridor or similar space?"/>
        <answer>
          <valueReference>
            <reference value="Observation/Assessment-SNF-Admission-FS-3-Ob-99"/>
          </valueReference>
        </answer>
      </item>
    </item>
  </item>
</QuestionnaireResponse>