<?xml version="1.0" encoding="UTF-8"?>

<QuestionnaireResponse xmlns="http://hl7.org/fhir">
  <id value="Connectathon-QuestResponse-FS-HHStart-SelfCare"/>
  <meta>
    <profile value="https://paciowg.github.io/functional-status-ig/StructureDefinition/pacio-qr"/>
  </meta>
  <text>
    <status value="generated"/><div xmlns="http://www.w3.org/1999/xhtml"><p><b>Generated Narrative with Details</b></p><p><b>id</b>: Connectathon-QuestResponse-FS-HHStart-SelfCare</p><p><b>meta</b>: </p><p><b>questionnaire</b>: <a href="https://api.logicahealth.org/PACIO/open/Questionnaire/MDS3.0-NC-1.17">https://api.logicahealth.org/PACIO/open/Questionnaire/MDS3.0-NC-1.17</a></p><p><b>status</b>: completed</p><p><b>subject</b>: <a href="Patient-patientBSJ1.html">Generated Summary: id: patientBSJ1; Betsy Smith-Johnson </a></p><p><b>authored</b>: Apr 24, 2020 7:00:00 PM</p><blockquote><p><b>item</b></p><p><b>id</b>: 88482-5</p><p><b>linkId</b>: Section GG</p><p><b>text</b>: Functional Abilities and Goals - Admission</p><h3>Items</h3><table class="grid"><tr><td>-</td></tr><tr><td>*</td></tr></table></blockquote></div>
  </text>
  <questionnaire value="https://api.logicahealth.org/PACIO/open/Questionnaire/MDS3.0-NC-1.17"/>
  <status value="completed"/>
  <subject>
    <reference value="Patient/patientBSJ1"/>
  </subject>
  <authored value="2020-04-24T14:00:00-05:00"/>
  <item id="88482-5">
    <linkId value="Section GG"/>
    <text value="Functional Abilities and Goals - Admission"/>
    <item id="83233-7">
      <linkId value="Section GG/GG0130/1"/>
      <text value="Self-Care - Admission Performance"/>
      <item id="83232-9">
        <linkId value="Section GG/GG0130/1/GG0130A1"/>
        <text value="Eating - functional ability during 3D assessment period"/>
        <answer>
          <valueReference>
            <reference value="Observation/Connectathon-Assessment-FS-HHStart-SelfCare-Ob-5"/>
          </valueReference>
        </answer>
      </item>
      <item id="83230-3">
        <linkId value="Section GG/GG0130/1/GG0130B1"/>
        <text value="Oral hygiene - functional ability during 3D assessment period"/>
        <answer>
          <valueReference>
            <reference value="Observation/Connectathon-Assessment-FS-HHStart-SelfCare-Ob-11"/>
          </valueReference>
        </answer>
      </item>
      <item id="83228-7">
        <linkId value="Section GG/GG0130/1/GG0130C1"/>
        <text value="Toileting hygiene - functional ability during 3D assessment period"/>
        <answer>
          <valueReference>
            <reference value="Observation/Connectathon-Assessment-FS-HHStart-SelfCare-Ob-17"/>
          </valueReference>
        </answer>
      </item>
      <item id="83226-1">
        <linkId value="Section GG/GG0130/1/GG0130E1"/>
        <text value="Shower &amp;or bathe self - functional ability during 3D assessment period"/>
        <answer>
          <valueReference>
            <reference value="Observation/Connectathon-Assessment-FS-HHStart-SelfCare-Ob-23"/>
          </valueReference>
        </answer>
      </item>
      <item id="83224-6">
        <linkId value="Section GG/GG0130/1/GG0130F1"/>
        <text value="Upper body dressing - functional ability during 3D assessment period"/>
        <answer>
          <valueReference>
            <reference value="Observation/Connectathon-Assessment-FS-HHStart-SelfCare-Ob-29"/>
          </valueReference>
        </answer>
      </item>
      <item id="83222-0">
        <linkId value="Section GG/GG0130/1/GG0130G1"/>
        <text value="Lower body dressing - functional ability during 3D assessment period"/>
        <answer>
          <valueReference>
            <reference value="Observation/Connectathon-Assessment-FS-HHStart-SelfCare-Ob-35"/>
          </valueReference>
        </answer>
      </item>
      <item id="83220-4">
        <linkId value="Section GG/GG0130/1/GG0130H1"/>
        <text value="Putting on and taking off footwear - functional ability during 3D assessment period"/>
        <answer>
          <valueReference>
            <reference value="Observation/Connectathon-Assessment-FS-HHStart-SelfCare-Ob-41"/>
          </valueReference>
        </answer>
      </item>
    </item>
  </item>
</QuestionnaireResponse>