<?xml version="1.0" encoding="UTF-8"?>

<QuestionnaireResponse xmlns="http://hl7.org/fhir">
  <id value="QResponse-HH-StartOfCare-Mobility-SelfCare-1"/>
  <meta>
    <profile value="https://paciowg.github.io/functional-status-ig/StructureDefinition/pacio-functional-qr"/>
  </meta>
  <text>
    <status value="generated"/><div xmlns="http://www.w3.org/1999/xhtml"><p><b>Generated Narrative</b></p><h3>Ids</h3><table class="grid"><tr><td>-</td></tr><tr><td>*</td></tr></table><h3>Meta</h3><table class="grid"><tr><td>-</td></tr><tr><td>*</td></tr></table><p><b>questionnaire</b>: <a href="https://api.logicahealth.org/PACIO/open/Questionnaire/MDS3.0-NC-1.17">https://api.logicahealth.org/PACIO/open/Questionnaire/MDS3.0-NC-1.17</a></p><p><b>status</b>: completed</p><p><b>subject</b>: <a href="Patient-patientBSJ1.html">Generated Summary: Betsy Smith-Johnson </a></p><p><b>authored</b>: Aug 2, 2020 6:31:00 PM</p><blockquote><p><b>item</b></p><h3>Ids</h3><table class="grid"><tr><td>-</td></tr><tr><td>*</td></tr></table><p><b>linkId</b>: Section-37</p><p><b>text</b>: Functional Abilities and Goals - SOC/ROC</p><blockquote><p><b>item</b></p><h3>Ids</h3><table class="grid"><tr><td>-</td></tr><tr><td>*</td></tr></table><p><b>linkId</b>: Section-37/GG0130</p><p><b>text</b>: Self-Care - SOC/ROC Performance</p><h3>Items</h3><table class="grid"><tr><td>-</td></tr><tr><td>*</td></tr><tr><td>*</td></tr><tr><td>*</td></tr><tr><td>*</td></tr><tr><td>*</td></tr><tr><td>*</td></tr><tr><td>*</td></tr></table></blockquote></blockquote></div>
  </text>
  <questionnaire value="https://api.logicahealth.org/PACIO/open/Questionnaire/MDS3.0-NC-1.17"/>
  <status value="completed"/>
  <subject>
    <reference value="Patient/patientBSJ1"/>
  </subject>
  <authored value="2020-08-02T13:31:00-05:00"/>
  <item id="89572-2">
    <linkId value="Section-37"/>
    <text value="Functional Abilities and Goals - SOC/ROC"/>
    <item id="89479-0">
      <linkId value="Section-37/GG0130"/>
      <text value="Self-Care - SOC/ROC Performance"/>
      <item id="89410-5">
        <linkId value="Section-37/GG0130A1"/>
        <text value="Eating"/>
        <answer>
          <valueReference>
            <reference value="Observation/BFS-HH-StartOfCare-Mobility-SelfCare-1-Ob-Question-43"/>
          </valueReference>
        </answer>
      </item>
      <item id="89405-5">
        <linkId value="Section-37/GG0130B1"/>
        <text value="Oral Hygiene"/>
        <answer>
          <valueReference>
            <reference value="Observation/BFS-HH-StartOfCare-Mobility-SelfCare-1-Ob-Question-44"/>
          </valueReference>
        </answer>
      </item>
      <item id="57245-3">
        <linkId value="Section-37/GG0130C1"/>
        <text value="Toileting Hygiene"/>
        <answer>
          <valueReference>
            <reference value="Observation/BFS-HH-StartOfCare-Mobility-SelfCare-1-Ob-Question-45"/>
          </valueReference>
        </answer>
      </item>
      <item id="89397-4">
        <linkId value="Section-37/GG0130E1"/>
        <text value="Shower/bathe self"/>
        <answer>
          <valueReference>
            <reference value="Observation/BFS-HH-StartOfCare-Mobility-SelfCare-1-Ob-Question-46"/>
          </valueReference>
        </answer>
      </item>
      <item id="89388-3">
        <linkId value="Section-37/GG0130F1"/>
        <text value="Upper body dressing"/>
        <answer>
          <valueReference>
            <reference value="Observation/BFS-HH-StartOfCare-Mobility-SelfCare-1-Ob-Question-47"/>
          </valueReference>
        </answer>
      </item>
      <item id="89407-1">
        <linkId value="Section-37/GG0130G1"/>
        <text value="Lower body dressing"/>
        <answer>
          <valueReference>
            <reference value="Observation/BFS-HH-StartOfCare-Mobility-SelfCare-1-Ob-Question-48"/>
          </valueReference>
        </answer>
      </item>
      <item id="89401-4">
        <linkId value="Section-37/GG0130H1"/>
        <text value="Puttin on/taking off footwear"/>
        <answer>
          <valueReference>
            <reference value="Observation/BFS-HH-StartOfCare-Mobility-SelfCare-1-Ob-Question-49"/>
          </valueReference>
        </answer>
      </item>
    </item>
  </item>
</QuestionnaireResponse>