<?xml version="1.0" encoding="UTF-8"?><ImplementationGuide xmlns="http://hl7.org/fhir"><id value="pacio"/><text><status value="generated"/><div xmlns="http://www.w3.org/1999/xhtml"><h2>FunctionalStatusImplementationGuide</h2><p>The official URL for this implementation guide is: </p><pre>http://pacioproject.org//ImplementationGuide/pacio</pre><div><p>TO advance interoperable health data exchange between post-acute care (PAC) and other providers, patients, and key stakeholders</p>
</div></div></text><url value="http://pacioproject.org//ImplementationGuide/pacio"/><version value="0.1.0"/><name value="FunctionalStatusImplementationGuide"/><title value="Functional Status Implementation Guide"/><status value="active"/><date value="2020-04-03T10:26:36-04:00"/><publisher value="Sean Mahoney"/><contact><name value="Sean Mahoney"/><telecom><system value="email"/><value value="smahoney@mitre.org"/></telecom></contact><description value="TO advance interoperable health data exchange between post-acute care (PAC) and other providers, patients, and key stakeholders"/><packageId value="pacio"/><license value="CC0-1.0"/><fhirVersion value="4.0.1"/><dependsOn><uri value="http://hl7.org/fhir/us/core/ImplementationGuide/hl7.fhir.us.core"/><packageId value="hl7.fhir.us.core"/><version value="3.1.0"/></dependsOn><definition><extension url="http://hl7.org/fhir/tools/StructureDefinition/ig-parameter"><extension url="code"><valueString value="copyrightyear"/></extension><extension url="value"><valueString value="2020+"/></extension></extension><extension url="http://hl7.org/fhir/tools/StructureDefinition/ig-parameter"><extension url="code"><valueString value="releaselabel"/></extension><extension url="value"><valueString value="CI Build"/></extension></extension><extension url="http://hl7.org/fhir/tools/StructureDefinition/ig-parameter"><extension url="code"><valueString value="show-inherited-invariants"/></extension><extension url="value"><valueString value="false"/></extension></extension><extension url="http://hl7.org/fhir/tools/StructureDefinition/ig-parameter"><extension url="code"><valueString value="path-qa"/></extension><extension url="value"><valueString value="temp/qa"/></extension></extension><extension url="http://hl7.org/fhir/tools/StructureDefinition/ig-parameter"><extension url="code"><valueString value="path-temp"/></extension><extension url="value"><valueString value="temp/pages"/></extension></extension><extension url="http://hl7.org/fhir/tools/StructureDefinition/ig-parameter"><extension url="code"><valueString value="path-output"/></extension><extension url="value"><valueString value="output"/></extension></extension><extension url="http://hl7.org/fhir/tools/StructureDefinition/ig-parameter"><extension url="code"><valueString value="path-suppressed-warnings"/></extension><extension url="value"><valueString value="input/ignoreWarnings.txt"/></extension></extension><extension url="http://hl7.org/fhir/tools/StructureDefinition/ig-parameter"><extension url="code"><valueString value="template-html"/></extension><extension url="value"><valueString value="template-page.html"/></extension></extension><extension url="http://hl7.org/fhir/tools/StructureDefinition/ig-parameter"><extension url="code"><valueString value="template-md"/></extension><extension url="value"><valueString value="template-page-md.html"/></extension></extension><extension url="http://hl7.org/fhir/tools/StructureDefinition/ig-parameter"><extension url="code"><valueString value="apply-contact"/></extension><extension url="value"><valueString value="true"/></extension></extension><extension url="http://hl7.org/fhir/tools/StructureDefinition/ig-parameter"><extension url="code"><valueString value="apply-context"/></extension><extension url="value"><valueString value="true"/></extension></extension><extension url="http://hl7.org/fhir/tools/StructureDefinition/ig-parameter"><extension url="code"><valueString value="apply-copyright"/></extension><extension url="value"><valueString value="true"/></extension></extension><extension url="http://hl7.org/fhir/tools/StructureDefinition/ig-parameter"><extension url="code"><valueString value="apply-jurisdiction"/></extension><extension url="value"><valueString value="true"/></extension></extension><extension url="http://hl7.org/fhir/tools/StructureDefinition/ig-parameter"><extension url="code"><valueString value="apply-license"/></extension><extension url="value"><valueString value="true"/></extension></extension><extension url="http://hl7.org/fhir/tools/StructureDefinition/ig-parameter"><extension url="code"><valueString value="apply-publisher"/></extension><extension url="value"><valueString value="true"/></extension></extension><extension url="http://hl7.org/fhir/tools/StructureDefinition/ig-parameter"><extension url="code"><valueString value="apply-version"/></extension><extension url="value"><valueString value="true"/></extension></extension><extension url="http://hl7.org/fhir/tools/StructureDefinition/ig-parameter"><extension url="code"><valueString value="active-tables"/></extension><extension url="value"><valueString value="true"/></extension></extension><grouping id="_str_profile"><name value="Structures: Resource Profiles"/><description value="These define constraints on FHIR resources that need to be complied with by conformant implementations"/></grouping><grouping id="_ex_example"><name value="Example: Example Instances"/><description value="These are example instances that show what data produced and consumed by systems conforming with this implementation guide might look like"/></grouping><resource><extension url="http://hl7.org/fhir/StructureDefinition/implementationguide-page"><valueUri value="StructureDefinition-pacio-bfs.html"/></extension><reference><reference value="StructureDefinition/pacio-bfs"/></reference><name value="Bundled Functional Status"/><description value="An point in time bundle of functional status observations for a patient."/><exampleBoolean value="false"/><groupingId value="_str_profile"/></resource><resource><extension url="http://hl7.org/fhir/StructureDefinition/implementationguide-page"><valueUri value="StructureDefinition-pacio-fs.html"/></extension><reference><reference value="StructureDefinition/pacio-fs"/></reference><name value="Functional Status"/><description value="An exchange of functional status data for a patient."/><exampleBoolean value="false"/><groupingId value="_str_profile"/></resource><resource><extension url="http://hl7.org/fhir/StructureDefinition/implementationguide-page"><valueUri value="StructureDefinition-pacio-qr.html"/></extension><reference><reference value="StructureDefinition/pacio-qr"/></reference><name value="PACIO Questionaire Response"/><description value="A completed, or sections of a completed, CMS PAC assessment."/><exampleBoolean value="false"/><groupingId value="_str_profile"/></resource><resource><extension url="http://hl7.org/fhir/StructureDefinition/implementationguide-page"><valueUri value="Observation-BetsySmithMDSBedMobilityAdmission01.html"/></extension><reference><reference value="Observation/BetsySmithMDSBedMobilityAdmission01"/></reference><name value="BetsySmithMDSBedMobilityAdmission01"/><exampleCanonical value="http://pacioproject.org//StructureDefinition/pacio-fs"/><groupingId value="_ex_example"/></resource><resource><extension url="http://hl7.org/fhir/StructureDefinition/implementationguide-page"><valueUri value="Observation-BetsySmithMDSBedToChairAdmission01.html"/></extension><reference><reference value="Observation/BetsySmithMDSBedToChairAdmission01"/></reference><name value="BetsySmithMDSBedToChairAdmission01"/><exampleCanonical value="http://pacioproject.org//StructureDefinition/pacio-fs"/><groupingId value="_ex_example"/></resource><resource><extension url="http://hl7.org/fhir/StructureDefinition/implementationguide-page"><valueUri value="Observation-BetsySmithMDSBedToChairDischarge01.html"/></extension><reference><reference value="Observation/BetsySmithMDSBedToChairDischarge01"/></reference><name value="BetsySmithMDSBedToChairDischarge01"/><exampleCanonical value="http://pacioproject.org//StructureDefinition/pacio-fs"/><groupingId value="_ex_example"/></resource><resource><extension url="http://hl7.org/fhir/StructureDefinition/implementationguide-page"><valueUri value="Observation-BetsySmithMDSEatingAdmission01.html"/></extension><reference><reference value="Observation/BetsySmithMDSEatingAdmission01"/></reference><name value="BetsySmithMDSEatingAdmission01"/><exampleCanonical value="http://pacioproject.org//StructureDefinition/pacio-fs"/><groupingId value="_ex_example"/></resource><resource><extension url="http://hl7.org/fhir/StructureDefinition/implementationguide-page"><valueUri value="Observation-BetsySmithMDSEatingDischargeAdmissionPerformance01.html"/></extension><reference><reference value="Observation/BetsySmithMDSEatingDischargeAdmissionPerformance01"/></reference><name value="BetsySmithMDSEatingDischargeAdmissionPerformance01"/><exampleCanonical value="http://pacioproject.org//StructureDefinition/pacio-fs"/><groupingId value="_ex_example"/></resource><resource><extension url="http://hl7.org/fhir/StructureDefinition/implementationguide-page"><valueUri value="Observation-BetsySmithMDSEatingDischargePerformance01.html"/></extension><reference><reference value="Observation/BetsySmithMDSEatingDischargePerformance01"/></reference><name value="BetsySmithMDSEatingDischargePerformance01"/><exampleCanonical value="http://pacioproject.org//StructureDefinition/pacio-fs"/><groupingId value="_ex_example"/></resource><resource><extension url="http://hl7.org/fhir/StructureDefinition/implementationguide-page"><valueUri value="Observation-BetsySmithMDSLyingToSittingAdmission01.html"/></extension><reference><reference value="Observation/BetsySmithMDSLyingToSittingAdmission01"/></reference><name value="BetsySmithMDSLyingToSittingAdmission01"/><exampleCanonical value="http://pacioproject.org//StructureDefinition/pacio-fs"/><groupingId value="_ex_example"/></resource><resource><extension url="http://hl7.org/fhir/StructureDefinition/implementationguide-page"><valueUri value="Observation-BetsySmithMDSLyingToSittingDischarge01.html"/></extension><reference><reference value="Observation/BetsySmithMDSLyingToSittingDischarge01"/></reference><name value="BetsySmithMDSLyingToSittingDischarge01"/><exampleCanonical value="http://pacioproject.org//StructureDefinition/pacio-fs"/><groupingId value="_ex_example"/></resource><resource><extension url="http://hl7.org/fhir/StructureDefinition/implementationguide-page"><valueUri value="Observation-BetsySmithMDSOralHygieneAdmission01.html"/></extension><reference><reference value="Observation/BetsySmithMDSOralHygieneAdmission01"/></reference><name value="BetsySmithMDSOralHygieneAdmission01"/><exampleCanonical value="http://pacioproject.org//StructureDefinition/pacio-fs"/><groupingId value="_ex_example"/></resource><resource><extension url="http://hl7.org/fhir/StructureDefinition/implementationguide-page"><valueUri value="Observation-BetsySmithMDSOralHygieneDischargeAdmissionPerformance01.html"/></extension><reference><reference value="Observation/BetsySmithMDSOralHygieneDischargeAdmissionPerformance01"/></reference><name value="BetsySmithMDSOralHygieneDischargeAdmissionPerformance01"/><exampleCanonical value="http://pacioproject.org//StructureDefinition/pacio-fs"/><groupingId value="_ex_example"/></resource><resource><extension url="http://hl7.org/fhir/StructureDefinition/implementationguide-page"><valueUri value="Observation-BetsySmithMDSOralHygieneDischargePerformance01.html"/></extension><reference><reference value="Observation/BetsySmithMDSOralHygieneDischargePerformance01"/></reference><name value="BetsySmithMDSOralHygieneDischargePerformance01"/><exampleCanonical value="http://pacioproject.org//StructureDefinition/pacio-fs"/><groupingId value="_ex_example"/></resource><resource><extension url="http://hl7.org/fhir/StructureDefinition/implementationguide-page"><valueUri value="Observation-BetsySmithMDSSitToLyingAdmission01.html"/></extension><reference><reference value="Observation/BetsySmithMDSSitToLyingAdmission01"/></reference><name value="BetsySmithMDSSitToLyingAdmission01"/><exampleCanonical value="http://pacioproject.org//StructureDefinition/pacio-fs"/><groupingId value="_ex_example"/></resource><resource><extension url="http://hl7.org/fhir/StructureDefinition/implementationguide-page"><valueUri value="Observation-BetsySmithMDSSitToLyingDischarge01.html"/></extension><reference><reference value="Observation/BetsySmithMDSSitToLyingDischarge01"/></reference><name value="BetsySmithMDSSitToLyingDischarge01"/><exampleCanonical value="http://pacioproject.org//StructureDefinition/pacio-fs"/><groupingId value="_ex_example"/></resource><resource><extension url="http://hl7.org/fhir/StructureDefinition/implementationguide-page"><valueUri value="Observation-BetsySmithMDSSitToStandAdmission01.html"/></extension><reference><reference value="Observation/BetsySmithMDSSitToStandAdmission01"/></reference><name value="BetsySmithMDSSitToStandAdmission01"/><exampleCanonical value="http://pacioproject.org//StructureDefinition/pacio-fs"/><groupingId value="_ex_example"/></resource><resource><extension url="http://hl7.org/fhir/StructureDefinition/implementationguide-page"><valueUri value="Observation-BetsySmithMDSSitToStandDischarge01.html"/></extension><reference><reference value="Observation/BetsySmithMDSSitToStandDischarge01"/></reference><name value="BetsySmithMDSSitToStandDischarge01"/><exampleCanonical value="http://pacioproject.org//StructureDefinition/pacio-fs"/><groupingId value="_ex_example"/></resource><resource><extension url="http://hl7.org/fhir/StructureDefinition/implementationguide-page"><valueUri value="Observation-BetsySmithMDSToiletTransferAdmission01.html"/></extension><reference><reference value="Observation/BetsySmithMDSToiletTransferAdmission01"/></reference><name value="BetsySmithMDSToiletTransferAdmission01"/><exampleCanonical value="http://pacioproject.org//StructureDefinition/pacio-fs"/><groupingId value="_ex_example"/></resource><resource><extension url="http://hl7.org/fhir/StructureDefinition/implementationguide-page"><valueUri value="Observation-BetsySmithMDSToiletTransferDischarge01.html"/></extension><reference><reference value="Observation/BetsySmithMDSToiletTransferDischarge01"/></reference><name value="BetsySmithMDSToiletTransferDischarge01"/><exampleCanonical value="http://pacioproject.org//StructureDefinition/pacio-fs"/><groupingId value="_ex_example"/></resource><resource><extension url="http://hl7.org/fhir/StructureDefinition/implementationguide-page"><valueUri value="Observation-BetsySmithMDSToiletingHygieneAdmission01.html"/></extension><reference><reference value="Observation/BetsySmithMDSToiletingHygieneAdmission01"/></reference><name value="BetsySmithMDSToiletingHygieneAdmission01"/><exampleCanonical value="http://pacioproject.org//StructureDefinition/pacio-fs"/><groupingId value="_ex_example"/></resource><resource><extension url="http://hl7.org/fhir/StructureDefinition/implementationguide-page"><valueUri value="Observation-BetsySmithMDSToiletingHygieneDischargeAdmissionPerformance01.html"/></extension><reference><reference value="Observation/BetsySmithMDSToiletingHygieneDischargeAdmissionPerformance01"/></reference><name value="BetsySmithMDSToiletingHygieneDischargeAdmissionPerformance01"/><exampleCanonical value="http://pacioproject.org//StructureDefinition/pacio-fs"/><groupingId value="_ex_example"/></resource><resource><extension url="http://hl7.org/fhir/StructureDefinition/implementationguide-page"><valueUri value="Observation-BetsySmithMDSToiletingHygieneDischargePerformance01.html"/></extension><reference><reference value="Observation/BetsySmithMDSToiletingHygieneDischargePerformance01"/></reference><name value="BetsySmithMDSToiletingHygieneDischargePerformance01"/><exampleCanonical value="http://pacioproject.org//StructureDefinition/pacio-fs"/><groupingId value="_ex_example"/></resource><resource><extension url="http://hl7.org/fhir/StructureDefinition/implementationguide-page"><valueUri value="Observation-BetsySmithMDSTransferAdmission01.html"/></extension><reference><reference value="Observation/BetsySmithMDSTransferAdmission01"/></reference><name value="BetsySmithMDSTransferAdmission01"/><exampleCanonical value="http://pacioproject.org//StructureDefinition/pacio-fs"/><groupingId value="_ex_example"/></resource><resource><extension url="http://hl7.org/fhir/StructureDefinition/implementationguide-page"><valueUri value="Observation-BetsySmithMDSWalk10feetAdmission01.html"/></extension><reference><reference value="Observation/BetsySmithMDSWalk10feetAdmission01"/></reference><name value="BetsySmithMDSWalk10feetAdmission01"/><exampleCanonical value="http://pacioproject.org//StructureDefinition/pacio-fs"/><groupingId value="_ex_example"/></resource><resource><extension url="http://hl7.org/fhir/StructureDefinition/implementationguide-page"><valueUri value="Observation-BetsySmithMDSWalk10feetDischarge01.html"/></extension><reference><reference value="Observation/BetsySmithMDSWalk10feetDischarge01"/></reference><name value="BetsySmithMDSWalk10feetDischarge01"/><exampleCanonical value="http://pacioproject.org//StructureDefinition/pacio-fs"/><groupingId value="_ex_example"/></resource><resource><extension url="http://hl7.org/fhir/StructureDefinition/implementationguide-page"><valueUri value="Observation-BetsySmithMDSWalk150feetAdmission01.html"/></extension><reference><reference value="Observation/BetsySmithMDSWalk150feetAdmission01"/></reference><name value="BetsySmithMDSWalk150feetAdmission01"/><exampleCanonical value="http://pacioproject.org//StructureDefinition/pacio-fs"/><groupingId value="_ex_example"/></resource><resource><extension url="http://hl7.org/fhir/StructureDefinition/implementationguide-page"><valueUri value="Observation-BetsySmithMDSWalk150feetDischarge01.html"/></extension><reference><reference value="Observation/BetsySmithMDSWalk150feetDischarge01"/></reference><name value="BetsySmithMDSWalk150feetDischarge01"/><exampleCanonical value="http://pacioproject.org//StructureDefinition/pacio-fs"/><groupingId value="_ex_example"/></resource><resource><extension url="http://hl7.org/fhir/StructureDefinition/implementationguide-page"><valueUri value="Observation-BetsySmithMDSWalk50feetAdmission01.html"/></extension><reference><reference value="Observation/BetsySmithMDSWalk50feetAdmission01"/></reference><name value="BetsySmithMDSWalk50feetAdmission01"/><exampleCanonical value="http://pacioproject.org//StructureDefinition/pacio-fs"/><groupingId value="_ex_example"/></resource><resource><extension url="http://hl7.org/fhir/StructureDefinition/implementationguide-page"><valueUri value="Observation-BetsySmithMDSWalk50feetDischarge01.html"/></extension><reference><reference value="Observation/BetsySmithMDSWalk50feetDischarge01"/></reference><name value="BetsySmithMDSWalk50feetDischarge01"/><exampleCanonical value="http://pacioproject.org//StructureDefinition/pacio-fs"/><groupingId value="_ex_example"/></resource><resource><extension url="http://hl7.org/fhir/StructureDefinition/implementationguide-page"><valueUri value="Observation-BetsySmithMDSWalkInRoomAdmission01.html"/></extension><reference><reference value="Observation/BetsySmithMDSWalkInRoomAdmission01"/></reference><name value="BetsySmithMDSWalkInRoomAdmission01"/><exampleCanonical value="http://pacioproject.org//StructureDefinition/pacio-fs"/><groupingId value="_ex_example"/></resource><resource><extension url="http://hl7.org/fhir/StructureDefinition/implementationguide-page"><valueUri value="QuestionnaireResponse-cms-QuestionnaireResponse-01.html"/></extension><reference><reference value="QuestionnaireResponse/cms-QuestionnaireResponse-01"/></reference><name value="cms-QuestionnaireResponse-01"/><exampleCanonical value="http://pacioproject.org//StructureDefinition/pacio-qr"/><groupingId value="_ex_example"/></resource><resource><extension url="http://hl7.org/fhir/StructureDefinition/implementationguide-page"><valueUri value="QuestionnaireResponse-cms-QuestionnaireResponse-02.html"/></extension><reference><reference value="QuestionnaireResponse/cms-QuestionnaireResponse-02"/></reference><name value="cms-QuestionnaireResponse-02"/><exampleCanonical value="http://pacioproject.org//StructureDefinition/pacio-qr"/><groupingId value="_ex_example"/></resource><resource><extension url="http://hl7.org/fhir/StructureDefinition/implementationguide-page"><valueUri value="Observation-cms-bundle-01.html"/></extension><reference><reference value="Observation/cms-bundle-01"/></reference><name value="cms-bundle-01"/><exampleCanonical value="http://pacioproject.org//StructureDefinition/pacio-bfs"/><groupingId value="_ex_example"/></resource><resource><extension url="http://hl7.org/fhir/StructureDefinition/implementationguide-page"><valueUri value="Observation-cms-bundle-02.html"/></extension><reference><reference value="Observation/cms-bundle-02"/></reference><name value="cms-bundle-02"/><exampleCanonical value="http://pacioproject.org//StructureDefinition/pacio-bfs"/><groupingId value="_ex_example"/></resource><resource><extension url="http://hl7.org/fhir/StructureDefinition/implementationguide-page"><valueUri value="Organization-cms-organization-01.html"/></extension><reference><reference value="Organization/cms-organization-01"/></reference><name value="cms-organization-01"/><exampleBoolean value="true"/><groupingId value="_ex_example"/></resource><resource><extension url="http://hl7.org/fhir/StructureDefinition/implementationguide-page"><valueUri value="Patient-cms-patient-01.html"/></extension><reference><reference value="Patient/cms-patient-01"/></reference><name value="cms-patient-01"/><exampleBoolean value="true"/><groupingId value="_ex_example"/></resource><resource><extension url="http://hl7.org/fhir/StructureDefinition/implementationguide-page"><valueUri value="Practitioner-cms-practitioner-01.html"/></extension><reference><reference value="Practitioner/cms-practitioner-01"/></reference><name value="cms-practitioner-01"/><exampleBoolean value="true"/><groupingId value="_ex_example"/></resource><page><nameUrl value="toc.html"/><title value="Table of Contents"/><generation value="html"/><page><nameUrl value="index.html"/><title value="Home"/><generation value="markdown"/></page><page><nameUrl value="artifacts.html"/><title value="Artifacts Summary"/><generation value="html"/><page><nameUrl value="StructureDefinition-pacio-bfs.html"/><title value="Bundled Functional Status"/><generation value="generated"/></page><page><nameUrl value="StructureDefinition-pacio-fs.html"/><title value="Functional Status"/><generation value="generated"/></page><page><nameUrl value="StructureDefinition-pacio-qr.html"/><title value="PACIO Questionaire Response"/><generation value="generated"/></page><page><nameUrl value="Observation-BetsySmithMDSBedMobilityAdmission01.html"/><title value="BetsySmithMDSBedMobilityAdmission01"/><generation value="generated"/></page><page><nameUrl value="Observation-BetsySmithMDSBedToChairAdmission01.html"/><title value="BetsySmithMDSBedToChairAdmission01"/><generation value="generated"/></page><page><nameUrl value="Observation-BetsySmithMDSBedToChairDischarge01.html"/><title value="BetsySmithMDSBedToChairDischarge01"/><generation value="generated"/></page><page><nameUrl value="Observation-BetsySmithMDSEatingAdmission01.html"/><title value="BetsySmithMDSEatingAdmission01"/><generation value="generated"/></page><page><nameUrl value="Observation-BetsySmithMDSEatingDischargeAdmissionPerformance01.html"/><title value="BetsySmithMDSEatingDischargeAdmissionPerformance01"/><generation value="generated"/></page><page><nameUrl value="Observation-BetsySmithMDSEatingDischargePerformance01.html"/><title value="BetsySmithMDSEatingDischargePerformance01"/><generation value="generated"/></page><page><nameUrl value="Observation-BetsySmithMDSLyingToSittingAdmission01.html"/><title value="BetsySmithMDSLyingToSittingAdmission01"/><generation value="generated"/></page><page><nameUrl value="Observation-BetsySmithMDSLyingToSittingDischarge01.html"/><title value="BetsySmithMDSLyingToSittingDischarge01"/><generation value="generated"/></page><page><nameUrl value="Observation-BetsySmithMDSOralHygieneAdmission01.html"/><title value="BetsySmithMDSOralHygieneAdmission01"/><generation value="generated"/></page><page><nameUrl value="Observation-BetsySmithMDSOralHygieneDischargeAdmissionPerformance01.html"/><title value="BetsySmithMDSOralHygieneDischargeAdmissionPerformance01"/><generation value="generated"/></page><page><nameUrl value="Observation-BetsySmithMDSOralHygieneDischargePerformance01.html"/><title value="BetsySmithMDSOralHygieneDischargePerformance01"/><generation value="generated"/></page><page><nameUrl value="Observation-BetsySmithMDSSitToLyingAdmission01.html"/><title value="BetsySmithMDSSitToLyingAdmission01"/><generation value="generated"/></page><page><nameUrl value="Observation-BetsySmithMDSSitToLyingDischarge01.html"/><title value="BetsySmithMDSSitToLyingDischarge01"/><generation value="generated"/></page><page><nameUrl value="Observation-BetsySmithMDSSitToStandAdmission01.html"/><title value="BetsySmithMDSSitToStandAdmission01"/><generation value="generated"/></page><page><nameUrl value="Observation-BetsySmithMDSSitToStandDischarge01.html"/><title value="BetsySmithMDSSitToStandDischarge01"/><generation value="generated"/></page><page><nameUrl value="Observation-BetsySmithMDSToiletTransferAdmission01.html"/><title value="BetsySmithMDSToiletTransferAdmission01"/><generation value="generated"/></page><page><nameUrl value="Observation-BetsySmithMDSToiletTransferDischarge01.html"/><title value="BetsySmithMDSToiletTransferDischarge01"/><generation value="generated"/></page><page><nameUrl value="Observation-BetsySmithMDSToiletingHygieneAdmission01.html"/><title value="BetsySmithMDSToiletingHygieneAdmission01"/><generation value="generated"/></page><page><nameUrl value="Observation-BetsySmithMDSToiletingHygieneDischargeAdmissionPerformance01.html"/><title value="BetsySmithMDSToiletingHygieneDischargeAdmissionPerformance01"/><generation value="generated"/></page><page><nameUrl value="Observation-BetsySmithMDSToiletingHygieneDischargePerformance01.html"/><title value="BetsySmithMDSToiletingHygieneDischargePerformance01"/><generation value="generated"/></page><page><nameUrl value="Observation-BetsySmithMDSTransferAdmission01.html"/><title value="BetsySmithMDSTransferAdmission01"/><generation value="generated"/></page><page><nameUrl value="Observation-BetsySmithMDSWalk10feetAdmission01.html"/><title value="BetsySmithMDSWalk10feetAdmission01"/><generation value="generated"/></page><page><nameUrl value="Observation-BetsySmithMDSWalk10feetDischarge01.html"/><title value="BetsySmithMDSWalk10feetDischarge01"/><generation value="generated"/></page><page><nameUrl value="Observation-BetsySmithMDSWalk150feetAdmission01.html"/><title value="BetsySmithMDSWalk150feetAdmission01"/><generation value="generated"/></page><page><nameUrl value="Observation-BetsySmithMDSWalk150feetDischarge01.html"/><title value="BetsySmithMDSWalk150feetDischarge01"/><generation value="generated"/></page><page><nameUrl value="Observation-BetsySmithMDSWalk50feetAdmission01.html"/><title value="BetsySmithMDSWalk50feetAdmission01"/><generation value="generated"/></page><page><nameUrl value="Observation-BetsySmithMDSWalk50feetDischarge01.html"/><title value="BetsySmithMDSWalk50feetDischarge01"/><generation value="generated"/></page><page><nameUrl value="Observation-BetsySmithMDSWalkInRoomAdmission01.html"/><title value="BetsySmithMDSWalkInRoomAdmission01"/><generation value="generated"/></page><page><nameUrl value="QuestionnaireResponse-cms-QuestionnaireResponse-01.html"/><title value="cms-QuestionnaireResponse-01"/><generation value="generated"/></page><page><nameUrl value="QuestionnaireResponse-cms-QuestionnaireResponse-02.html"/><title value="cms-QuestionnaireResponse-02"/><generation value="generated"/></page><page><nameUrl value="Observation-cms-bundle-01.html"/><title value="cms-bundle-01"/><generation value="generated"/></page><page><nameUrl value="Observation-cms-bundle-02.html"/><title value="cms-bundle-02"/><generation value="generated"/></page><page><nameUrl value="Organization-cms-organization-01.html"/><title value="cms-organization-01"/><generation value="generated"/></page><page><nameUrl value="Patient-cms-patient-01.html"/><title value="cms-patient-01"/><generation value="generated"/></page><page><nameUrl value="Practitioner-cms-practitioner-01.html"/><title value="cms-practitioner-01"/><generation value="generated"/></page></page></page><parameter><code value="path-resource"/><value value="input/capabilities"/></parameter><parameter><code value="path-resource"/><value value="input/examples"/></parameter><parameter><code value="path-resource"/><value value="input/extensions"/></parameter><parameter><code value="path-resource"/><value value="input/models"/></parameter><parameter><code value="path-resource"/><value value="input/operations"/></parameter><parameter><code value="path-resource"/><value value="input/profiles"/></parameter><parameter><code value="path-resource"/><value value="input/resources"/></parameter><parameter><code value="path-resource"/><value value="input/vocabulary"/></parameter><parameter><code value="path-pages"/><value value="template/config"/></parameter><parameter><code value="path-pages"/><value value="input/images"/></parameter><parameter><code value="path-tx-cache"/><value value="input-cache/txcache"/></parameter></definition></ImplementationGuide>