{
  "resourceType": "Condition",
  "id": "BSJ-Assessed-Need1",
  "text": {
    "status": "generated",
    "div": "<div xmlns=\"http://www.w3.org/1999/xhtml\"><p><b>Generated Narrative</b></p><h3>Ids</h3><table class=\"grid\"><tr><td>-</td></tr><tr><td>*</td></tr></table><p><b>clinicalStatus</b>: <span title=\"Codes: {http://terminology.hl7.org/CodeSystem/condition-clinical active}\">Active</span></p><p><b>verificationStatus</b>: <span title=\"Codes: {http://terminology.hl7.org/CodeSystem/condition-ver-status confirmed}\">Confirmed</span></p><p><b>category</b>: <span title=\"Codes: {http://hl7.org/fhir/us/eLTSS/CodeSystem/eltss-condition-category-code assessed-need}\">assessed-need</span></p><p><b>code</b>: <span title=\"Codes: {http://snomed.info/sct 713458007}\">Lack of access to transportation (finding)</span></p><p><b>subject</b>: <a href=\"Patient-patientBSJ1.html\">Generated Summary: Betsy Smith-Johnson </a></p><p><b>onset</b>: Jul 6, 2020, 1:22:00 PM</p><p><b>asserter</b>: <a href=\"eLTSS-plan-monitor\">Plan Manager Sam Monitor</a></p></div>"
  },
  "clinicalStatus": {
    "coding": [
      {
        "system": "http://terminology.hl7.org/CodeSystem/condition-clinical",
        "code": "active"
      }
    ]
  },
  "verificationStatus": {
    "coding": [
      {
        "system": "http://terminology.hl7.org/CodeSystem/condition-ver-status",
        "code": "confirmed"
      }
    ]
  },
  "category": [
    {
      "coding": [
        {
          "system": "http://hl7.org/fhir/us/eLTSS/CodeSystem/eltss-condition-category-code",
          "code": "assessed-need"
        }
      ]
    }
  ],
  "code": {
    "coding": [
      {
        "system": "http://snomed.info/sct",
        "code": "713458007",
        "display": "Needs transportation"
      }
    ],
    "text": "Lack of access to transportation (finding)"
  },
  "subject": {
    "reference": "Patient/patientBSJ1"
  },
  "onsetDateTime": "2020-07-06T12:15:00-05:07",
  "asserter": {
    "reference": "eLTSS-plan-monitor",
    "display": "Plan Manager Sam Monitor"
  }
}