{
  "resourceType": "Device",
  "id": "CMS-Device-3",
  "text": {
    "status": "generated",
    "div": "<div xmlns=\"http://www.w3.org/1999/xhtml\"><p><b>Generated Narrative</b></p><p><b>id</b>: CMS-Device-3</p><h3>DeviceNames</h3><table class=\"grid\"><tr><td>-</td><td><b>Name</b></td><td><b>Type</b></td></tr><tr><td>*</td><td>Rolling walker</td><td>user-friendly-name</td></tr></table><p><b>type</b>: <span title=\"Codes: {http://snomed.info/sct 404946006}\">Wheeled walking frame (physical object)</span></p></div>"
  },
  "deviceName": [
    {
      "name": "Rolling walker",
      "type": "user-friendly-name"
    }
  ],
  "type": {
    "coding": [
      {
        "system": "http://snomed.info/sct",
        "code": "404946006"
      }
    ]
  }
}