{
  "resourceType": "DeviceUseStatement",
  "id": "Assessment-Hospital-Admission-FS-1-UseOfDevice-2",
  "meta": {
    "profile": [
      "https://paciowg.github.io/functional-status-ig/StructureDefinition/pacio-dev"
    ]
  },
  "text": {
    "status": "generated",
    "div": "<div xmlns=\"http://www.w3.org/1999/xhtml\"><p><b>Generated Narrative</b></p><p><b>id</b>: Assessment-Hospital-Admission-FS-1-UseOfDevice-2</p><p><b>meta</b>: </p><p><b>status</b>: active</p><p><b>subject</b>: <a href=\"Patient-patientBSJ1.html\">Generated Summary: id: patientBSJ1; Betsy Smith-Johnson </a></p><p><b>derivedFrom</b>: <a href=\"Observation-Assessment-Hospital-Admission-FS-1.html\">Generated Summary: id: Assessment-Hospital-Admission-FS-1; <span title=\"Codes: {http://terminology.hl7.org/CodeSystem/observation-category survey}\">Survey</span>; <span title=\"Codes: {http://loinc.org 88330-6}\">Mobility - Admission Performance</span>; effective: Apr 2, 2020, 11:00:00 AM</a></p><p><b>recordedOn</b>: Apr 2, 2020, 11:00:00 AM</p><p><b>source</b>: <a href=\"Practitioner-Practitioner-SallySmith.html\">Generated Summary: id: Practitioner-SallySmith; active; Sally Smith ; gender: female</a></p><p><b>device</b>: <a href=\"Device-CMS-Device-8.html\">Generated Summary: id: CMS-Device-8; <span title=\"Codes: {http://snomed.info/sct 86407004}\">Table</span></a></p></div>"
  },
  "status": "active",
  "subject": {
    "reference": "Patient/patientBSJ1"
  },
  "derivedFrom": [
    {
      "reference": "Observation/Assessment-Hospital-Admission-FS-1"
    }
  ],
  "recordedOn": "2020-04-02T10:00:00-05:00",
  "source": {
    "reference": "Practitioner/Practitioner-SallySmith"
  },
  "device": {
    "reference": "Device/CMS-Device-8"
  }
}