{
  "resourceType": "DeviceUseStatement",
  "id": "Assessment-SNF-Discharge-FS-4-UseOfDevice-10",
  "meta": {
    "profile": [
      "https://paciowg.github.io/functional-status-ig/StructureDefinition/pacio-dev"
    ]
  },
  "text": {
    "status": "generated",
    "div": "<div xmlns=\"http://www.w3.org/1999/xhtml\"><p><b>Generated Narrative</b></p><p><b>id</b>: Assessment-SNF-Discharge-FS-4-UseOfDevice-10</p><p><b>meta</b>: </p><p><b>status</b>: active</p><p><b>subject</b>: <a href=\"Patient-patientBSJ1.html\">Generated Summary: id: patientBSJ1; Betsy Smith-Johnson </a></p><p><b>derivedFrom</b>: <a href=\"Assessment-SNF-Discharge-FS-4\">Assessment-SNF-Discharge-FS-4</a></p><p><b>recordedOn</b>: Apr 23, 2020 6:00:00 PM</p><p><b>source</b>: <a href=\"Practitioner-Practitioner-DanielGranger.html\">Generated Summary: id: Practitioner-DanielGranger; active; Daniel Granger ; gender: male</a></p><p><b>device</b>: <a href=\"Device-CMS-Device-6.html\">Generated Summary: id: CMS-Device-6; <span title=\"Codes: {http://snomed.info/sct 360303004}\">Hand rail</span></a></p></div>"
  },
  "status": "active",
  "subject": {
    "reference": "Patient/patientBSJ1"
  },
  "derivedFrom": [
    {
      "reference": "Assessment-SNF-Discharge-FS-4"
    }
  ],
  "recordedOn": "2020-04-23T13:00:00-05:00",
  "source": {
    "reference": "Practitioner/Practitioner-DanielGranger"
  },
  "device": {
    "reference": "Device/CMS-Device-6"
  }
}