{
  "resourceType": "ImplementationGuide",
  "id": "pacio",
  "text": {
    "status": "generated",
    "div": "<div xmlns=\"http://www.w3.org/1999/xhtml\"><h2>FunctionalStatusImplementationGuide</h2><p>The official URL for this implementation guide is: </p><pre>http://pacioproject.org//ImplementationGuide/pacio</pre><div><p>TO advance interoperable health data exchange between post-acute care (PAC) and other providers, patients, and key stakeholders</p>\n</div></div>"
  },
  "url": "http://pacioproject.org//ImplementationGuide/pacio",
  "version": "0.1.0",
  "name": "FunctionalStatusImplementationGuide",
  "title": "Functional Status Implementation Guide",
  "status": "active",
  "date": "2020-04-03T10:26:36-04:00",
  "publisher": "Sean Mahoney",
  "contact": [
    {
      "name": "Sean Mahoney",
      "telecom": [
        {
          "system": "email",
          "value": "smahoney@mitre.org"
        }
      ]
    }
  ],
  "description": "TO advance interoperable health data exchange between post-acute care (PAC) and other providers, patients, and key stakeholders",
  "packageId": "pacio",
  "license": "CC0-1.0",
  "fhirVersion": [
    "4.0.1"
  ],
  "dependsOn": [
    {
      "uri": "http://hl7.org/fhir/us/core/ImplementationGuide/hl7.fhir.us.core",
      "packageId": "hl7.fhir.us.core",
      "version": "3.1.0"
    }
  ],
  "definition": {
    "extension": [
      {
        "extension": [
          {
            "url": "code",
            "valueString": "copyrightyear"
          },
          {
            "url": "value",
            "valueString": "2020+"
          }
        ],
        "url": "http://hl7.org/fhir/tools/StructureDefinition/ig-parameter"
      },
      {
        "extension": [
          {
            "url": "code",
            "valueString": "releaselabel"
          },
          {
            "url": "value",
            "valueString": "CI Build"
          }
        ],
        "url": "http://hl7.org/fhir/tools/StructureDefinition/ig-parameter"
      },
      {
        "extension": [
          {
            "url": "code",
            "valueString": "show-inherited-invariants"
          },
          {
            "url": "value",
            "valueString": "false"
          }
        ],
        "url": "http://hl7.org/fhir/tools/StructureDefinition/ig-parameter"
      },
      {
        "extension": [
          {
            "url": "code",
            "valueString": "path-qa"
          },
          {
            "url": "value",
            "valueString": "temp/qa"
          }
        ],
        "url": "http://hl7.org/fhir/tools/StructureDefinition/ig-parameter"
      },
      {
        "extension": [
          {
            "url": "code",
            "valueString": "path-temp"
          },
          {
            "url": "value",
            "valueString": "temp/pages"
          }
        ],
        "url": "http://hl7.org/fhir/tools/StructureDefinition/ig-parameter"
      },
      {
        "extension": [
          {
            "url": "code",
            "valueString": "path-output"
          },
          {
            "url": "value",
            "valueString": "output"
          }
        ],
        "url": "http://hl7.org/fhir/tools/StructureDefinition/ig-parameter"
      },
      {
        "extension": [
          {
            "url": "code",
            "valueString": "path-suppressed-warnings"
          },
          {
            "url": "value",
            "valueString": "input/ignoreWarnings.txt"
          }
        ],
        "url": "http://hl7.org/fhir/tools/StructureDefinition/ig-parameter"
      },
      {
        "extension": [
          {
            "url": "code",
            "valueString": "template-html"
          },
          {
            "url": "value",
            "valueString": "template-page.html"
          }
        ],
        "url": "http://hl7.org/fhir/tools/StructureDefinition/ig-parameter"
      },
      {
        "extension": [
          {
            "url": "code",
            "valueString": "template-md"
          },
          {
            "url": "value",
            "valueString": "template-page-md.html"
          }
        ],
        "url": "http://hl7.org/fhir/tools/StructureDefinition/ig-parameter"
      },
      {
        "extension": [
          {
            "url": "code",
            "valueString": "apply-contact"
          },
          {
            "url": "value",
            "valueString": "true"
          }
        ],
        "url": "http://hl7.org/fhir/tools/StructureDefinition/ig-parameter"
      },
      {
        "extension": [
          {
            "url": "code",
            "valueString": "apply-context"
          },
          {
            "url": "value",
            "valueString": "true"
          }
        ],
        "url": "http://hl7.org/fhir/tools/StructureDefinition/ig-parameter"
      },
      {
        "extension": [
          {
            "url": "code",
            "valueString": "apply-copyright"
          },
          {
            "url": "value",
            "valueString": "true"
          }
        ],
        "url": "http://hl7.org/fhir/tools/StructureDefinition/ig-parameter"
      },
      {
        "extension": [
          {
            "url": "code",
            "valueString": "apply-jurisdiction"
          },
          {
            "url": "value",
            "valueString": "true"
          }
        ],
        "url": "http://hl7.org/fhir/tools/StructureDefinition/ig-parameter"
      },
      {
        "extension": [
          {
            "url": "code",
            "valueString": "apply-license"
          },
          {
            "url": "value",
            "valueString": "true"
          }
        ],
        "url": "http://hl7.org/fhir/tools/StructureDefinition/ig-parameter"
      },
      {
        "extension": [
          {
            "url": "code",
            "valueString": "apply-publisher"
          },
          {
            "url": "value",
            "valueString": "true"
          }
        ],
        "url": "http://hl7.org/fhir/tools/StructureDefinition/ig-parameter"
      },
      {
        "extension": [
          {
            "url": "code",
            "valueString": "apply-version"
          },
          {
            "url": "value",
            "valueString": "true"
          }
        ],
        "url": "http://hl7.org/fhir/tools/StructureDefinition/ig-parameter"
      },
      {
        "extension": [
          {
            "url": "code",
            "valueString": "active-tables"
          },
          {
            "url": "value",
            "valueString": "true"
          }
        ],
        "url": "http://hl7.org/fhir/tools/StructureDefinition/ig-parameter"
      }
    ],
    "resource": [
      {
        "extension": [
          {
            "url": "http://hl7.org/fhir/tools/StructureDefinition/resource-information",
            "valueString": "StructureDefinition:resource"
          },
          {
            "url": "http://hl7.org/fhir/StructureDefinition/implementationguide-page",
            "valueUri": "StructureDefinition-pacio-bfs.html"
          }
        ],
        "reference": {
          "reference": "StructureDefinition/pacio-bfs"
        },
        "name": "Bundled Functional Status",
        "description": "An point in time bundle of functional status observations for a patient.",
        "exampleBoolean": false
      },
      {
        "extension": [
          {
            "url": "http://hl7.org/fhir/tools/StructureDefinition/resource-information",
            "valueString": "StructureDefinition:resource"
          },
          {
            "url": "http://hl7.org/fhir/StructureDefinition/implementationguide-page",
            "valueUri": "StructureDefinition-pacio-fs.html"
          }
        ],
        "reference": {
          "reference": "StructureDefinition/pacio-fs"
        },
        "name": "Functional Status",
        "description": "An exchange of functional status data for a patient.",
        "exampleBoolean": false
      },
      {
        "extension": [
          {
            "url": "http://hl7.org/fhir/tools/StructureDefinition/resource-information",
            "valueString": "StructureDefinition:resource"
          },
          {
            "url": "http://hl7.org/fhir/StructureDefinition/implementationguide-page",
            "valueUri": "StructureDefinition-pacio-qr.html"
          }
        ],
        "reference": {
          "reference": "StructureDefinition/pacio-qr"
        },
        "name": "PACIO Questionaire Response",
        "description": "A completed, or sections of a completed, CMS PAC assessment.",
        "exampleBoolean": false
      },
      {
        "extension": [
          {
            "url": "http://hl7.org/fhir/tools/StructureDefinition/resource-information",
            "valueString": "Observation"
          },
          {
            "url": "http://hl7.org/fhir/StructureDefinition/implementationguide-page",
            "valueUri": "Observation-BetsySmithMDSBedMobilityAdmission01.html"
          }
        ],
        "reference": {
          "reference": "Observation/BetsySmithMDSBedMobilityAdmission01"
        },
        "name": "BetsySmithMDSBedMobilityAdmission01",
        "exampleCanonical": "http://pacioproject.org//StructureDefinition/pacio-fs"
      },
      {
        "extension": [
          {
            "url": "http://hl7.org/fhir/tools/StructureDefinition/resource-information",
            "valueString": "Observation"
          },
          {
            "url": "http://hl7.org/fhir/StructureDefinition/implementationguide-page",
            "valueUri": "Observation-BetsySmithMDSBedToChairAdmission01.html"
          }
        ],
        "reference": {
          "reference": "Observation/BetsySmithMDSBedToChairAdmission01"
        },
        "name": "BetsySmithMDSBedToChairAdmission01",
        "exampleCanonical": "http://pacioproject.org//StructureDefinition/pacio-fs"
      },
      {
        "extension": [
          {
            "url": "http://hl7.org/fhir/tools/StructureDefinition/resource-information",
            "valueString": "Observation"
          },
          {
            "url": "http://hl7.org/fhir/StructureDefinition/implementationguide-page",
            "valueUri": "Observation-BetsySmithMDSBedToChairDischarge01.html"
          }
        ],
        "reference": {
          "reference": "Observation/BetsySmithMDSBedToChairDischarge01"
        },
        "name": "BetsySmithMDSBedToChairDischarge01",
        "exampleCanonical": "http://pacioproject.org//StructureDefinition/pacio-fs"
      },
      {
        "extension": [
          {
            "url": "http://hl7.org/fhir/tools/StructureDefinition/resource-information",
            "valueString": "Observation"
          },
          {
            "url": "http://hl7.org/fhir/StructureDefinition/implementationguide-page",
            "valueUri": "Observation-BetsySmithMDSEatingAdmission01.html"
          }
        ],
        "reference": {
          "reference": "Observation/BetsySmithMDSEatingAdmission01"
        },
        "name": "BetsySmithMDSEatingAdmission01",
        "exampleCanonical": "http://pacioproject.org//StructureDefinition/pacio-fs"
      },
      {
        "extension": [
          {
            "url": "http://hl7.org/fhir/tools/StructureDefinition/resource-information",
            "valueString": "Observation"
          },
          {
            "url": "http://hl7.org/fhir/StructureDefinition/implementationguide-page",
            "valueUri": "Observation-BetsySmithMDSEatingDischargeAdmissionPerformance01.html"
          }
        ],
        "reference": {
          "reference": "Observation/BetsySmithMDSEatingDischargeAdmissionPerformance01"
        },
        "name": "BetsySmithMDSEatingDischargeAdmissionPerformance01",
        "exampleCanonical": "http://pacioproject.org//StructureDefinition/pacio-fs"
      },
      {
        "extension": [
          {
            "url": "http://hl7.org/fhir/tools/StructureDefinition/resource-information",
            "valueString": "Observation"
          },
          {
            "url": "http://hl7.org/fhir/StructureDefinition/implementationguide-page",
            "valueUri": "Observation-BetsySmithMDSEatingDischargePerformance01.html"
          }
        ],
        "reference": {
          "reference": "Observation/BetsySmithMDSEatingDischargePerformance01"
        },
        "name": "BetsySmithMDSEatingDischargePerformance01",
        "exampleCanonical": "http://pacioproject.org//StructureDefinition/pacio-fs"
      },
      {
        "extension": [
          {
            "url": "http://hl7.org/fhir/tools/StructureDefinition/resource-information",
            "valueString": "Observation"
          },
          {
            "url": "http://hl7.org/fhir/StructureDefinition/implementationguide-page",
            "valueUri": "Observation-BetsySmithMDSLyingToSittingAdmission01.html"
          }
        ],
        "reference": {
          "reference": "Observation/BetsySmithMDSLyingToSittingAdmission01"
        },
        "name": "BetsySmithMDSLyingToSittingAdmission01",
        "exampleCanonical": "http://pacioproject.org//StructureDefinition/pacio-fs"
      },
      {
        "extension": [
          {
            "url": "http://hl7.org/fhir/tools/StructureDefinition/resource-information",
            "valueString": "Observation"
          },
          {
            "url": "http://hl7.org/fhir/StructureDefinition/implementationguide-page",
            "valueUri": "Observation-BetsySmithMDSLyingToSittingDischarge01.html"
          }
        ],
        "reference": {
          "reference": "Observation/BetsySmithMDSLyingToSittingDischarge01"
        },
        "name": "BetsySmithMDSLyingToSittingDischarge01",
        "exampleCanonical": "http://pacioproject.org//StructureDefinition/pacio-fs"
      },
      {
        "extension": [
          {
            "url": "http://hl7.org/fhir/tools/StructureDefinition/resource-information",
            "valueString": "Observation"
          },
          {
            "url": "http://hl7.org/fhir/StructureDefinition/implementationguide-page",
            "valueUri": "Observation-BetsySmithMDSOralHygieneAdmission01.html"
          }
        ],
        "reference": {
          "reference": "Observation/BetsySmithMDSOralHygieneAdmission01"
        },
        "name": "BetsySmithMDSOralHygieneAdmission01",
        "exampleCanonical": "http://pacioproject.org//StructureDefinition/pacio-fs"
      },
      {
        "extension": [
          {
            "url": "http://hl7.org/fhir/tools/StructureDefinition/resource-information",
            "valueString": "Observation"
          },
          {
            "url": "http://hl7.org/fhir/StructureDefinition/implementationguide-page",
            "valueUri": "Observation-BetsySmithMDSOralHygieneDischargeAdmissionPerformance01.html"
          }
        ],
        "reference": {
          "reference": "Observation/BetsySmithMDSOralHygieneDischargeAdmissionPerformance01"
        },
        "name": "BetsySmithMDSOralHygieneDischargeAdmissionPerformance01",
        "exampleCanonical": "http://pacioproject.org//StructureDefinition/pacio-fs"
      },
      {
        "extension": [
          {
            "url": "http://hl7.org/fhir/tools/StructureDefinition/resource-information",
            "valueString": "Observation"
          },
          {
            "url": "http://hl7.org/fhir/StructureDefinition/implementationguide-page",
            "valueUri": "Observation-BetsySmithMDSOralHygieneDischargePerformance01.html"
          }
        ],
        "reference": {
          "reference": "Observation/BetsySmithMDSOralHygieneDischargePerformance01"
        },
        "name": "BetsySmithMDSOralHygieneDischargePerformance01",
        "exampleCanonical": "http://pacioproject.org//StructureDefinition/pacio-fs"
      },
      {
        "extension": [
          {
            "url": "http://hl7.org/fhir/tools/StructureDefinition/resource-information",
            "valueString": "Observation"
          },
          {
            "url": "http://hl7.org/fhir/StructureDefinition/implementationguide-page",
            "valueUri": "Observation-BetsySmithMDSSitToLyingAdmission01.html"
          }
        ],
        "reference": {
          "reference": "Observation/BetsySmithMDSSitToLyingAdmission01"
        },
        "name": "BetsySmithMDSSitToLyingAdmission01",
        "exampleCanonical": "http://pacioproject.org//StructureDefinition/pacio-fs"
      },
      {
        "extension": [
          {
            "url": "http://hl7.org/fhir/tools/StructureDefinition/resource-information",
            "valueString": "Observation"
          },
          {
            "url": "http://hl7.org/fhir/StructureDefinition/implementationguide-page",
            "valueUri": "Observation-BetsySmithMDSSitToLyingDischarge01.html"
          }
        ],
        "reference": {
          "reference": "Observation/BetsySmithMDSSitToLyingDischarge01"
        },
        "name": "BetsySmithMDSSitToLyingDischarge01",
        "exampleCanonical": "http://pacioproject.org//StructureDefinition/pacio-fs"
      },
      {
        "extension": [
          {
            "url": "http://hl7.org/fhir/tools/StructureDefinition/resource-information",
            "valueString": "Observation"
          },
          {
            "url": "http://hl7.org/fhir/StructureDefinition/implementationguide-page",
            "valueUri": "Observation-BetsySmithMDSSitToStandAdmission01.html"
          }
        ],
        "reference": {
          "reference": "Observation/BetsySmithMDSSitToStandAdmission01"
        },
        "name": "BetsySmithMDSSitToStandAdmission01",
        "exampleCanonical": "http://pacioproject.org//StructureDefinition/pacio-fs"
      },
      {
        "extension": [
          {
            "url": "http://hl7.org/fhir/tools/StructureDefinition/resource-information",
            "valueString": "Observation"
          },
          {
            "url": "http://hl7.org/fhir/StructureDefinition/implementationguide-page",
            "valueUri": "Observation-BetsySmithMDSSitToStandDischarge01.html"
          }
        ],
        "reference": {
          "reference": "Observation/BetsySmithMDSSitToStandDischarge01"
        },
        "name": "BetsySmithMDSSitToStandDischarge01",
        "exampleCanonical": "http://pacioproject.org//StructureDefinition/pacio-fs"
      },
      {
        "extension": [
          {
            "url": "http://hl7.org/fhir/tools/StructureDefinition/resource-information",
            "valueString": "Observation"
          },
          {
            "url": "http://hl7.org/fhir/StructureDefinition/implementationguide-page",
            "valueUri": "Observation-BetsySmithMDSToiletTransferAdmission01.html"
          }
        ],
        "reference": {
          "reference": "Observation/BetsySmithMDSToiletTransferAdmission01"
        },
        "name": "BetsySmithMDSToiletTransferAdmission01",
        "exampleCanonical": "http://pacioproject.org//StructureDefinition/pacio-fs"
      },
      {
        "extension": [
          {
            "url": "http://hl7.org/fhir/tools/StructureDefinition/resource-information",
            "valueString": "Observation"
          },
          {
            "url": "http://hl7.org/fhir/StructureDefinition/implementationguide-page",
            "valueUri": "Observation-BetsySmithMDSToiletTransferDischarge01.html"
          }
        ],
        "reference": {
          "reference": "Observation/BetsySmithMDSToiletTransferDischarge01"
        },
        "name": "BetsySmithMDSToiletTransferDischarge01",
        "exampleCanonical": "http://pacioproject.org//StructureDefinition/pacio-fs"
      },
      {
        "extension": [
          {
            "url": "http://hl7.org/fhir/tools/StructureDefinition/resource-information",
            "valueString": "Observation"
          },
          {
            "url": "http://hl7.org/fhir/StructureDefinition/implementationguide-page",
            "valueUri": "Observation-BetsySmithMDSToiletingHygieneAdmission01.html"
          }
        ],
        "reference": {
          "reference": "Observation/BetsySmithMDSToiletingHygieneAdmission01"
        },
        "name": "BetsySmithMDSToiletingHygieneAdmission01",
        "exampleCanonical": "http://pacioproject.org//StructureDefinition/pacio-fs"
      },
      {
        "extension": [
          {
            "url": "http://hl7.org/fhir/tools/StructureDefinition/resource-information",
            "valueString": "Observation"
          },
          {
            "url": "http://hl7.org/fhir/StructureDefinition/implementationguide-page",
            "valueUri": "Observation-BetsySmithMDSToiletingHygieneDischargeAdmissionPerformance01.html"
          }
        ],
        "reference": {
          "reference": "Observation/BetsySmithMDSToiletingHygieneDischargeAdmissionPerformance01"
        },
        "name": "BetsySmithMDSToiletingHygieneDischargeAdmissionPerformance01",
        "exampleCanonical": "http://pacioproject.org//StructureDefinition/pacio-fs"
      },
      {
        "extension": [
          {
            "url": "http://hl7.org/fhir/tools/StructureDefinition/resource-information",
            "valueString": "Observation"
          },
          {
            "url": "http://hl7.org/fhir/StructureDefinition/implementationguide-page",
            "valueUri": "Observation-BetsySmithMDSToiletingHygieneDischargePerformance01.html"
          }
        ],
        "reference": {
          "reference": "Observation/BetsySmithMDSToiletingHygieneDischargePerformance01"
        },
        "name": "BetsySmithMDSToiletingHygieneDischargePerformance01",
        "exampleCanonical": "http://pacioproject.org//StructureDefinition/pacio-fs"
      },
      {
        "extension": [
          {
            "url": "http://hl7.org/fhir/tools/StructureDefinition/resource-information",
            "valueString": "Observation"
          },
          {
            "url": "http://hl7.org/fhir/StructureDefinition/implementationguide-page",
            "valueUri": "Observation-BetsySmithMDSTransferAdmission01.html"
          }
        ],
        "reference": {
          "reference": "Observation/BetsySmithMDSTransferAdmission01"
        },
        "name": "BetsySmithMDSTransferAdmission01",
        "exampleCanonical": "http://pacioproject.org//StructureDefinition/pacio-fs"
      },
      {
        "extension": [
          {
            "url": "http://hl7.org/fhir/tools/StructureDefinition/resource-information",
            "valueString": "Observation"
          },
          {
            "url": "http://hl7.org/fhir/StructureDefinition/implementationguide-page",
            "valueUri": "Observation-BetsySmithMDSWalk10feetAdmission01.html"
          }
        ],
        "reference": {
          "reference": "Observation/BetsySmithMDSWalk10feetAdmission01"
        },
        "name": "BetsySmithMDSWalk10feetAdmission01",
        "exampleCanonical": "http://pacioproject.org//StructureDefinition/pacio-fs"
      },
      {
        "extension": [
          {
            "url": "http://hl7.org/fhir/tools/StructureDefinition/resource-information",
            "valueString": "Observation"
          },
          {
            "url": "http://hl7.org/fhir/StructureDefinition/implementationguide-page",
            "valueUri": "Observation-BetsySmithMDSWalk10feetDischarge01.html"
          }
        ],
        "reference": {
          "reference": "Observation/BetsySmithMDSWalk10feetDischarge01"
        },
        "name": "BetsySmithMDSWalk10feetDischarge01",
        "exampleCanonical": "http://pacioproject.org//StructureDefinition/pacio-fs"
      },
      {
        "extension": [
          {
            "url": "http://hl7.org/fhir/tools/StructureDefinition/resource-information",
            "valueString": "Observation"
          },
          {
            "url": "http://hl7.org/fhir/StructureDefinition/implementationguide-page",
            "valueUri": "Observation-BetsySmithMDSWalk150feetAdmission01.html"
          }
        ],
        "reference": {
          "reference": "Observation/BetsySmithMDSWalk150feetAdmission01"
        },
        "name": "BetsySmithMDSWalk150feetAdmission01",
        "exampleCanonical": "http://pacioproject.org//StructureDefinition/pacio-fs"
      },
      {
        "extension": [
          {
            "url": "http://hl7.org/fhir/tools/StructureDefinition/resource-information",
            "valueString": "Observation"
          },
          {
            "url": "http://hl7.org/fhir/StructureDefinition/implementationguide-page",
            "valueUri": "Observation-BetsySmithMDSWalk150feetDischarge01.html"
          }
        ],
        "reference": {
          "reference": "Observation/BetsySmithMDSWalk150feetDischarge01"
        },
        "name": "BetsySmithMDSWalk150feetDischarge01",
        "exampleCanonical": "http://pacioproject.org//StructureDefinition/pacio-fs"
      },
      {
        "extension": [
          {
            "url": "http://hl7.org/fhir/tools/StructureDefinition/resource-information",
            "valueString": "Observation"
          },
          {
            "url": "http://hl7.org/fhir/StructureDefinition/implementationguide-page",
            "valueUri": "Observation-BetsySmithMDSWalk50feetAdmission01.html"
          }
        ],
        "reference": {
          "reference": "Observation/BetsySmithMDSWalk50feetAdmission01"
        },
        "name": "BetsySmithMDSWalk50feetAdmission01",
        "exampleCanonical": "http://pacioproject.org//StructureDefinition/pacio-fs"
      },
      {
        "extension": [
          {
            "url": "http://hl7.org/fhir/tools/StructureDefinition/resource-information",
            "valueString": "Observation"
          },
          {
            "url": "http://hl7.org/fhir/StructureDefinition/implementationguide-page",
            "valueUri": "Observation-BetsySmithMDSWalk50feetDischarge01.html"
          }
        ],
        "reference": {
          "reference": "Observation/BetsySmithMDSWalk50feetDischarge01"
        },
        "name": "BetsySmithMDSWalk50feetDischarge01",
        "exampleCanonical": "http://pacioproject.org//StructureDefinition/pacio-fs"
      },
      {
        "extension": [
          {
            "url": "http://hl7.org/fhir/tools/StructureDefinition/resource-information",
            "valueString": "Observation"
          },
          {
            "url": "http://hl7.org/fhir/StructureDefinition/implementationguide-page",
            "valueUri": "Observation-BetsySmithMDSWalkInRoomAdmission01.html"
          }
        ],
        "reference": {
          "reference": "Observation/BetsySmithMDSWalkInRoomAdmission01"
        },
        "name": "BetsySmithMDSWalkInRoomAdmission01",
        "exampleCanonical": "http://pacioproject.org//StructureDefinition/pacio-fs"
      },
      {
        "extension": [
          {
            "url": "http://hl7.org/fhir/tools/StructureDefinition/resource-information",
            "valueString": "QuestionnaireResponse"
          },
          {
            "url": "http://hl7.org/fhir/StructureDefinition/implementationguide-page",
            "valueUri": "QuestionnaireResponse-cms-QuestionnaireResponse-01.html"
          }
        ],
        "reference": {
          "reference": "QuestionnaireResponse/cms-QuestionnaireResponse-01"
        },
        "name": "cms-QuestionnaireResponse-01",
        "exampleCanonical": "http://pacioproject.org//StructureDefinition/pacio-qr"
      },
      {
        "extension": [
          {
            "url": "http://hl7.org/fhir/tools/StructureDefinition/resource-information",
            "valueString": "QuestionnaireResponse"
          },
          {
            "url": "http://hl7.org/fhir/StructureDefinition/implementationguide-page",
            "valueUri": "QuestionnaireResponse-cms-QuestionnaireResponse-02.html"
          }
        ],
        "reference": {
          "reference": "QuestionnaireResponse/cms-QuestionnaireResponse-02"
        },
        "name": "cms-QuestionnaireResponse-02",
        "exampleCanonical": "http://pacioproject.org//StructureDefinition/pacio-qr"
      },
      {
        "extension": [
          {
            "url": "http://hl7.org/fhir/tools/StructureDefinition/resource-information",
            "valueString": "Observation"
          },
          {
            "url": "http://hl7.org/fhir/StructureDefinition/implementationguide-page",
            "valueUri": "Observation-cms-bundle-01.html"
          }
        ],
        "reference": {
          "reference": "Observation/cms-bundle-01"
        },
        "name": "cms-bundle-01",
        "exampleCanonical": "http://pacioproject.org//StructureDefinition/pacio-bfs"
      },
      {
        "extension": [
          {
            "url": "http://hl7.org/fhir/tools/StructureDefinition/resource-information",
            "valueString": "Observation"
          },
          {
            "url": "http://hl7.org/fhir/StructureDefinition/implementationguide-page",
            "valueUri": "Observation-cms-bundle-02.html"
          }
        ],
        "reference": {
          "reference": "Observation/cms-bundle-02"
        },
        "name": "cms-bundle-02",
        "exampleCanonical": "http://pacioproject.org//StructureDefinition/pacio-bfs"
      },
      {
        "extension": [
          {
            "url": "http://hl7.org/fhir/tools/StructureDefinition/resource-information",
            "valueString": "Organization"
          },
          {
            "url": "http://hl7.org/fhir/StructureDefinition/implementationguide-page",
            "valueUri": "Organization-cms-organization-01.html"
          }
        ],
        "reference": {
          "reference": "Organization/cms-organization-01"
        },
        "name": "cms-organization-01",
        "exampleBoolean": true
      },
      {
        "extension": [
          {
            "url": "http://hl7.org/fhir/tools/StructureDefinition/resource-information",
            "valueString": "Patient"
          },
          {
            "url": "http://hl7.org/fhir/StructureDefinition/implementationguide-page",
            "valueUri": "Patient-cms-patient-01.html"
          }
        ],
        "reference": {
          "reference": "Patient/cms-patient-01"
        },
        "name": "cms-patient-01",
        "exampleBoolean": true
      },
      {
        "extension": [
          {
            "url": "http://hl7.org/fhir/tools/StructureDefinition/resource-information",
            "valueString": "Practitioner"
          },
          {
            "url": "http://hl7.org/fhir/StructureDefinition/implementationguide-page",
            "valueUri": "Practitioner-cms-practitioner-01.html"
          }
        ],
        "reference": {
          "reference": "Practitioner/cms-practitioner-01"
        },
        "name": "cms-practitioner-01",
        "exampleBoolean": true
      }
    ],
    "page": {
      "nameUrl": "toc.html",
      "title": "Table of Contents",
      "generation": "html",
      "page": [
        {
          "nameUrl": "index.html",
          "title": "Home",
          "generation": "markdown"
        }
      ]
    },
    "parameter": [
      {
        "code": "path-resource",
        "value": "input/capabilities"
      },
      {
        "code": "path-resource",
        "value": "input/examples"
      },
      {
        "code": "path-resource",
        "value": "input/extensions"
      },
      {
        "code": "path-resource",
        "value": "input/models"
      },
      {
        "code": "path-resource",
        "value": "input/operations"
      },
      {
        "code": "path-resource",
        "value": "input/profiles"
      },
      {
        "code": "path-resource",
        "value": "input/resources"
      },
      {
        "code": "path-resource",
        "value": "input/vocabulary"
      },
      {
        "code": "path-pages",
        "value": "template/config"
      },
      {
        "code": "path-pages",
        "value": "input/images"
      },
      {
        "code": "path-tx-cache",
        "value": "input-cache/txcache"
      }
    ]
  }
}