{
  "resourceType": "Observation",
  "id": "Connectathon-Assessment-FS-HospLast3DStay-SelfCare",
  "meta": {
    "profile": [
      "https://paciowg.github.io/functional-status-ig/StructureDefinition/pacio-bfs"
    ]
  },
  "text": {
    "status": "generated",
    "div": "<div xmlns=\"http://www.w3.org/1999/xhtml\"><p><b>Generated Narrative with Details</b></p><p><b>id</b>: Connectathon-Assessment-FS-HospLast3DStay-SelfCare</p><p><b>meta</b>: </p><p><b>status</b>: final</p><p><b>category</b>: Survey <span style=\"background: LightGoldenRodYellow\">(Details : {http://terminology.hl7.org/CodeSystem/observation-category code 'survey' = 'Survey)</span></p><p><b>code</b>: Self-Care - Discharge Performance <span style=\"background: LightGoldenRodYellow\">(Details : {LOINC code '83254-3' = 'Self-care - discharge performance [CMS Assessment]', given as 'Self-Care - Discharge Performance'})</span></p><p><b>subject</b>: <a href=\"Patient-patientBSJ1.html\">Generated Summary: id: patientBSJ1; Betsy Smith-Johnson </a></p><p><b>effective</b>: Apr 9, 2020, 3:00:00 PM</p><p><b>performer</b>: </p><ul><li><a href=\"Practitioner-Connectathon-Practitioner-RonMarble.html\">Generated Summary: id: Connectathon-Practitioner-RonMarble; active; Ron Marble ; gender: male</a></li><li><a href=\"PractitionerRole-Connectathon-Role-PT.html\">Generated Summary: id: Connectathon-Role-PT; active; <span title=\"Codes: {http://snomed.info/sct 36682004}\">Physiotherapist</span></a></li><li><a href=\"Organization-Connectathon-Org-01.html\">Organization. Generated Summary: id: Connectathon-Org-01; name: San Antonio General Hospital</a></li></ul><p><b>hasMember</b>: </p><ul><li><a href=\"Observation-Connectathon-Assessment-FS-HospLast3DStay-SelfCare-Ob-2.html\">Generated Summary: id: Connectathon-Assessment-FS-HospLast3DStay-SelfCare-Ob-2; <span title=\"Codes: {http://loinc.org 83232-9}\">Eating</span>; effective: Apr 9, 2020, 3:00:00 PM; <span title=\"Codes: {http://loinc.org LA10073-7}\">Setup or clean-up assistance</span></a></li><li><a href=\"Observation-Connectathon-Assessment-FS-HospLast3DStay-SelfCare-Ob-8.html\">Generated Summary: id: Connectathon-Assessment-FS-HospLast3DStay-SelfCare-Ob-8; <span title=\"Codes: {http://loinc.org 83230-3}\">Oral hygiene</span>; effective: Apr 9, 2020, 3:00:00 PM; <span title=\"Codes: {http://loinc.org LA10073-7}\">Setup or clean-up assistance</span></a></li><li><a href=\"Observation-Connectathon-Assessment-FS-HospLast3DStay-SelfCare-Ob-14.html\">Generated Summary: id: Connectathon-Assessment-FS-HospLast3DStay-SelfCare-Ob-14; <span title=\"Codes: {http://loinc.org 83228-7}\">Toileting hygiene</span>; effective: Apr 9, 2020, 3:00:00 PM; <span title=\"Codes: {http://loinc.org LA10055-4}\">Substantial/maximal assistanc</span></a></li><li><a href=\"Observation-Connectathon-Assessment-FS-HospLast3DStay-SelfCare-Ob-20.html\">Generated Summary: id: Connectathon-Assessment-FS-HospLast3DStay-SelfCare-Ob-20; <span title=\"Codes: {http://loinc.org 83226-1}\">Shower/bathe self</span>; effective: Apr 9, 2020, 3:00:00 PM; <span title=\"Codes: {http://loinc.org LA26735-3}\">Not Attempted</span></a></li><li><a href=\"Observation-Connectathon-Assessment-FS-HospLast3DStay-SelfCare-Ob-26.html\">Generated Summary: id: Connectathon-Assessment-FS-HospLast3DStay-SelfCare-Ob-26; <span title=\"Codes: {http://loinc.org 83224-6}\">Upper body dressing</span>; effective: Apr 9, 2020, 3:00:00 PM; <span title=\"Codes: {http://loinc.org LA10055-4}\">Substantial/maximal assistanc</span></a></li><li><a href=\"Observation-Connectathon-Assessment-FS-HospLast3DStay-SelfCare-Ob-32.html\">Generated Summary: id: Connectathon-Assessment-FS-HospLast3DStay-SelfCare-Ob-32; <span title=\"Codes: {http://loinc.org 83222-0}\">Lower body dressing</span>; effective: Apr 9, 2020, 3:00:00 PM; <span title=\"Codes: {http://loinc.org LA10055-4}\">Substantial/maximal assistanc</span></a></li><li><a href=\"Observation-Connectathon-Assessment-FS-HospLast3DStay-SelfCare-Ob-38.html\">Generated Summary: id: Connectathon-Assessment-FS-HospLast3DStay-SelfCare-Ob-38; <span title=\"Codes: {http://loinc.org 83220-4}\">Putting on/taking off footwear</span>; effective: Apr 9, 2020, 3:00:00 PM; <span title=\"Codes: {http://loinc.org LA10055-4}\">Substantial/maximal assistanc</span></a></li></ul><p><b>derivedFrom</b>: <a href=\"QuestionnaireResponse-Connectathon-QuestResponse-FS-HospLast3DStay-SelfCare.html\">Questionnaire Response. Generated Summary: id: Connectathon-QuestResponse-FS-HospLast3DStay-SelfCare; questionnaire: https://api.logicahealth.org/PACIO/open/Questionnaire/MDS3.0-NC-1.17; status: completed; authored: Apr 9, 2020, 3:00:00 PM</a></p></div>"
  },
  "extension": [
    {
      "url": "http://hl7.org/fhir/StructureDefinition/event-location",
      "valueReference": {
        "reference": "Location/Connectathon-Org-Loc-01"
      }
    }
  ],
  "status": "final",
  "category": [
    {
      "coding": [
        {
          "system": "http://terminology.hl7.org/CodeSystem/observation-category",
          "code": "survey"
        }
      ]
    }
  ],
  "code": {
    "coding": [
      {
        "system": "http://loinc.org",
        "code": "83254-3",
        "display": "Self-Care - Discharge Performance"
      }
    ]
  },
  "subject": {
    "reference": "Patient/patientBSJ1"
  },
  "effectiveDateTime": "2020-04-09T14:00:00-05:00",
  "performer": [
    {
      "reference": "Practitioner/Connectathon-Practitioner-RonMarble"
    },
    {
      "reference": "PractitionerRole/Connectathon-Role-PT"
    },
    {
      "reference": "Organization/Connectathon-Org-01",
      "display": "Organization"
    }
  ],
  "hasMember": [
    {
      "reference": "Observation/Connectathon-Assessment-FS-HospLast3DStay-SelfCare-Ob-2"
    },
    {
      "reference": "Observation/Connectathon-Assessment-FS-HospLast3DStay-SelfCare-Ob-8"
    },
    {
      "reference": "Observation/Connectathon-Assessment-FS-HospLast3DStay-SelfCare-Ob-14"
    },
    {
      "reference": "Observation/Connectathon-Assessment-FS-HospLast3DStay-SelfCare-Ob-20"
    },
    {
      "reference": "Observation/Connectathon-Assessment-FS-HospLast3DStay-SelfCare-Ob-26"
    },
    {
      "reference": "Observation/Connectathon-Assessment-FS-HospLast3DStay-SelfCare-Ob-32"
    },
    {
      "reference": "Observation/Connectathon-Assessment-FS-HospLast3DStay-SelfCare-Ob-38"
    }
  ],
  "derivedFrom": [
    {
      "reference": "QuestionnaireResponse/Connectathon-QuestResponse-FS-HospLast3DStay-SelfCare",
      "display": "Questionnaire Response"
    }
  ]
}