{
  "resourceType": "Observation",
  "id": "Assessment-SNF-Admission-FS-3-Ob-87",
  "meta": {
    "profile": [
      "https://paciowg.github.io/functional-status-ig/StructureDefinition/pacio-fs"
    ]
  },
  "text": {
    "status": "generated",
    "div": "<div xmlns=\"http://www.w3.org/1999/xhtml\"><p><b>Generated Narrative</b></p><p><b>id</b>: Assessment-SNF-Admission-FS-3-Ob-87</p><p><b>meta</b>: </p><p></p><p><b>code</b>: <span title=\"Codes: {http://loinc.org 83190-9}\">Picking up object</span></p><p><b>subject</b>: <a href=\"Patient-patientBSJ1.html\">Generated Summary: id: patientBSJ1; Betsy Smith-Johnson </a></p><p><b>effective</b>: Apr 9, 2020 8:00:00 PM</p><p><b>performer</b>: </p><ul><li><a href=\"Practitioner-Practitioner-JenCadbury.html\">Generated Summary: id: Practitioner-JenCadbury; active; Jen Cadbury ; gender: female</a></li><li><a href=\"PractitionerRole-Role-PT.html\">Generated Summary: id: Role-PT; active; <span title=\"Codes: {http://snomed.info/sct 36682004}\">Physiotherapist</span></a></li><li><a href=\"Organization-Org-02.html\">Organization. Generated Summary: id: Org-02; name: Happy Nursing Facility</a></li></ul><p><b>value</b>: <span title=\"Codes: {http://loinc.org LA26735-3}\">Not attempted due to medical condition or safety concerns</span></p><p><b>derivedFrom</b>: <a href=\"QuestionnaireResponse-QResponse-SNF-Admission-FS-3.html\">Generated Summary: id: QResponse-SNF-Admission-FS-3; questionnaire: https://api.logicahealth.org/PACIO/open/Questionnaire/MDS3.0-NC-1.17; status: completed; authored: Apr 9, 2020 8:00:00 PM</a></p><blockquote><p><b>component</b></p><p><b>code</b>: <span title=\"Codes: {http://loinc.org 88330-6}\">Mobility - Admission Performance</span></p><p><b>value</b>: <span title=\"Codes: {http://loinc.org LA26735-3}\">Not attempted due to medical condition or safety concerns</span></p></blockquote><blockquote><p><b>component</b></p><p><b>code</b>: <span title=\"Codes: {http://loinc.org 85056-0}\">Mobility - Discharge Goal</span></p><p><b>value</b>: <span title=\"Codes: {http://loinc.org LA26735-3}\">Not attempted due to medical condition or safety concerns</span></p></blockquote></div>"
  },
  "extension": [
    {
      "url": "http://hl7.org/fhir/StructureDefinition/event-location",
      "valueReference": {
        "reference": "Location/Org-Loc-02"
      }
    }
  ],
  "status": "final",
  "code": {
    "coding": [
      {
        "system": "http://loinc.org",
        "code": "83190-9",
        "display": "What was the patients's usual performance related to their ability to bend/stoop from a standing position to pick up a small object, such as a spoon, from the floor?"
      }
    ],
    "text": "Picking up object"
  },
  "subject": {
    "reference": "Patient/patientBSJ1"
  },
  "effectiveDateTime": "2020-04-09T15:00:00-05:00",
  "performer": [
    {
      "reference": "Practitioner/Practitioner-JenCadbury"
    },
    {
      "reference": "PractitionerRole/Role-PT"
    },
    {
      "reference": "Organization/Org-02",
      "display": "Organization"
    }
  ],
  "valueCodeableConcept": {
    "coding": [
      {
        "system": "http://loinc.org",
        "code": "LA26735-3",
        "display": "Not attempted due to medical condition or safety concerns"
      }
    ],
    "text": "Not attempted due to medical condition or safety concerns"
  },
  "derivedFrom": [
    {
      "reference": "QuestionnaireResponse/QResponse-SNF-Admission-FS-3"
    }
  ],
  "component": [
    {
      "code": {
        "coding": [
          {
            "system": "http://loinc.org",
            "code": "88330-6",
            "display": "Mobility - Admission Performance"
          }
        ]
      },
      "valueCodeableConcept": {
        "coding": [
          {
            "system": "http://loinc.org",
            "code": "LA26735-3"
          }
        ],
        "text": "Not attempted due to medical condition or safety concerns"
      }
    },
    {
      "code": {
        "coding": [
          {
            "system": "http://loinc.org",
            "code": "85056-0",
            "display": "Mobility - Discharge Goal"
          }
        ]
      },
      "valueCodeableConcept": {
        "coding": [
          {
            "system": "http://loinc.org",
            "code": "LA26735-3"
          }
        ],
        "text": "Not attempted due to medical condition or safety concerns"
      }
    }
  ]
}