{
  "resourceType": "Observation",
  "id": "Connectathon-Assessment-FS-4-Last3DSNFStay",
  "meta": {
    "profile": [
      "https://paciowg.github.io/functional-status-ig/StructureDefinition/pacio-bfs"
    ]
  },
  "text": {
    "status": "generated",
    "div": "<div xmlns=\"http://www.w3.org/1999/xhtml\"><p><b>Generated Narrative</b></p><p><b>id</b>: Connectathon-Assessment-FS-4-Last3DSNFStay</p><p><b>meta</b>: </p><p></p><p><b>category</b>: <span title=\"Codes: {http://terminology.hl7.org/CodeSystem/observation-category survey}\">Survey</span></p><p><b>code</b>: <span title=\"Codes: {http://loinc.org 88331-4}\">Mobility - Discharge Performance</span></p><p><b>subject</b>: <a href=\"Patient-patientBSJ1.html\">Generated Summary: id: patientBSJ1; Betsy Smith-Johnson </a></p><p><b>effective</b>: Apr 23, 2020, 2:00:00 PM</p><p><b>performer</b>: </p><ul><li><a href=\"Practitioner-Connectathon-Practitioner-DanielGranger.html\">Generated Summary: id: Connectathon-Practitioner-DanielGranger; active; Daniel Granger ; gender: male</a></li><li><a href=\"PractitionerRole-Connectathon-Role-RN.html\">Generated Summary: id: Connectathon-Role-RN; active; <span title=\"Codes: {http://snomed.info/sct 224535009}\">Registered Nurse</span></a></li><li><a href=\"Organization-Connectathon-Org-02.html\">Organization. Generated Summary: id: Connectathon-Org-02; name: Happy Nursing Facility</a></li></ul><p><b>hasMember</b>: </p><ul><li><a href=\"Observation-Connectathon-Assessment-FS-4-Last3DSNFStay-Ob-4.html\">Generated Summary: id: Connectathon-Assessment-FS-4-Last3DSNFStay-Ob-4; <span title=\"Codes: {http://loinc.org 83218-8}\">Roll left and right</span>; effective: Apr 23, 2020, 2:00:00 PM; <span title=\"Codes: {http://loinc.org LA28870-6}\">Supervision or touching assistance</span></a></li><li><a href=\"Observation-Connectathon-Assessment-FS-4-Last3DSNFStay-Ob-10.html\">Generated Summary: id: Connectathon-Assessment-FS-4-Last3DSNFStay-Ob-10; <span title=\"Codes: {http://loinc.org 83216-2}\">Sit to lying</span>; effective: Apr 23, 2020, 2:00:00 PM; <span title=\"Codes: {http://loinc.org LA27994-5}\">Setup or clean-up assistance</span></a></li><li><a href=\"Observation-Connectathon-Assessment-FS-4-Last3DSNFStay-Ob-16.html\">Generated Summary: id: Connectathon-Assessment-FS-4-Last3DSNFStay-Ob-16; <span title=\"Codes: {http://loinc.org 83214-7}\">Lying to sitting on side of bed</span>; effective: Apr 23, 2020, 2:00:00 PM; <span title=\"Codes: {http://loinc.org LA27994-5}\">Setup or clean-up assistance</span></a></li><li><a href=\"Observation-Connectathon-Assessment-FS-4-Last3DSNFStay-Ob-22.html\">Generated Summary: id: Connectathon-Assessment-FS-4-Last3DSNFStay-Ob-22; <span title=\"Codes: {http://loinc.org 83212-1}\">Sit to stand</span>; effective: Apr 23, 2020, 2:00:00 PM; <span title=\"Codes: {http://loinc.org LA28870-6}\">Supervision or touching assistance</span></a></li><li><a href=\"Observation-Connectathon-Assessment-FS-4-Last3DSNFStay-Ob-28.html\">Generated Summary: id: Connectathon-Assessment-FS-4-Last3DSNFStay-Ob-28; <span title=\"Codes: {http://loinc.org 83210-5}\">Chair/bed-to-chair transfer</span>; effective: Apr 23, 2020, 2:00:00 PM; <span title=\"Codes: {http://loinc.org LA27996-0}\">Partial/moderate assistance</span></a></li><li><a href=\"Observation-Connectathon-Assessment-FS-4-Last3DSNFStay-Ob-34.html\">Generated Summary: id: Connectathon-Assessment-FS-4-Last3DSNFStay-Ob-34; <span title=\"Codes: {http://loinc.org 83208-9}\">Toilet transfer</span>; effective: Apr 23, 2020, 2:00:00 PM; <span title=\"Codes: {http://loinc.org LA27996-0}\">Partial/moderate assistance</span></a></li><li><a href=\"Observation-Connectathon-Assessment-FS-4-Last3DSNFStay-Ob-40.html\">Generated Summary: id: Connectathon-Assessment-FS-4-Last3DSNFStay-Ob-40; <span title=\"Codes: {http://loinc.org 83206-3}\">Car transfer</span>; effective: Apr 23, 2020, 2:00:00 PM; <span title=\"Codes: {http://loinc.org LA27996-0}\">Partial/moderate assistance</span></a></li><li><a href=\"Observation-Connectathon-Assessment-FS-4-Last3DSNFStay-Ob-46.html\">Generated Summary: id: Connectathon-Assessment-FS-4-Last3DSNFStay-Ob-46; <span title=\"Codes: {http://loinc.org 83204-8}\">Walk 10 feet</span>; effective: Apr 23, 2020, 2:00:00 PM; <span title=\"Codes: {http://loinc.org LA27996-0}\">Partial/moderate assistance</span></a></li><li><a href=\"Observation-Connectathon-Assessment-FS-4-Last3DSNFStay-Ob-52.html\">Generated Summary: id: Connectathon-Assessment-FS-4-Last3DSNFStay-Ob-52; <span title=\"Codes: {http://loinc.org 83202-2}\">Walk 50 feet with two turns</span>; effective: Apr 23, 2020, 2:00:00 PM; <span title=\"Codes: {http://loinc.org LA27996-0}\">Partial/moderate assistance</span></a></li><li><a href=\"Observation-Connectathon-Assessment-FS-4-Last3DSNFStay-Ob-58.html\">Generated Summary: id: Connectathon-Assessment-FS-4-Last3DSNFStay-Ob-58; <span title=\"Codes: {http://loinc.org 83200-6}\">Walk 150 feet</span>; effective: Apr 23, 2020, 2:00:00 PM; <span title=\"Codes: {http://loinc.org LA27996-0}\">Partial/moderate assistance</span></a></li><li><a href=\"Observation-Connectathon-Assessment-FS-4-Last3DSNFStay-Ob-64.html\">Generated Summary: id: Connectathon-Assessment-FS-4-Last3DSNFStay-Ob-64; <span title=\"Codes: {http://loinc.org 83198-2}\">Walking 10 feet on uneven surfaces</span>; effective: Apr 23, 2020, 2:00:00 PM; <span title=\"Codes: {http://loinc.org LA11759-0}\">Substantial/maximal assistance</span></a></li><li><a href=\"Observation-Connectathon-Assessment-FS-4-Last3DSNFStay-Ob-70.html\">Generated Summary: id: Connectathon-Assessment-FS-4-Last3DSNFStay-Ob-70; <span title=\"Codes: {http://loinc.org 83196-6}\">1 step (curb)</span>; effective: Apr 23, 2020, 2:00:00 PM; <span title=\"Codes: {http://loinc.org LA27996-0}\">Partial/moderate assistance</span></a></li><li><a href=\"Observation-Connectathon-Assessment-FS-4-Last3DSNFStay-Ob-76.html\">Generated Summary: id: Connectathon-Assessment-FS-4-Last3DSNFStay-Ob-76; <span title=\"Codes: {http://loinc.org 83194-1}\">4 steps</span>; effective: Apr 23, 2020, 2:00:00 PM; <span title=\"Codes: {http://loinc.org LA11759-0}\">Substantial/maximal assistance</span></a></li><li><a href=\"Observation-Connectathon-Assessment-FS-4-Last3DSNFStay-Ob-82.html\">Generated Summary: id: Connectathon-Assessment-FS-4-Last3DSNFStay-Ob-82; <span title=\"Codes: {http://loinc.org 83192-5}\">12 steps</span>; effective: Apr 23, 2020, 2:00:00 PM; <span title=\"Codes: {http://loinc.org LA11759-0}\">Substantial/maximal assistance</span></a></li><li><a href=\"Observation-Connectathon-Assessment-FS-4-Last3DSNFStay-Ob-88.html\">Generated Summary: id: Connectathon-Assessment-FS-4-Last3DSNFStay-Ob-88; <span title=\"Codes: {http://loinc.org 83190-9}\">Picking up object</span>; effective: Apr 23, 2020, 2:00:00 PM; <span title=\"Codes: {http://loinc.org LA26735-3}\">Not attempted due to medical condition or safety concerns</span></a></li><li><a href=\"Observation-Connectathon-Assessment-FS-4-Last3DSNFStay-Ob-94.html\">Generated Summary: id: Connectathon-Assessment-FS-4-Last3DSNFStay-Ob-94; <span title=\"Codes: {http://loinc.org 83188-3}\">Wheel 50 feet with two turns</span>; effective: Apr 23, 2020, 2:00:00 PM; <span title=\"Codes: {http://loinc.org LA27993-7}\">Independent</span></a></li><li><a href=\"Observation-Connectathon-Assessment-FS-4-Last3DSNFStay-Ob-100.html\">Generated Summary: id: Connectathon-Assessment-FS-4-Last3DSNFStay-Ob-100; <span title=\"Codes: {http://loinc.org 83235-2}\">Wheel 150 feet</span>; effective: Apr 23, 2020, 2:00:00 PM; <span title=\"Codes: {http://loinc.org LA27993-7}\">Independent</span></a></li></ul><p><b>derivedFrom</b>: <a href=\"QuestionnaireResponse-Connectathon-QuestResponse-FS-4-Last3DSNFStay.html\">Questionnaire Response. Generated Summary: id: Connectathon-QuestResponse-FS-4-Last3DSNFStay; questionnaire: https://api.logicahealth.org/PACIO/open/Questionnaire/MDS3.0-NC-1.17; status: completed; authored: Apr 23, 2020, 2:00:00 PM</a></p></div>"
  },
  "extension": [
    {
      "url": "http://hl7.org/fhir/StructureDefinition/event-location",
      "valueReference": {
        "reference": "Location/Connectathon-Org-Loc-02"
      }
    },
    {
      "url": "https://paciowg.github.io/functional-status-ig/StructureDefinition/device-patient-used",
      "valueReference": {
        "reference": "DeviceUseStatement/Connectathon-Assessment-FS-4-Last3DSNFStay-UseOfDevice-1"
      }
    },
    {
      "url": "https://paciowg.github.io/functional-status-ig/StructureDefinition/device-patient-used",
      "valueReference": {
        "reference": "DeviceUseStatement/Connectathon-Assessment-FS-4-Last3DSNFStay-UseOfDevice-2"
      }
    },
    {
      "url": "https://paciowg.github.io/functional-status-ig/StructureDefinition/device-patient-used",
      "valueReference": {
        "reference": "DeviceUseStatement/Connectathon-Assessment-FS-4-Last3DSNFStay-UseOfDevice-3"
      }
    },
    {
      "url": "https://paciowg.github.io/functional-status-ig/StructureDefinition/device-patient-used",
      "valueReference": {
        "reference": "DeviceUseStatement/Connectathon-Assessment-FS-4-Last3DSNFStay-UseOfDevice-4"
      }
    },
    {
      "url": "https://paciowg.github.io/functional-status-ig/StructureDefinition/device-patient-used",
      "valueReference": {
        "reference": "DeviceUseStatement/Connectathon-Assessment-FS-4-Last3DSNFStay-UseOfDevice-5"
      }
    },
    {
      "url": "https://paciowg.github.io/functional-status-ig/StructureDefinition/device-patient-used",
      "valueReference": {
        "reference": "DeviceUseStatement/Connectathon-Assessment-FS-4-Last3DSNFStay-UseOfDevice-6"
      }
    },
    {
      "url": "https://paciowg.github.io/functional-status-ig/StructureDefinition/device-patient-used",
      "valueReference": {
        "reference": "DeviceUseStatement/Connectathon-Assessment-FS-4-Last3DSNFStay-UseOfDevice-7"
      }
    }
  ],
  "status": "final",
  "category": [
    {
      "coding": [
        {
          "system": "http://terminology.hl7.org/CodeSystem/observation-category",
          "code": "survey"
        }
      ]
    }
  ],
  "code": {
    "coding": [
      {
        "system": "http://loinc.org",
        "code": "88331-4",
        "display": "Mobility - Discharge Performance"
      }
    ]
  },
  "subject": {
    "reference": "Patient/patientBSJ1"
  },
  "effectiveDateTime": "2020-04-23T13:00:00-05:00",
  "performer": [
    {
      "reference": "Practitioner/Connectathon-Practitioner-DanielGranger"
    },
    {
      "reference": "PractitionerRole/Connectathon-Role-RN"
    },
    {
      "reference": "Organization/Connectathon-Org-02",
      "display": "Organization"
    }
  ],
  "hasMember": [
    {
      "reference": "Observation/Connectathon-Assessment-FS-4-Last3DSNFStay-Ob-4"
    },
    {
      "reference": "Observation/Connectathon-Assessment-FS-4-Last3DSNFStay-Ob-10"
    },
    {
      "reference": "Observation/Connectathon-Assessment-FS-4-Last3DSNFStay-Ob-16"
    },
    {
      "reference": "Observation/Connectathon-Assessment-FS-4-Last3DSNFStay-Ob-22"
    },
    {
      "reference": "Observation/Connectathon-Assessment-FS-4-Last3DSNFStay-Ob-28"
    },
    {
      "reference": "Observation/Connectathon-Assessment-FS-4-Last3DSNFStay-Ob-34"
    },
    {
      "reference": "Observation/Connectathon-Assessment-FS-4-Last3DSNFStay-Ob-40"
    },
    {
      "reference": "Observation/Connectathon-Assessment-FS-4-Last3DSNFStay-Ob-46"
    },
    {
      "reference": "Observation/Connectathon-Assessment-FS-4-Last3DSNFStay-Ob-52"
    },
    {
      "reference": "Observation/Connectathon-Assessment-FS-4-Last3DSNFStay-Ob-58"
    },
    {
      "reference": "Observation/Connectathon-Assessment-FS-4-Last3DSNFStay-Ob-64"
    },
    {
      "reference": "Observation/Connectathon-Assessment-FS-4-Last3DSNFStay-Ob-70"
    },
    {
      "reference": "Observation/Connectathon-Assessment-FS-4-Last3DSNFStay-Ob-76"
    },
    {
      "reference": "Observation/Connectathon-Assessment-FS-4-Last3DSNFStay-Ob-82"
    },
    {
      "reference": "Observation/Connectathon-Assessment-FS-4-Last3DSNFStay-Ob-88"
    },
    {
      "reference": "Observation/Connectathon-Assessment-FS-4-Last3DSNFStay-Ob-94"
    },
    {
      "reference": "Observation/Connectathon-Assessment-FS-4-Last3DSNFStay-Ob-100"
    }
  ],
  "derivedFrom": [
    {
      "reference": "QuestionnaireResponse/Connectathon-QuestResponse-FS-4-Last3DSNFStay",
      "display": "Questionnaire Response"
    }
  ]
}