{
  "resourceType": "Observation",
  "id": "Assessment-SNF-Admission-SelfCare",
  "meta": {
    "profile": [
      "https://paciowg.github.io/functional-status-ig/StructureDefinition/pacio-bfs"
    ]
  },
  "text": {
    "status": "generated",
    "div": "<div xmlns=\"http://www.w3.org/1999/xhtml\"><p><b>Generated Narrative</b></p><p><b>id</b>: Assessment-SNF-Admission-SelfCare</p><p><b>meta</b>: </p><p></p><p><b>category</b>: <span title=\"Codes: {http://terminology.hl7.org/CodeSystem/observation-category survey}\">Survey</span></p><p><b>code</b>: <span title=\"Codes: {http://loinc.org 83233-7}\">Self-Care - Admission Performance</span></p><p><b>subject</b>: <a href=\"Patient-patientBSJ1.html\">Generated Summary: id: patientBSJ1; Betsy Smith-Johnson </a></p><p><b>effective</b>: Apr 9, 2020, 4:00:00 PM</p><p><b>performer</b>: </p><ul><li><a href=\"Practitioner-Practitioner-JenCadbury.html\">Generated Summary: id: Practitioner-JenCadbury; active; Jen Cadbury ; gender: female</a></li><li><a href=\"PractitionerRole-Role-PT.html\">Generated Summary: id: Role-PT; active; <span title=\"Codes: {http://snomed.info/sct 36682004}\">Physiotherapist</span></a></li><li><a href=\"Organization-Org-02.html\">Organization. Generated Summary: id: Org-02; name: Happy Nursing Facility</a></li></ul><p><b>hasMember</b>: </p><ul><li><a href=\"Observation-Assessment-SNF-Admission-SelfCare-Ob-3.html\">Generated Summary: id: Assessment-SNF-Admission-SelfCare-Ob-3; <span title=\"Codes: {http://loinc.org 83232-9}\">Eating</span>; effective: Apr 9, 2020, 4:00:00 PM; <span title=\"Codes: {http://loinc.org LA10073-7}\">Setup or clean-up assistance</span></a></li><li><a href=\"Observation-Assessment-SNF-Admission-SelfCare-Ob-9.html\">Generated Summary: id: Assessment-SNF-Admission-SelfCare-Ob-9; <span title=\"Codes: {http://loinc.org 83230-3}\">Oral hygiene</span>; effective: Apr 9, 2020, 4:00:00 PM; <span title=\"Codes: {http://loinc.org LA10073-7}\">Setup or clean-up assistance</span></a></li><li><a href=\"Observation-Assessment-SNF-Admission-SelfCare-Ob-15.html\">Generated Summary: id: Assessment-SNF-Admission-SelfCare-Ob-15; <span title=\"Codes: {http://loinc.org 83228-7}\">Toileting hygiene</span>; effective: Apr 9, 2020, 4:00:00 PM; <span title=\"Codes: {http://loinc.org LA10055-4}\">Partial/moderate Assist</span></a></li><li><a href=\"Observation-Assessment-SNF-Admission-SelfCare-Ob-21.html\">Generated Summary: id: Assessment-SNF-Admission-SelfCare-Ob-21; <span title=\"Codes: {http://loinc.org 83226-1}\">Shower/bathe self</span>; effective: Apr 9, 2020, 4:00:00 PM; <span title=\"Codes: {http://loinc.org LA26735-3}\">Not Attempted</span></a></li><li><a href=\"Observation-Assessment-SNF-Admission-SelfCare-Ob-27.html\">Generated Summary: id: Assessment-SNF-Admission-SelfCare-Ob-27; <span title=\"Codes: {http://loinc.org 83224-6}\">Upper body dressing</span>; effective: Apr 9, 2020, 4:00:00 PM; <span title=\"Codes: {http://loinc.org LA10055-4}\">Partial/moderate Assist</span></a></li><li><a href=\"Observation-Assessment-SNF-Admission-SelfCare-Ob-33.html\">Generated Summary: id: Assessment-SNF-Admission-SelfCare-Ob-33; <span title=\"Codes: {http://loinc.org 83222-0}\">Lower body dressing</span>; effective: Apr 9, 2020, 4:00:00 PM; <span title=\"Codes: {http://loinc.org LA10055-4}\">Partial/moderate assistance</span></a></li><li><a href=\"Observation-Assessment-SNF-Admission-SelfCare-Ob-39.html\">Generated Summary: id: Assessment-SNF-Admission-SelfCare-Ob-39; <span title=\"Codes: {http://loinc.org 83220-4}\">Putting on/taking off footwear</span>; effective: Apr 9, 2020, 4:00:00 PM; <span title=\"Codes: {http://loinc.org LA10055-4}\">Substantial/maximal assistanc</span></a></li></ul><p><b>derivedFrom</b>: <a href=\"QuestionnaireResponse-QResponse-SNF-Admission-SelfCare.html\">Questionnaire Response. Generated Summary: id: QResponse-SNF-Admission-SelfCare; questionnaire: https://api.logicahealth.org/PACIO/open/Questionnaire/MDS3.0-NC-1.17; status: completed; authored: Apr 9, 2020, 4:00:00 PM</a></p></div>"
  },
  "extension": [
    {
      "url": "http://hl7.org/fhir/StructureDefinition/event-location",
      "valueReference": {
        "reference": "Location/Org-Loc-02"
      }
    }
  ],
  "status": "final",
  "category": [
    {
      "coding": [
        {
          "system": "http://terminology.hl7.org/CodeSystem/observation-category",
          "code": "survey"
        }
      ]
    }
  ],
  "code": {
    "coding": [
      {
        "system": "http://loinc.org",
        "code": "83233-7",
        "display": "Self-Care - Admission Performance"
      }
    ]
  },
  "subject": {
    "reference": "Patient/patientBSJ1"
  },
  "effectiveDateTime": "2020-04-09T15:00:00-05:00",
  "performer": [
    {
      "reference": "Practitioner/Practitioner-JenCadbury"
    },
    {
      "reference": "PractitionerRole/Role-PT"
    },
    {
      "reference": "Organization/Org-02",
      "display": "Organization"
    }
  ],
  "hasMember": [
    {
      "reference": "Observation/Assessment-SNF-Admission-SelfCare-Ob-3"
    },
    {
      "reference": "Observation/Assessment-SNF-Admission-SelfCare-Ob-9"
    },
    {
      "reference": "Observation/Assessment-SNF-Admission-SelfCare-Ob-15"
    },
    {
      "reference": "Observation/Assessment-SNF-Admission-SelfCare-Ob-21"
    },
    {
      "reference": "Observation/Assessment-SNF-Admission-SelfCare-Ob-27"
    },
    {
      "reference": "Observation/Assessment-SNF-Admission-SelfCare-Ob-33"
    },
    {
      "reference": "Observation/Assessment-SNF-Admission-SelfCare-Ob-39"
    }
  ],
  "derivedFrom": [
    {
      "reference": "QuestionnaireResponse/QResponse-SNF-Admission-SelfCare",
      "display": "Questionnaire Response"
    }
  ]
}