{
  "resourceType": "Observation",
  "id": "BFS-Hospital-Discharge-Mobility-SelfCare-1-Ob-Question-27",
  "meta": {
    "profile": [
      "https://paciowg.github.io/functional-status-ig/StructureDefinition/pacio-fs"
    ]
  },
  "text": {
    "status": "extensions",
    "div": "<div xmlns=\"http://www.w3.org/1999/xhtml\"><p><b>Generated Narrative</b></p><h3>Ids</h3><table class=\"grid\"><tr><td>-</td></tr><tr><td>*</td></tr></table><h3>Meta</h3><table class=\"grid\"><tr><td>-</td></tr><tr><td>*</td></tr></table><p><b>Event Location</b>: </p><p></p><p><b>code</b>: <span title=\"Codes: {http://loinc.org 83222-0}\">Lower body dressing</span></p><p><b>subject</b>: <a href=\"Patient-patientBSJ1.html\">Generated Summary: Betsy Smith-Johnson </a></p><p><b>effective</b>: Jul 10, 2020 7:34:00 PM</p><p><b>performer</b>: </p><ul><li><a href=\"Practitioner-Practitioner-RonMarble.html\">Generated Summary: active; Ron Marble ; gender: male</a></li><li><a href=\"PractitionerRole-Role-PT.html\">Generated Summary: active; <span title=\"Codes: {http://snomed.info/sct 36682004}\">Physiotherapist</span></a></li><li><a href=\"Organization-Org-01.html\">Organization. Generated Summary: name: San Antonio General Hospital</a></li></ul><p><b>value</b>: <span title=\"Codes: {http://loinc.org LA11759-0}\">Substantial/maximal assistanc</span></p><p><b>derivedFrom</b>: <a href=\"QuestionnaireResponse-QResponse-Hospital-Discharge-Mobility-SelfCare-1.html\">Generated Summary: questionnaire: https://api.logicahealth.org/PACIO/open/Questionnaire/MDS3.0-NC-1.17; status: completed; authored: Jul 10, 2020 7:34:00 PM</a></p></div>"
  },
  "extension": [
    {
      "url": "http://hl7.org/fhir/StructureDefinition/event-location",
      "valueReference": {
        "reference": "Location/Org-Loc-01"
      }
    }
  ],
  "status": "final",
  "code": {
    "coding": [
      {
        "system": "http://loinc.org",
        "code": "83222-0",
        "display": "Lower body dressing - functional ability during 3D assessment period"
      }
    ],
    "text": "Lower body dressing"
  },
  "subject": {
    "reference": "Patient/patientBSJ1"
  },
  "effectiveDateTime": "2020-07-10T14:34:00-05:00",
  "performer": [
    {
      "reference": "Practitioner/Practitioner-RonMarble"
    },
    {
      "reference": "PractitionerRole/Role-PT"
    },
    {
      "reference": "Organization/Org-01",
      "display": "Organization"
    }
  ],
  "valueCodeableConcept": {
    "coding": [
      {
        "system": "http://loinc.org",
        "code": "LA11759-0",
        "display": "Substantial/maximal assistanc"
      }
    ],
    "text": "Substantial/maximal assistanc"
  },
  "derivedFrom": [
    {
      "reference": "QuestionnaireResponse/QResponse-Hospital-Discharge-Mobility-SelfCare-1"
    }
  ]
}