{
  "resourceType": "Observation",
  "id": "BFS-Hospital-Admission-Mobility-1",
  "meta": {
    "profile": [
      "http://paciowg.github.io/functional-status-ig/StructureDefinition/pacio-bfs"
    ]
  },
  "text": {
    "status": "extensions",
    "div": "<div xmlns=\"http://www.w3.org/1999/xhtml\"><p><b>Generated Narrative</b></p><p><b>Event Location</b>: <a href=\"Location-Org-Loc-01.html\">Generated Summary: status: active; name: San Antonio General Hospital</a></p><p><b>DevicePatientUsed</b>: <a href=\"DeviceUseStatement-BFS-Hospital-Admission-Mobility-1-UseOfDevice-17.html\">Generated Summary: status: active; recordedOn: Jul 8, 2020, 2:00:00 PM</a></p><p><b>DevicePatientUsed</b>: <a href=\"DeviceUseStatement-BFS-Hospital-Admission-Mobility-1-UseOfDevice-18.html\">Generated Summary: status: active; recordedOn: Jul 8, 2020, 2:00:00 PM</a></p><p></p><p><b>category</b>: <span title=\"Codes: {http://terminology.hl7.org/CodeSystem/observation-category survey}\">Survey</span></p><p><b>code</b>: <span title=\"Codes: {http://loinc.org 88330-6}\">Mobility - admission performance during 3 day assessment period [CMS Assessment]</span></p><p><b>subject</b>: <a href=\"Patient-patientBSJ1.html\">Generated Summary: Betsy Smith-Johnson </a></p><p><b>effective</b>: Jul 8, 2020, 2:00:00 PM</p><p><b>performer</b>: </p><ul><li><a href=\"Practitioner-Practitioner-SallySmith.html\">Generated Summary: active; Sally Smith ; gender: female</a></li><li><a href=\"PractitionerRole-Role-PT.html\">Generated Summary: active; <span title=\"Codes: {http://snomed.info/sct 36682004}\">Physiotherapist</span></a></li><li><a href=\"Organization-Org-01.html\">Organization. Generated Summary: name: San Antonio General Hospital</a></li></ul><p><b>hasMember</b>: </p><ul><li><a href=\"Observation-BFS-Hospital-Admission-Mobility-1-Ob-Question-1.html\">Generated Summary: <span title=\"Codes: {http://loinc.org 83218-8}\">Roll left and right</span>; effective: Jul 8, 2020, 2:00:00 PM; <span title=\"Codes: {http://loinc.org LA11759-0}\">Substantial/maximal assistance</span></a></li><li><a href=\"Observation-BFS-Hospital-Admission-Mobility-1-Ob-Question-7.html\">Generated Summary: <span title=\"Codes: {http://loinc.org 83216-2}\">Sit to lying</span>; effective: Jul 8, 2020, 2:00:00 PM; <span title=\"Codes: {http://loinc.org LA11759-0}\">Substantial/maximal assistance</span></a></li><li><a href=\"Observation-BFS-Hospital-Admission-Mobility-1-Ob-Question-13.html\">Generated Summary: <span title=\"Codes: {http://loinc.org 83214-7}\">Lying to sitting on side of bed</span>; effective: Jul 8, 2020, 2:00:00 PM; <span title=\"Codes: {http://loinc.org LA11759-0}\">Substantial/maximal assistance</span></a></li><li><a href=\"Observation-BFS-Hospital-Admission-Mobility-1-Ob-Question-19.html\">Generated Summary: <span title=\"Codes: {http://loinc.org 83212-1}\">Sit to stand</span>; effective: Jul 8, 2020, 2:00:00 PM; <span title=\"Codes: {http://loinc.org LA11759-0}\">Substantial/maximal assistance</span></a></li><li><a href=\"Observation-BFS-Hospital-Admission-Mobility-1-Ob-Question-25.html\">Generated Summary: <span title=\"Codes: {http://loinc.org 83210-5}\">Chair/bed-to-chair transfer</span>; effective: Jul 8, 2020, 2:00:00 PM; <span title=\"Codes: {http://loinc.org LA27665-1}\">Dependent</span></a></li><li><a href=\"Observation-BFS-Hospital-Admission-Mobility-1-Ob-Question-31.html\">Generated Summary: <span title=\"Codes: {http://loinc.org 83208-9}\">Toilet transfer</span>; effective: Jul 8, 2020, 2:00:00 PM; <span title=\"Codes: {http://loinc.org LA26735-3}\">Not attempted</span></a></li><li><a href=\"Observation-BFS-Hospital-Admission-Mobility-1-Ob-Question-37.html\">Generated Summary: <span title=\"Codes: {http://loinc.org 83206-3}\">Car transfer</span>; effective: Jul 8, 2020, 2:00:00 PM; <span title=\"Codes: {http://loinc.org LA26735-3}\">Not attempted</span></a></li><li><a href=\"Observation-BFS-Hospital-Admission-Mobility-1-Ob-Question-43.html\">Generated Summary: <span title=\"Codes: {http://loinc.org 83204-8}\">Walk 10 feet</span>; effective: Jul 8, 2020, 2:00:00 PM; <span title=\"Codes: {http://loinc.org LA26735-3}\">Not attempted</span></a></li><li><a href=\"Observation-BFS-Hospital-Admission-Mobility-1-Ob-Question-49.html\">Generated Summary: <span title=\"Codes: {http://loinc.org 83202-2}\">Walk 50 feet with two turns</span>; effective: Jul 8, 2020, 2:00:00 PM; <span title=\"Codes: {http://loinc.org LA26735-3}\">Not attempted</span></a></li><li><a href=\"Observation-BFS-Hospital-Admission-Mobility-1-Ob-Question-55.html\">Generated Summary: <span title=\"Codes: {http://loinc.org 83200-6}\">Walk 150 feet</span>; effective: Jul 8, 2020, 2:00:00 PM; <span title=\"Codes: {http://loinc.org LA26735-3}\">Not attempted</span></a></li><li><a href=\"Observation-BFS-Hospital-Admission-Mobility-1-Ob-Question-61.html\">Generated Summary: <span title=\"Codes: {http://loinc.org 83198-2}\">Walking 10 feet on uneven surfaces</span>; effective: Jul 8, 2020, 2:00:00 PM; <span title=\"Codes: {http://loinc.org LA26735-3}\">Not attempted</span></a></li><li><a href=\"Observation-BFS-Hospital-Admission-Mobility-1-Ob-Question-67.html\">Generated Summary: <span title=\"Codes: {http://loinc.org 83196-6}\">1 step (curb)</span>; effective: Jul 8, 2020, 2:00:00 PM; <span title=\"Codes: {http://loinc.org LA26735-3}\">Not attempted</span></a></li><li><a href=\"Observation-BFS-Hospital-Admission-Mobility-1-Ob-Question-73.html\">Generated Summary: <span title=\"Codes: {http://loinc.org 83194-1}\">4 steps</span>; effective: Jul 8, 2020, 2:00:00 PM; <span title=\"Codes: {http://loinc.org LA26735-3}\">Not attempted</span></a></li><li><a href=\"Observation-BFS-Hospital-Admission-Mobility-1-Ob-Question-79.html\">Generated Summary: <span title=\"Codes: {http://loinc.org 83192-5}\">12 steps</span>; effective: Jul 8, 2020, 2:00:00 PM; <span title=\"Codes: {http://loinc.org LA26735-3}\">Not attempted</span></a></li><li><a href=\"Observation-BFS-Hospital-Admission-Mobility-1-Ob-Question-85.html\">Generated Summary: <span title=\"Codes: {http://loinc.org 83190-9}\">Picking up object</span>; effective: Jul 8, 2020, 2:00:00 PM; <span title=\"Codes: {http://loinc.org LA26735-3}\">Not attempted</span></a></li><li><a href=\"Observation-BFS-Hospital-Admission-Mobility-1-Ob-Question-91.html\">Generated Summary: <span title=\"Codes: {http://loinc.org 83188-3}\">Wheel 50 feet with two turns</span>; effective: Jul 8, 2020, 2:00:00 PM; <span title=\"Codes: {http://loinc.org LA26735-3}\">Not attempted</span></a></li><li><a href=\"Observation-BFS-Hospital-Admission-Mobility-1-Ob-Question-97.html\">Generated Summary: <span title=\"Codes: {http://loinc.org 83235-2}\">Wheel 150 feet</span>; effective: Jul 8, 2020, 2:00:00 PM; <span title=\"Codes: {http://loinc.org LA26735-3}\">Not attempted</span></a></li></ul><p><b>derivedFrom</b>: <a href=\"QuestionnaireResponse-QResponse-Hospital-Admission-Mobility-1.html\">Questionnaire Response. Generated Summary: questionnaire: https://api.logicahealth.org/PACIO/open/Questionnaire/MDS3.0-NC-1.17; status: completed; authored: Jul 8, 2020, 2:00:00 PM</a></p></div>"
  },
  "extension": [
    {
      "url": "http://hl7.org/fhir/StructureDefinition/event-location",
      "valueReference": {
        "reference": "Location/Org-Loc-01"
      }
    },
    {
      "url": "http://paciowg.github.io/functional-status-ig/StructureDefinition/device-patient-used",
      "valueReference": {
        "reference": "DeviceUseStatement/BFS-Hospital-Admission-Mobility-1-UseOfDevice-17"
      }
    },
    {
      "url": "http://paciowg.github.io/functional-status-ig/StructureDefinition/device-patient-used",
      "valueReference": {
        "reference": "DeviceUseStatement/BFS-Hospital-Admission-Mobility-1-UseOfDevice-18"
      }
    }
  ],
  "status": "final",
  "category": [
    {
      "coding": [
        {
          "system": "http://terminology.hl7.org/CodeSystem/observation-category",
          "code": "survey"
        }
      ]
    }
  ],
  "code": {
    "coding": [
      {
        "system": "http://loinc.org",
        "code": "88330-6",
        "display": "Mobility - admission performance during 3 day assessment period [CMS Assessment]"
      }
    ]
  },
  "subject": {
    "reference": "Patient/patientBSJ1"
  },
  "effectiveDateTime": "2020-07-08T16:00:00-05:00",
  "performer": [
    {
      "reference": "Practitioner/Practitioner-SallySmith"
    },
    {
      "reference": "PractitionerRole/Role-PT"
    },
    {
      "reference": "Organization/Org-01",
      "display": "Organization"
    }
  ],
  "hasMember": [
    {
      "reference": "Observation/BFS-Hospital-Admission-Mobility-1-Ob-Question-1"
    },
    {
      "reference": "Observation/BFS-Hospital-Admission-Mobility-1-Ob-Question-7"
    },
    {
      "reference": "Observation/BFS-Hospital-Admission-Mobility-1-Ob-Question-13"
    },
    {
      "reference": "Observation/BFS-Hospital-Admission-Mobility-1-Ob-Question-19"
    },
    {
      "reference": "Observation/BFS-Hospital-Admission-Mobility-1-Ob-Question-25"
    },
    {
      "reference": "Observation/BFS-Hospital-Admission-Mobility-1-Ob-Question-31"
    },
    {
      "reference": "Observation/BFS-Hospital-Admission-Mobility-1-Ob-Question-37"
    },
    {
      "reference": "Observation/BFS-Hospital-Admission-Mobility-1-Ob-Question-43"
    },
    {
      "reference": "Observation/BFS-Hospital-Admission-Mobility-1-Ob-Question-49"
    },
    {
      "reference": "Observation/BFS-Hospital-Admission-Mobility-1-Ob-Question-55"
    },
    {
      "reference": "Observation/BFS-Hospital-Admission-Mobility-1-Ob-Question-61"
    },
    {
      "reference": "Observation/BFS-Hospital-Admission-Mobility-1-Ob-Question-67"
    },
    {
      "reference": "Observation/BFS-Hospital-Admission-Mobility-1-Ob-Question-73"
    },
    {
      "reference": "Observation/BFS-Hospital-Admission-Mobility-1-Ob-Question-79"
    },
    {
      "reference": "Observation/BFS-Hospital-Admission-Mobility-1-Ob-Question-85"
    },
    {
      "reference": "Observation/BFS-Hospital-Admission-Mobility-1-Ob-Question-91"
    },
    {
      "reference": "Observation/BFS-Hospital-Admission-Mobility-1-Ob-Question-97"
    }
  ],
  "derivedFrom": [
    {
      "reference": "QuestionnaireResponse/QResponse-Hospital-Admission-Mobility-1",
      "display": "Questionnaire Response"
    }
  ]
}