{
  "resourceType": "Observation",
  "id": "Connectathon-Assessment-FS-HospAdmission-SelfCare",
  "meta": {
    "profile": [
      "https://paciowg.github.io/functional-status-ig/StructureDefinition/pacio-bfs"
    ]
  },
  "text": {
    "status": "generated",
    "div": "<div xmlns=\"http://www.w3.org/1999/xhtml\"><p><b>Generated Narrative with Details</b></p><p><b>id</b>: Connectathon-Assessment-FS-HospAdmission-SelfCare</p><p><b>meta</b>: </p><p><b>status</b>: final</p><p><b>category</b>: Survey <span style=\"background: LightGoldenRodYellow\">(Details : {http://terminology.hl7.org/CodeSystem/observation-category code 'survey' = 'Survey)</span></p><p><b>code</b>: Self-Care - Admission Performance <span style=\"background: LightGoldenRodYellow\">(Details : {LOINC code '83233-7' = 'Self-care - admission performance [CMS Assessment]', given as 'Self-Care - Admission Performance'})</span></p><p><b>subject</b>: <a href=\"Patient-patientBSJ1.html\">Generated Summary: id: patientBSJ1; Betsy Smith-Johnson </a></p><p><b>effective</b>: Apr 2, 2020, 11:00:00 AM</p><p><b>performer</b>: </p><ul><li><a href=\"Practitioner-Connectathon-Practitioner-SallySmith.html\">Generated Summary: id: Connectathon-Practitioner-SallySmith; active; Sally Smith ; gender: female</a></li><li><a href=\"PractitionerRole-Connectathon-Role-PT.html\">Generated Summary: id: Connectathon-Role-PT; active; <span title=\"Codes: {http://snomed.info/sct 36682004}\">Physiotherapist</span></a></li><li><a href=\"Organization-Connectathon-Org-01.html\">Organization. Generated Summary: id: Connectathon-Org-01; name: San Antonio General Hospital</a></li></ul><p><b>hasMember</b>: </p><ul><li><a href=\"Observation-Connectathon-Assessment-FS-HospAdmission-SelfCare-Ob-1.html\">Generated Summary: id: Connectathon-Assessment-FS-HospAdmission-SelfCare-Ob-1; <span title=\"Codes: {http://loinc.org 83232-9}\">Eating</span>; effective: Apr 2, 2020, 11:00:00 AM; <span title=\"Codes: {http://loinc.org LA10073-7}\">Setup or clean-up assistance</span></a></li><li><a href=\"Observation-Connectathon-Assessment-FS-HospAdmission-SelfCare-Ob-7.html\">Generated Summary: id: Connectathon-Assessment-FS-HospAdmission-SelfCare-Ob-7; <span title=\"Codes: {http://loinc.org 83230-3}\">Oral hygiene</span>; effective: Apr 2, 2020, 11:00:00 AM; <span title=\"Codes: {http://loinc.org LA10073-7}\">Setup or clean-up assistance</span></a></li><li><a href=\"Observation-Connectathon-Assessment-FS-HospAdmission-SelfCare-Ob-13.html\">Generated Summary: id: Connectathon-Assessment-FS-HospAdmission-SelfCare-Ob-13; <span title=\"Codes: {http://loinc.org 83228-7}\">Toileting hygiene</span>; effective: Apr 2, 2020, 11:00:00 AM; <span title=\"Codes: {http://loinc.org LA27665-1}\">Dependent</span></a></li><li><a href=\"Observation-Connectathon-Assessment-FS-HospAdmission-SelfCare-Ob-19.html\">Generated Summary: id: Connectathon-Assessment-FS-HospAdmission-SelfCare-Ob-19; <span title=\"Codes: {http://loinc.org 83226-1}\">Shower/bathe self</span>; effective: Apr 2, 2020, 11:00:00 AM; <span title=\"Codes: {http://loinc.org LA27665-1}\">Not Attempted</span></a></li><li><a href=\"Observation-Connectathon-Assessment-FS-HospAdmission-SelfCare-Ob-25.html\">Generated Summary: id: Connectathon-Assessment-FS-HospAdmission-SelfCare-Ob-25; <span title=\"Codes: {http://loinc.org 83224-6}\">Upper body dressing</span>; effective: Apr 2, 2020, 11:00:00 AM; <span title=\"Codes: {http://loinc.org LA27665-1}\">Substantial/maximal Assist</span></a></li><li><a href=\"Observation-Connectathon-Assessment-FS-HospAdmission-SelfCare-Ob-31.html\">Generated Summary: id: Connectathon-Assessment-FS-HospAdmission-SelfCare-Ob-31; <span title=\"Codes: {http://loinc.org 83222-0}\">Lower body dressing</span>; effective: Apr 2, 2020, 11:00:00 AM; <span title=\"Codes: {http://loinc.org LA26735-3}\">Not Attempted</span></a></li><li><a href=\"Observation-Connectathon-Assessment-FS-HospAdmission-SelfCare-Ob-37.html\">Generated Summary: id: Connectathon-Assessment-FS-HospAdmission-SelfCare-Ob-37; <span title=\"Codes: {http://loinc.org 83220-4}\">Putting on/taking off footwear</span>; effective: Apr 2, 2020, 11:00:00 AM; <span title=\"Codes: {http://loinc.org LA26735-3}\">Not Attempted</span></a></li></ul><p><b>derivedFrom</b>: <a href=\"QuestionnaireResponse-Connectathon-QuestResponse-FS-HospAdmission-SelfCare.html\">Questionnaire Response. Generated Summary: id: Connectathon-QuestResponse-FS-HospAdmission-SelfCare; questionnaire: https://api.logicahealth.org/PACIO/open/Questionnaire/MDS3.0-NC-1.17; status: completed; authored: Apr 2, 2020, 11:00:00 AM</a></p></div>"
  },
  "extension": [
    {
      "url": "http://hl7.org/fhir/StructureDefinition/event-location",
      "valueReference": {
        "reference": "Location/Connectathon-Org-Loc-01"
      }
    }
  ],
  "status": "final",
  "category": [
    {
      "coding": [
        {
          "system": "http://terminology.hl7.org/CodeSystem/observation-category",
          "code": "survey"
        }
      ]
    }
  ],
  "code": {
    "coding": [
      {
        "system": "http://loinc.org",
        "code": "83233-7",
        "display": "Self-Care - Admission Performance"
      }
    ]
  },
  "subject": {
    "reference": "Patient/patientBSJ1"
  },
  "effectiveDateTime": "2020-04-02T10:00:00-05:00",
  "performer": [
    {
      "reference": "Practitioner/Connectathon-Practitioner-SallySmith"
    },
    {
      "reference": "PractitionerRole/Connectathon-Role-PT"
    },
    {
      "reference": "Organization/Connectathon-Org-01",
      "display": "Organization"
    }
  ],
  "hasMember": [
    {
      "reference": "Observation/Connectathon-Assessment-FS-HospAdmission-SelfCare-Ob-1"
    },
    {
      "reference": "Observation/Connectathon-Assessment-FS-HospAdmission-SelfCare-Ob-7"
    },
    {
      "reference": "Observation/Connectathon-Assessment-FS-HospAdmission-SelfCare-Ob-13"
    },
    {
      "reference": "Observation/Connectathon-Assessment-FS-HospAdmission-SelfCare-Ob-19"
    },
    {
      "reference": "Observation/Connectathon-Assessment-FS-HospAdmission-SelfCare-Ob-25"
    },
    {
      "reference": "Observation/Connectathon-Assessment-FS-HospAdmission-SelfCare-Ob-31"
    },
    {
      "reference": "Observation/Connectathon-Assessment-FS-HospAdmission-SelfCare-Ob-37"
    }
  ],
  "derivedFrom": [
    {
      "reference": "QuestionnaireResponse/Connectathon-QuestResponse-FS-HospAdmission-SelfCare",
      "display": "Questionnaire Response"
    }
  ]
}