{
  "resourceType": "Observation",
  "id": "BetsySmithMDSSitToLying",
  "meta": {
    "profile": [
      "http://pacioproject.org//StructureDefinition/pacio-fs"
    ]
  },
  "text": {
    "status": "generated",
    "div": "<div xmlns=\"http://www.w3.org/1999/xhtml\"><p><b>Generated Narrative with Details</b></p><p><b>id</b>: BetsySmithMDSSitToLying</p><p><b>meta</b>: </p><p><b>status</b>: final</p><p><b>code</b>: Sit to lying - functional ability during 3 day assessment period [CMS Assessment] <span style=\"background: LightGoldenRodYellow\">(Details : {LOINC code '83216-2' = 'Sit to lying - functional ability during 3 day assessment period [CMS Assessment])</span></p><p><b>subject</b>: <a href=\"Betsy Smith\">Betsy Smith</a></p><p><b>effective</b>: Mar 24, 2020, 12:00:00 AM</p><p><b>performer</b>: <a href=\"CMS Provider\">CMS Provider</a></p><p><b>value</b>: Independent - Patient completes the activity by him/herself with no assistance from a helper. <span style=\"background: LightGoldenRodYellow\">(Details : {LOINC code 'LA9983-3' = 'Independent - Patient completes the activity by him/herself with no assistance from a helper.)</span></p></div>"
  },
  "status": "final",
  "code": {
    "coding": [
      {
        "system": "http://loinc.org",
        "code": "83216-2"
      }
    ]
  },
  "subject": {
    "reference": "Betsy Smith"
  },
  "effectiveDateTime": "2020-03-24",
  "performer": [
    {
      "reference": "CMS Provider"
    }
  ],
  "valueCodeableConcept": {
    "coding": [
      {
        "system": "http://loinc.org",
        "code": "LA9983-3"
      }
    ]
  }
}