{
  "resourceType": "Observation",
  "id": "BFS-Hospital-Admission-Mobility-1-Ob-Question-1",
  "meta": {
    "profile": [
      "http://hl7.org/fhir/us/functional-status-ig/StructureDefinition/pacio-fs"
    ]
  },
  "text": {
    "status": "extensions",
    "div": "<div xmlns=\"http://www.w3.org/1999/xhtml\"><p><b>Generated Narrative</b></p><h3>Ids</h3><table class=\"grid\"><tr><td>-</td></tr><tr><td>*</td></tr></table><h3>Meta</h3><table class=\"grid\"><tr><td>-</td></tr><tr><td>*</td></tr></table><p><b>Event Location</b>: </p><p></p><p><b>code</b>: <span title=\"Codes: {http://loinc.org 83218-8}\">Roll left and right</span></p><p><b>subject</b>: <a href=\"Patient-patientBSJ1.html\">Generated Summary: Betsy Smith-Johnson </a></p><p><b>effective</b>: Jul 8, 2020, 5:00:00 PM</p><p><b>performer</b>: </p><ul><li><a href=\"Practitioner-Practitioner-SallySmith.html\">Generated Summary: active; Sally Smith ; gender: female</a></li><li><a href=\"PractitionerRole-Role-PT.html\">Generated Summary: active; <span title=\"Codes: {http://snomed.info/sct 36682004}\">Physiotherapist</span></a></li><li><a href=\"Organization-Org-01.html\">Organization. Generated Summary: name: San Antonio General Hospital</a></li></ul><p><b>value</b>: <span title=\"Codes: {http://loinc.org LA11759-0}\">Substantial/maximal Assist</span></p><p><b>derivedFrom</b>: <a href=\"QuestionnaireResponse-QResponse-Hospital-Admission-Mobility-1.html\">Generated Summary: questionnaire: https://api.logicahealth.org/PACIO/open/Questionnaire/MDS3.0-NC-1.17; status: completed; authored: Jul 8, 2020, 5:00:00 PM</a></p></div>"
  },
  "extension": [
    {
      "url": "http://hl7.org/fhir/StructureDefinition/event-location",
      "valueReference": {
        "reference": "Location/Org-Loc-01"
      }
    }
  ],
  "status": "final",
  "code": {
    "coding": [
      {
        "system": "http://loinc.org",
        "code": "83218-8",
        "display": "What was the patient's usual performance related to their ability to roll from lying on back to left and right side, and return to lying on back on the bed?"
      }
    ],
    "text": "Roll left and right"
  },
  "subject": {
    "reference": "Patient/patientBSJ1"
  },
  "effectiveDateTime": "2020-07-08T16:00:00-05:00",
  "performer": [
    {
      "reference": "Practitioner/Practitioner-SallySmith"
    },
    {
      "reference": "PractitionerRole/Role-PT"
    },
    {
      "reference": "Organization/Org-01",
      "display": "Organization"
    }
  ],
  "valueCodeableConcept": {
    "coding": [
      {
        "system": "http://loinc.org",
        "code": "LA11759-0",
        "display": "Substantial/maximal Assist"
      }
    ],
    "text": "Substantial/maximal Assist"
  },
  "derivedFrom": [
    {
      "reference": "QuestionnaireResponse/QResponse-Hospital-Admission-Mobility-1"
    }
  ]
}