{
  "resourceType": "Observation",
  "id": "Assessment-SNF-Discharge-FS-5-Ob-94",
  "meta": {
    "profile": [
      "https://paciowg.github.io/functional-status-ig/StructureDefinition/pacio-fs"
    ]
  },
  "text": {
    "status": "generated",
    "div": "<div xmlns=\"http://www.w3.org/1999/xhtml\"><p><b>Generated Narrative</b></p><p><b>id</b>: Assessment-SNF-Discharge-FS-5-Ob-94</p><p><b>meta</b>: </p><p></p><p><b>code</b>: <span title=\"Codes: {http://loinc.org 83188-3}\">Wheel 50 feet with two turns</span></p><p><b>subject</b>: <a href=\"Patient-patientBSJ1.html\">Generated Summary: id: patientBSJ1; Betsy Smith-Johnson </a></p><p><b>effective</b>: Apr 23, 2020, 2:00:00 PM</p><p><b>performer</b>: </p><ul><li><a href=\"Practitioner-Practitioner-DanielGranger.html\">Generated Summary: id: Practitioner-DanielGranger; active; Daniel Granger ; gender: male</a></li><li><a href=\"PractitionerRole-Role-RN.html\">Generated Summary: id: Role-RN; active; <span title=\"Codes: {http://snomed.info/sct 224535009}\">Registered Nurse</span></a></li><li><a href=\"Organization-Org-02.html\">Organization. Generated Summary: id: Org-02; name: Happy Nursing Facility</a></li></ul><p><b>value</b>: <span title=\"Codes: {http://loinc.org LA27993-7}\">Independent</span></p><p><b>derivedFrom</b>: <a href=\"QuestionnaireResponse-QResponse-SNF-Discharge-FS-5.html\">Generated Summary: id: QResponse-SNF-Discharge-FS-5; questionnaire: https://api.logicahealth.org/PACIO/open/Questionnaire/MDS3.0-NC-1.17; status: completed; authored: Apr 23, 2020, 2:00:00 PM</a></p></div>"
  },
  "extension": [
    {
      "url": "http://hl7.org/fhir/StructureDefinition/event-location",
      "valueReference": {
        "reference": "Location/Org-Loc-02"
      }
    }
  ],
  "status": "final",
  "code": {
    "coding": [
      {
        "system": "http://loinc.org",
        "code": "83188-3",
        "display": "What was the patient's usual performance related to their ability to once seated in a wheelchair/scooter, wheel at least 50 feet and make two turns?"
      }
    ],
    "text": "Wheel 50 feet with two turns"
  },
  "subject": {
    "reference": "Patient/patientBSJ1"
  },
  "effectiveDateTime": "2020-04-23T13:00:00-05:00",
  "performer": [
    {
      "reference": "Practitioner/Practitioner-DanielGranger"
    },
    {
      "reference": "PractitionerRole/Role-RN"
    },
    {
      "reference": "Organization/Org-02",
      "display": "Organization"
    }
  ],
  "valueCodeableConcept": {
    "coding": [
      {
        "system": "http://loinc.org",
        "code": "LA27993-7",
        "display": "Independent"
      }
    ],
    "text": "Independent"
  },
  "derivedFrom": [
    {
      "reference": "QuestionnaireResponse/QResponse-SNF-Discharge-FS-5"
    }
  ]
}