{
  "resourceType": "Observation",
  "id": "BFS-Hospital-DischargeGoal-Mobility-1-Ob-Question-135",
  "meta": {
    "profile": [
      "http://paciowg.github.io/functional-status-ig/StructureDefinition/pacio-fs"
    ]
  },
  "text": {
    "status": "extensions",
    "div": "<div xmlns=\"http://www.w3.org/1999/xhtml\"><p><b>Generated Narrative</b></p><p><b>Event Location</b>: <a href=\"Location-Org-Loc-01.html\">Generated Summary: status: active; name: San Antonio General Hospital</a></p><p></p><p><b>code</b>: <span title=\"Codes: {http://loinc.org 83236-0}\">Wheel 150 feet - functional goal during 3 day assessment period [CMS Assessment]</span></p><p><b>subject</b>: <a href=\"Patient-patientBSJ1.html\">Generated Summary: Betsy Smith-Johnson </a></p><p><b>effective</b>: Jul 8, 2020 2:00:00 PM</p><p><b>performer</b>: </p><ul><li><a href=\"Practitioner-Practitioner-SallySmith.html\">Generated Summary: active; Sally Smith ; gender: female</a></li><li><a href=\"PractitionerRole-Role-PT.html\">Generated Summary: active; <span title=\"Codes: {http://snomed.info/sct 36682004}\">Physiotherapist</span></a></li><li><a href=\"Organization-Org-01.html\">Organization. Generated Summary: name: San Antonio General Hospital</a></li></ul><p><b>value</b>: <span title=\"Codes: {http://loinc.org LA11759-0}\">Substantial/maximal assistance - Helper does more than half the effort. Helper lifts or holds trunk or limbs and provides more than half the effort.</span></p><p><b>derivedFrom</b>: <a href=\"QuestionnaireResponse-QResponse-Hospital-DischargeGoal-Mobility-1.html\">Generated Summary: questionnaire: https://api.logicahealth.org/PACIO/open/Questionnaire/MDS3.0-NC-1.17; status: completed; authored: Jul 8, 2020 2:00:00 PM</a></p></div>"
  },
  "extension": [
    {
      "url": "http://hl7.org/fhir/StructureDefinition/event-location",
      "valueReference": {
        "reference": "Location/Org-Loc-01"
      }
    }
  ],
  "status": "final",
  "code": {
    "coding": [
      {
        "system": "http://loinc.org",
        "code": "83236-0",
        "display": "Wheel 150 feet - functional goal during 3 day assessment period [CMS Assessment]"
      }
    ],
    "text": "Wheel 150 feet - functional goal during 3 day assessment period [CMS Assessment]"
  },
  "subject": {
    "reference": "Patient/patientBSJ1"
  },
  "effectiveDateTime": "2020-07-08T16:00:00-05:00",
  "performer": [
    {
      "reference": "Practitioner/Practitioner-SallySmith"
    },
    {
      "reference": "PractitionerRole/Role-PT"
    },
    {
      "reference": "Organization/Org-01",
      "display": "Organization"
    }
  ],
  "valueCodeableConcept": {
    "coding": [
      {
        "system": "http://loinc.org",
        "code": "LA11759-0",
        "display": "Substantial/maximal assistance"
      }
    ],
    "text": "Substantial/maximal assistance - Helper does more than half the effort. Helper lifts or holds trunk or limbs and provides more than half the effort."
  },
  "derivedFrom": [
    {
      "reference": "QuestionnaireResponse/QResponse-Hospital-DischargeGoal-Mobility-1"
    }
  ]
}