{
  "resourceType": "Observation",
  "id": "Connectathon-Assessment-FS-HospAdmission-SelfCare-Ob-31",
  "meta": {
    "profile": [
      "https://paciowg.github.io/functional-status-ig/StructureDefinition/pacio-fs"
    ]
  },
  "text": {
    "status": "generated",
    "div": "<div xmlns=\"http://www.w3.org/1999/xhtml\"><p><b>Generated Narrative with Details</b></p><p><b>id</b>: Connectathon-Assessment-FS-HospAdmission-SelfCare-Ob-31</p><p><b>meta</b>: </p><p><b>status</b>: final</p><p><b>code</b>: Lower body dressing <span style=\"background: LightGoldenRodYellow\">(Details : {LOINC code '83222-0' = 'Lower body dressing - functional ability during 3 day assessment period [CMS Assessment]', given as 'Lower body dressing - functional ability during 3D assessment period'})</span></p><p><b>subject</b>: <a href=\"Patient-patientBSJ1.html\">Generated Summary: id: patientBSJ1; Betsy Smith-Johnson </a></p><p><b>effective</b>: Apr 2, 2020, 11:00:00 AM</p><p><b>performer</b>: </p><ul><li><a href=\"Practitioner-Connectathon-Practitioner-SallySmith.html\">Generated Summary: id: Connectathon-Practitioner-SallySmith; active; Sally Smith ; gender: female</a></li><li><a href=\"PractitionerRole-Connectathon-Role-PT.html\">Generated Summary: id: Connectathon-Role-PT; active; <span title=\"Codes: {http://snomed.info/sct 36682004}\">Physiotherapist</span></a></li><li><a href=\"Organization-Connectathon-Org-01.html\">Organization. Generated Summary: id: Connectathon-Org-01; name: San Antonio General Hospital</a></li></ul><p><b>value</b>: Not Attempted <span style=\"background: LightGoldenRodYellow\">(Details : {LOINC code 'LA26735-3' = 'Not attempted due to medical condition or safety concerns', given as 'Not Attempted'})</span></p><p><b>derivedFrom</b>: <a href=\"QuestionnaireResponse-Connectathon-QuestResponse-FS-HospAdmission-SelfCare.html\">Generated Summary: id: Connectathon-QuestResponse-FS-HospAdmission-SelfCare; questionnaire: https://api.logicahealth.org/PACIO/open/Questionnaire/MDS3.0-NC-1.17; status: completed; authored: Apr 2, 2020, 11:00:00 AM</a></p></div>"
  },
  "extension": [
    {
      "url": "http://hl7.org/fhir/StructureDefinition/event-location",
      "valueReference": {
        "reference": "Location/Connectathon-Org-Loc-01"
      }
    }
  ],
  "status": "final",
  "code": {
    "coding": [
      {
        "system": "http://loinc.org",
        "code": "83222-0",
        "display": "Lower body dressing - functional ability during 3D assessment period"
      }
    ],
    "text": "Lower body dressing"
  },
  "subject": {
    "reference": "Patient/patientBSJ1"
  },
  "effectiveDateTime": "2020-04-02T10:00:00-05:00",
  "performer": [
    {
      "reference": "Practitioner/Connectathon-Practitioner-SallySmith"
    },
    {
      "reference": "PractitionerRole/Connectathon-Role-PT"
    },
    {
      "reference": "Organization/Connectathon-Org-01",
      "display": "Organization"
    }
  ],
  "valueCodeableConcept": {
    "coding": [
      {
        "system": "http://loinc.org",
        "code": "LA26735-3",
        "display": "Not Attempted"
      }
    ],
    "text": "Not Attempted"
  },
  "derivedFrom": [
    {
      "reference": "QuestionnaireResponse/Connectathon-QuestResponse-FS-HospAdmission-SelfCare"
    }
  ]
}