{
  "resourceType": "Observation",
  "id": "BFS-Hospital-Discharge-Mobility-1",
  "meta": {
    "profile": [
      "http://paciowg.github.io/functional-status-ig/StructureDefinition/pacio-bfs"
    ]
  },
  "text": {
    "status": "extensions",
    "div": "<div xmlns=\"http://www.w3.org/1999/xhtml\"><p><b>Generated Narrative</b></p><p><b>Event Location</b>: <a href=\"Location-Org-Loc-01.html\">Generated Summary: status: active; name: San Antonio General Hospital</a></p><p><b>DevicePatientUsed</b>: <a href=\"DeviceUseStatement-BFS-Hospital-Discharge-Mobility-1-UseOfDevice-1.html\">Generated Summary: status: active; recordedOn: Jul 10, 2020 12:34:00 PM</a></p><p><b>DevicePatientUsed</b>: <a href=\"DeviceUseStatement-BFS-Hospital-Discharge-Mobility-1-UseOfDevice-2.html\">Generated Summary: status: active; recordedOn: Jul 10, 2020 12:34:00 PM</a></p><p><b>DevicePatientUsed</b>: <a href=\"DeviceUseStatement-BFS-Hospital-Discharge-Mobility-1-UseOfDevice-3.html\">Generated Summary: status: active; recordedOn: Jul 10, 2020 12:34:00 PM</a></p><p><b>DevicePatientUsed</b>: <a href=\"DeviceUseStatement-BFS-Hospital-Discharge-Mobility-1-UseOfDevice-4.html\">Generated Summary: status: active; recordedOn: Jul 10, 2020 12:34:00 PM</a></p><p><b>DevicePatientUsed</b>: <a href=\"DeviceUseStatement-BFS-Hospital-Discharge-Mobility-1-UseOfDevice-5.html\">Generated Summary: status: active; recordedOn: Jul 10, 2020 12:34:00 PM</a></p><p></p><p><b>category</b>: <span title=\"Codes: {http://terminology.hl7.org/CodeSystem/observation-category survey}\">Survey</span></p><p><b>code</b>: <span title=\"Codes: {http://loinc.org 88331-4}\">Mobility - discharge performance during 3 day assessment period [CMS Assessment]</span></p><p><b>subject</b>: <a href=\"Patient-patientBSJ1.html\">Generated Summary: Betsy Smith-Johnson </a></p><p><b>effective</b>: Jul 10, 2020 12:34:00 PM</p><p><b>performer</b>: </p><ul><li><a href=\"Practitioner-Practitioner-RonMarble.html\">Generated Summary: active; Ron Marble ; gender: male</a></li><li><a href=\"PractitionerRole-Role-PT.html\">Generated Summary: active; <span title=\"Codes: {http://snomed.info/sct 36682004}\">Physiotherapist</span></a></li><li><a href=\"Organization-Org-01.html\">Organization. Generated Summary: name: San Antonio General Hospital</a></li></ul><p><b>hasMember</b>: </p><ul><li><a href=\"Observation-BFS-Hospital-Discharge-Mobility-1-Ob-Question-2.html\">Generated Summary: <span title=\"Codes: {http://loinc.org 83218-8}\">Roll left and right - functional ability during 3 day assessment period [CMS Assessment]</span>; effective: Jul 10, 2020 12:34:00 PM; <span title=\"Codes: {http://loinc.org LA10055-4}\">Partial/moderate assistance - Helper does less than half the effort. Helper lifts, holds or supports trunk or limbs, but provides less than half the effort.</span></a></li><li><a href=\"Observation-BFS-Hospital-Discharge-Mobility-1-Ob-Question-8.html\">Generated Summary: <span title=\"Codes: {http://loinc.org 83216-2}\">Sit to lying - functional ability during 3 day assessment period [CMS Assessment]</span>; effective: Jul 10, 2020 12:34:00 PM; <span title=\"Codes: {http://loinc.org LA10055-4}\">Partial/moderate assistance - Helper does less than half the effort. Helper lifts, holds or supports trunk or limbs, but provides less than half the effort.</span></a></li><li><a href=\"Observation-BFS-Hospital-Discharge-Mobility-1-Ob-Question-14.html\">Generated Summary: <span title=\"Codes: {http://loinc.org 83214-7}\">Lying to sitting on side of bed - functional ability during 3 day assessment period [CMS Assessment]</span>; effective: Jul 10, 2020 12:34:00 PM; <span title=\"Codes: {http://loinc.org LA10055-4}\">Partial/moderate assistance - Helper does less than half the effort. Helper lifts, holds or supports trunk or limbs, but provides less than half the effort.</span></a></li><li><a href=\"Observation-BFS-Hospital-Discharge-Mobility-1-Ob-Question-20.html\">Generated Summary: <span title=\"Codes: {http://loinc.org 83212-1}\">Sit to stand - functional ability during 3 day assessment period [CMS Assessment]</span>; effective: Jul 10, 2020 12:34:00 PM; <span title=\"Codes: {http://loinc.org LA10055-4}\">Partial/moderate assistance - Helper does less than half the effort. Helper lifts, holds or supports trunk or limbs, but provides less than half the effort.</span></a></li><li><a href=\"Observation-BFS-Hospital-Discharge-Mobility-1-Ob-Question-26.html\">Generated Summary: <span title=\"Codes: {http://loinc.org 83210-5}\">Bed-to-chair transfer - functional ability during 3 day assessment period [CMS Assessment]</span>; effective: Jul 10, 2020 12:34:00 PM; <span title=\"Codes: {http://loinc.org LA11759-0}\">Substantial/maximal assistance - Helper does more than half the effort. Helper lifts or holds trunk or limbs and provides more than half the effort.</span></a></li><li><a href=\"Observation-BFS-Hospital-Discharge-Mobility-1-Ob-Question-32.html\">Generated Summary: <span title=\"Codes: {http://loinc.org 83208-9}\">Toilet transfer - functional ability during 3 day assessment period [CMS Assessment]</span>; effective: Jul 10, 2020 12:34:00 PM; <span title=\"Codes: {http://loinc.org LA11759-0}\">Substantial/maximal assistance - Helper does more than half the effort. Helper lifts or holds trunk or limbs and provides more than half the effort.</span></a></li><li><a href=\"Observation-BFS-Hospital-Discharge-Mobility-1-Ob-Question-38.html\">Generated Summary: <span title=\"Codes: {http://loinc.org 83206-3}\">Car transfer - functional ability during 3 day assessment period [CMS Assessment]</span>; effective: Jul 10, 2020 12:34:00 PM; <span title=\"Codes: {http://loinc.org LA26735-3}\">Not attempted due to medical condition or safety concerns</span></a></li><li><a href=\"Observation-BFS-Hospital-Discharge-Mobility-1-Ob-Question-44.html\">Generated Summary: <span title=\"Codes: {http://loinc.org 83204-8}\">Walk 10 feet - functional ability during 3 day assessment period [CMS Assessment]</span>; effective: Jul 10, 2020 12:34:00 PM; <span title=\"Codes: {http://loinc.org LA11759-0}\">Substantial/maximal assistance - Helper does more than half the effort. Helper lifts or holds trunk or limbs and provides more than half the effort.</span></a></li><li><a href=\"Observation-BFS-Hospital-Discharge-Mobility-1-Ob-Question-50.html\">Generated Summary: <span title=\"Codes: {http://loinc.org 83202-2}\">Walk 50 feet with two turns - functional ability during 3 day assessment period [CMS Assessment]</span>; effective: Jul 10, 2020 12:34:00 PM; <span title=\"Codes: {http://loinc.org LA11759-0}\">Substantial/maximal assistance - Helper does more than half the effort. Helper lifts or holds trunk or limbs and provides more than half the effort.</span></a></li><li><a href=\"Observation-BFS-Hospital-Discharge-Mobility-1-Ob-Question-56.html\">Generated Summary: <span title=\"Codes: {http://loinc.org 83200-6}\">Walk 150 feet - functional ability during 3 day assessment period [CMS Assessment]</span>; effective: Jul 10, 2020 12:34:00 PM; <span title=\"Codes: {http://loinc.org LA11759-0}\">Substantial/maximal assistance - Helper does more than half the effort. Helper lifts or holds trunk or limbs and provides more than half the effort.</span></a></li><li><a href=\"Observation-BFS-Hospital-Discharge-Mobility-1-Ob-Question-62.html\">Generated Summary: <span title=\"Codes: {http://loinc.org 83198-2}\">Walking 10 feet on uneven surfaces - functional ability during 3 day assessment period [CMS Assessment]</span>; effective: Jul 10, 2020 12:34:00 PM; <span title=\"Codes: {http://loinc.org LA26735-3}\">Not attempted due to medical condition or safety concerns</span></a></li><li><a href=\"Observation-BFS-Hospital-Discharge-Mobility-1-Ob-Question-68.html\">Generated Summary: <span title=\"Codes: {http://loinc.org 83196-6}\">1 step (curb) - functional ability during 3 day assessment period [CMS Assessment]</span>; effective: Jul 10, 2020 12:34:00 PM; <span title=\"Codes: {http://loinc.org LA26735-3}\">Not attempted due to medical condition or safety concerns</span></a></li><li><a href=\"Observation-BFS-Hospital-Discharge-Mobility-1-Ob-Question-74.html\">Generated Summary: <span title=\"Codes: {http://loinc.org 83194-1}\">4 steps - functional ability during 3 day assessment period [CMS Assessment]</span>; effective: Jul 10, 2020 12:34:00 PM; <span title=\"Codes: {http://loinc.org LA26735-3}\">Not attempted due to medical condition or safety concerns</span></a></li><li><a href=\"Observation-BFS-Hospital-Discharge-Mobility-1-Ob-Question-80.html\">Generated Summary: <span title=\"Codes: {http://loinc.org 83192-5}\">12 steps - functional ability during 3 day assessment period [CMS Assessment]</span>; effective: Jul 10, 2020 12:34:00 PM; <span title=\"Codes: {http://loinc.org LA26735-3}\">Not attempted due to medical condition or safety concerns</span></a></li><li><a href=\"Observation-BFS-Hospital-Discharge-Mobility-1-Ob-Question-86.html\">Generated Summary: <span title=\"Codes: {http://loinc.org 83190-9}\">Picking up object - functional ability during 3 day assessment period [CMS Assessment]</span>; effective: Jul 10, 2020 12:34:00 PM; <span title=\"Codes: {http://loinc.org LA26735-3}\">Not attempted due to medical condition or safety concerns</span></a></li><li><a href=\"Observation-BFS-Hospital-Discharge-Mobility-1-Ob-Question-92.html\">Generated Summary: <span title=\"Codes: {http://loinc.org 83188-3}\">Wheel 50 feet with two turns - functional ability during 3 day assessment period [CMS Assessment]</span>; effective: Jul 10, 2020 12:34:00 PM; <span title=\"Codes: {http://loinc.org LA11759-0}\">Substantial/maximal assistance - Helper does more than half the effort. Helper lifts or holds trunk or limbs and provides more than half the effort.</span></a></li><li><a href=\"Observation-BFS-Hospital-Discharge-Mobility-1-Ob-Question-98.html\">Generated Summary: <span title=\"Codes: {http://loinc.org 83235-2}\">Wheel 150 feet - functional ability during 3 day assessment period [CMS Assessment]</span>; effective: Jul 10, 2020 12:34:00 PM; <span title=\"Codes: {http://loinc.org LA11759-0}\">Substantial/maximal assistance - Helper does more than half the effort. Helper lifts or holds trunk or limbs and provides more than half the effort.</span></a></li></ul><p><b>derivedFrom</b>: <a href=\"QuestionnaireResponse-QResponse-Hospital-Discharge-Mobility-1.html\">Questionnaire Response. Generated Summary: questionnaire: https://api.logicahealth.org/PACIO/open/Questionnaire/MDS3.0-NC-1.17; status: completed; authored: Jul 10, 2020 12:34:00 PM</a></p></div>"
  },
  "extension": [
    {
      "url": "http://hl7.org/fhir/StructureDefinition/event-location",
      "valueReference": {
        "reference": "Location/Org-Loc-01"
      }
    },
    {
      "url": "http://paciowg.github.io/functional-status-ig/StructureDefinition/device-patient-used",
      "valueReference": {
        "reference": "DeviceUseStatement/BFS-Hospital-Discharge-Mobility-1-UseOfDevice-1"
      }
    },
    {
      "url": "http://paciowg.github.io/functional-status-ig/StructureDefinition/device-patient-used",
      "valueReference": {
        "reference": "DeviceUseStatement/BFS-Hospital-Discharge-Mobility-1-UseOfDevice-2"
      }
    },
    {
      "url": "http://paciowg.github.io/functional-status-ig/StructureDefinition/device-patient-used",
      "valueReference": {
        "reference": "DeviceUseStatement/BFS-Hospital-Discharge-Mobility-1-UseOfDevice-3"
      }
    },
    {
      "url": "http://paciowg.github.io/functional-status-ig/StructureDefinition/device-patient-used",
      "valueReference": {
        "reference": "DeviceUseStatement/BFS-Hospital-Discharge-Mobility-1-UseOfDevice-4"
      }
    },
    {
      "url": "http://paciowg.github.io/functional-status-ig/StructureDefinition/device-patient-used",
      "valueReference": {
        "reference": "DeviceUseStatement/BFS-Hospital-Discharge-Mobility-1-UseOfDevice-5"
      }
    }
  ],
  "status": "final",
  "category": [
    {
      "coding": [
        {
          "system": "http://terminology.hl7.org/CodeSystem/observation-category",
          "code": "survey"
        }
      ]
    }
  ],
  "code": {
    "coding": [
      {
        "system": "http://loinc.org",
        "code": "88331-4",
        "display": "Mobility - discharge performance during 3 day assessment period [CMS Assessment]"
      }
    ]
  },
  "subject": {
    "reference": "Patient/patientBSJ1"
  },
  "effectiveDateTime": "2020-07-10T14:34:00-05:00",
  "performer": [
    {
      "reference": "Practitioner/Practitioner-RonMarble"
    },
    {
      "reference": "PractitionerRole/Role-PT"
    },
    {
      "reference": "Organization/Org-01",
      "display": "Organization"
    }
  ],
  "hasMember": [
    {
      "reference": "Observation/BFS-Hospital-Discharge-Mobility-1-Ob-Question-2"
    },
    {
      "reference": "Observation/BFS-Hospital-Discharge-Mobility-1-Ob-Question-8"
    },
    {
      "reference": "Observation/BFS-Hospital-Discharge-Mobility-1-Ob-Question-14"
    },
    {
      "reference": "Observation/BFS-Hospital-Discharge-Mobility-1-Ob-Question-20"
    },
    {
      "reference": "Observation/BFS-Hospital-Discharge-Mobility-1-Ob-Question-26"
    },
    {
      "reference": "Observation/BFS-Hospital-Discharge-Mobility-1-Ob-Question-32"
    },
    {
      "reference": "Observation/BFS-Hospital-Discharge-Mobility-1-Ob-Question-38"
    },
    {
      "reference": "Observation/BFS-Hospital-Discharge-Mobility-1-Ob-Question-44"
    },
    {
      "reference": "Observation/BFS-Hospital-Discharge-Mobility-1-Ob-Question-50"
    },
    {
      "reference": "Observation/BFS-Hospital-Discharge-Mobility-1-Ob-Question-56"
    },
    {
      "reference": "Observation/BFS-Hospital-Discharge-Mobility-1-Ob-Question-62"
    },
    {
      "reference": "Observation/BFS-Hospital-Discharge-Mobility-1-Ob-Question-68"
    },
    {
      "reference": "Observation/BFS-Hospital-Discharge-Mobility-1-Ob-Question-74"
    },
    {
      "reference": "Observation/BFS-Hospital-Discharge-Mobility-1-Ob-Question-80"
    },
    {
      "reference": "Observation/BFS-Hospital-Discharge-Mobility-1-Ob-Question-86"
    },
    {
      "reference": "Observation/BFS-Hospital-Discharge-Mobility-1-Ob-Question-92"
    },
    {
      "reference": "Observation/BFS-Hospital-Discharge-Mobility-1-Ob-Question-98"
    }
  ],
  "derivedFrom": [
    {
      "reference": "QuestionnaireResponse/QResponse-Hospital-Discharge-Mobility-1",
      "display": "Questionnaire Response"
    }
  ]
}