{
  "resourceType": "Observation",
  "id": "cms-bundle-02",
  "meta": {
    "profile": [
      "http://pacioproject.org//StructureDefinition/pacio-bfs"
    ]
  },
  "text": {
    "status": "generated",
    "div": "<div xmlns=\"http://www.w3.org/1999/xhtml\"><p><b>Generated Narrative with Details</b></p><p><b>id</b>: cms-bundle-02</p><p><b>meta</b>: </p><p><b>status</b>: final</p><p><b>category</b>: Survey <span style=\"background: LightGoldenRodYellow\">(Details : {http://terminology.hl7.org/CodeSystem/observation-category code 'survey' = 'Survey)</span></p><p><b>code</b>: MDS v3.0 - RAI v1.17.1 - Interim Payment Assessment (IPA) item set [CMS Assessment] <span style=\"background: LightGoldenRodYellow\">(Details : {LOINC code '90480-5' = 'MDS v3.0 - RAI v1.17.1 - Interim Payment Assessment (IPA) item set [CMS Assessment])</span></p><p><b>subject</b>: <a href=\"BetsySmith\">BetsySmith</a></p><p><b>effective</b>: Jan 22, 2020, 12:00:00 AM</p><p><b>performer</b>: <a href=\"CMS Provider\">CMS Provider</a></p><p><b>hasMember</b>: </p><ul><li><a href=\"BetsySmithMDSEatingDischarge01\">BetsySmithMDSEatingDischarge01</a></li><li><a href=\"BetsySmithMDSOralHygieneDischarge01\">BetsySmithMDSOralHygieneDischarge01</a></li><li><a href=\"BetsySmithMDSToiletingHygieneDischarge01\">BetsySmithMDSToiletingHygieneDischarge01</a></li><li><a href=\"Observation-BetsySmithMDSLyingToSittingDischarge01.html\">Generated Summary: id: BetsySmithMDSLyingToSittingDischarge01; <span title=\"Codes: {http://loinc.org 83214-7}\">Lying to sitting on side of bed - functional ability during 3 day assessment period [CMS Assessment]</span>; effective: Jan 22, 2020, 12:00:00 AM; <span title=\"Codes: {http://loinc.org LA9983-3}\">Independent - Patient completes the activity by him/herself with no assistance from a helper.</span></a></li><li><a href=\"Observation-BetsySmithMDSSitToLyingDischarge01.html\">Generated Summary: id: BetsySmithMDSSitToLyingDischarge01; <span title=\"Codes: {http://loinc.org 83216-2}\">Sit to lying - functional ability during 3 day assessment period [CMS Assessment]</span>; effective: Jan 22, 2020, 12:00:00 AM; <span title=\"Codes: {http://loinc.org LA9983-3}\">Independent - Patient completes the activity by him/herself with no assistance from a helper.</span></a></li><li><a href=\"Observation-BetsySmithMDSSitToStandDischarge01.html\">Generated Summary: id: BetsySmithMDSSitToStandDischarge01; <span title=\"Codes: {http://loinc.org 83212-1}\">Sit to stand - functional ability during 3 day assessment period [CMS Assessment]</span>; effective: Jan 22, 2020, 12:00:00 AM; <span title=\"Codes: {http://loinc.org LA9983-3}\">Independent - Patient completes the activity by him/herself with no assistance from a helper.</span></a></li><li><a href=\"Observation-BetsySmithMDSBedToChairDischarge01.html\">Generated Summary: id: BetsySmithMDSBedToChairDischarge01; <span title=\"Codes: {http://loinc.org 83210-5}\">Bed-to-chair transfer - functional ability during 3 day assessment period [CMS Assessment]</span>; effective: Jan 22, 2020, 12:00:00 AM; <span title=\"Codes: {http://loinc.org LA9983-3}\">Independent - Patient completes the activity by him/herself with no assistance from a helper.</span></a></li><li><a href=\"Observation-BetsySmithMDSToiletTransferDischarge01.html\">Generated Summary: id: BetsySmithMDSToiletTransferDischarge01; <span title=\"Codes: {http://loinc.org 83208-9}\">Bed-to-chair transfer - functional ability during 3 day assessment period [CMS Assessment]</span>; effective: Jan 22, 2020, 12:00:00 AM; <span title=\"Codes: {http://loinc.org LA9983-3}\">Independent - Patient completes the activity by him/herself with no assistance from a helper.</span></a></li><li><a href=\"Observation-BetsySmithMDSWalk10feetDischarge01.html\">Generated Summary: id: BetsySmithMDSWalk10feetDischarge01; <span title=\"Codes: {http://loinc.org 83208-9}\">Walk 10 feet - functional ability during 3 day assessment period [CMS Assessment]</span>; effective: Jan 22, 2020, 12:00:00 AM; <span title=\"Codes: {http://loinc.org LA11757-4}\">Supervision or touching assistance - Helper provides verbal cues or touching/steadying assistance as patient completes activity. Assistance may be provided throughout the activity or intermittently.</span></a></li><li><a href=\"Observation-BetsySmithMDSWalk50feetDischarge01.html\">Generated Summary: id: BetsySmithMDSWalk50feetDischarge01; <span title=\"Codes: {http://loinc.org 83202-2}\">Walk 50 feet with two turns  - functional ability during 3 day assessment period [CMS Assessment]</span>; effective: Jan 22, 2020, 12:00:00 AM; <span title=\"Codes: {http://loinc.org LA11757-4}\">Supervision or touching assistance - Helper provides verbal cues or touching/steadying assistance as patient completes activity. Assistance may be provided throughout the activity or intermittently.</span></a></li><li><a href=\"Observation-BetsySmithMDSWalk150feetDischarge01.html\">Generated Summary: id: BetsySmithMDSWalk150feetDischarge01; <span title=\"Codes: {http://loinc.org 83200-6}\">Walk 150 feet - functional ability during 3 day assessment period [CMS Assessment]</span>; effective: Jan 22, 2020, 12:00:00 AM; <span title=\"Codes: {http://loinc.org LA10055-4}\">Partial/moderate assistance - Helper does less than half the effort. Helper lifts, holds or supports trunk or limbs, but provides less than half the effort.</span></a></li></ul></div>"
  },
  "status": "final",
  "category": [
    {
      "coding": [
        {
          "system": "http://terminology.hl7.org/CodeSystem/observation-category",
          "code": "survey"
        }
      ]
    }
  ],
  "code": {
    "coding": [
      {
        "system": "http://loinc.org",
        "code": "90480-5"
      }
    ]
  },
  "subject": {
    "reference": "BetsySmith"
  },
  "effectiveDateTime": "2020-01-22",
  "performer": [
    {
      "reference": "CMS Provider"
    }
  ],
  "hasMember": [
    {
      "reference": "BetsySmithMDSEatingDischarge01"
    },
    {
      "reference": "BetsySmithMDSOralHygieneDischarge01"
    },
    {
      "reference": "BetsySmithMDSToiletingHygieneDischarge01"
    },
    {
      "reference": "Observation/BetsySmithMDSLyingToSittingDischarge01"
    },
    {
      "reference": "Observation/BetsySmithMDSSitToLyingDischarge01"
    },
    {
      "reference": "Observation/BetsySmithMDSSitToStandDischarge01"
    },
    {
      "reference": "Observation/BetsySmithMDSBedToChairDischarge01"
    },
    {
      "reference": "Observation/BetsySmithMDSToiletTransferDischarge01"
    },
    {
      "reference": "Observation/BetsySmithMDSWalk10feetDischarge01"
    },
    {
      "reference": "Observation/BetsySmithMDSWalk50feetDischarge01"
    },
    {
      "reference": "Observation/BetsySmithMDSWalk150feetDischarge01"
    }
  ]
}