{
  "resourceType": "Observation",
  "id": "Connectathon-Assessment-FS-HHStart-SelfCare-Ob-11",
  "meta": {
    "profile": [
      "https://paciowg.github.io/functional-status-ig/StructureDefinition/pacio-fs"
    ]
  },
  "text": {
    "status": "generated",
    "div": "<div xmlns=\"http://www.w3.org/1999/xhtml\"><p><b>Generated Narrative</b></p><p><b>id</b>: Connectathon-Assessment-FS-HHStart-SelfCare-Ob-11</p><p><b>meta</b>: </p><p></p><p><b>code</b>: <span title=\"Codes: {http://loinc.org 83230-3}\">Oral hygiene</span></p><p><b>subject</b>: <a href=\"Patient-patientBSJ1.html\">Generated Summary: id: patientBSJ1; Betsy Smith-Johnson </a></p><p><b>effective</b>: Apr 24, 2020, 3:00:00 PM</p><p><b>performer</b>: </p><ul><li><a href=\"Practitioner-Connectathon-Practitioner-LunaBaskins.html\">Generated Summary: id: Connectathon-Practitioner-LunaBaskins; active; Luna Baskins ; gender: female</a></li><li><a href=\"PractitionerRole-Connectathon-Role-RN.html\">Generated Summary: id: Connectathon-Role-RN; active; <span title=\"Codes: {http://snomed.info/sct 224535009}\">Registered Nurse</span></a></li><li><a href=\"Organization-Connectathon-Org-03.html\">Organization. Generated Summary: id: Connectathon-Org-03; name: Sky Harbor Home Health Services</a></li></ul><p><b>value</b>: <span title=\"Codes: {http://loinc.org LA9983-3}\">Independent</span></p><p><b>derivedFrom</b>: <a href=\"QuestionnaireResponse-Connectathon-QuestResponse-FS-HHStart-SelfCare.html\">Generated Summary: id: Connectathon-QuestResponse-FS-HHStart-SelfCare; questionnaire: https://api.logicahealth.org/PACIO/open/Questionnaire/MDS3.0-NC-1.17; status: completed; authored: Apr 24, 2020, 3:00:00 PM</a></p></div>"
  },
  "extension": [
    {
      "url": "http://hl7.org/fhir/StructureDefinition/event-location",
      "valueReference": {
        "reference": "Location/Connectathon-Org-Loc-03"
      }
    }
  ],
  "status": "final",
  "code": {
    "coding": [
      {
        "system": "http://loinc.org",
        "code": "83230-3",
        "display": "Oral hygiene - functional ability during 3D assessment period"
      }
    ],
    "text": "Oral hygiene"
  },
  "subject": {
    "reference": "Patient/patientBSJ1"
  },
  "effectiveDateTime": "2020-04-24T14:00:00-05:00",
  "performer": [
    {
      "reference": "Practitioner/Connectathon-Practitioner-LunaBaskins"
    },
    {
      "reference": "PractitionerRole/Connectathon-Role-RN"
    },
    {
      "reference": "Organization/Connectathon-Org-03",
      "display": "Organization"
    }
  ],
  "valueCodeableConcept": {
    "coding": [
      {
        "system": "http://loinc.org",
        "code": "LA9983-3",
        "display": "Independent"
      }
    ],
    "text": "Independent"
  },
  "derivedFrom": [
    {
      "reference": "QuestionnaireResponse/Connectathon-QuestResponse-FS-HHStart-SelfCare"
    }
  ]
}