{
  "resourceType": "Observation",
  "id": "Connectathon-Assessment-FS-HHDischarge-SelfCare",
  "meta": {
    "profile": [
      "https://paciowg.github.io/functional-status-ig/StructureDefinition/pacio-bfs"
    ]
  },
  "text": {
    "status": "generated",
    "div": "<div xmlns=\"http://www.w3.org/1999/xhtml\"><p><b>Generated Narrative</b></p><p><b>id</b>: Connectathon-Assessment-FS-HHDischarge-SelfCare</p><p><b>meta</b>: </p><p></p><p><b>category</b>: <span title=\"Codes: {http://terminology.hl7.org/CodeSystem/observation-category survey}\">Survey</span></p><p><b>code</b>: <span title=\"Codes: {http://loinc.org 83254-3}\">Self-Care - Discharge Performance</span></p><p><b>subject</b>: <a href=\"Patient-patientBSJ1.html\">Generated Summary: id: patientBSJ1; Betsy Smith-Johnson </a></p><p><b>effective</b>: May 1, 2020, 2:00:00 PM</p><p><b>performer</b>: </p><ul><li><a href=\"Practitioner-Connectathon-Practitioner-ScottDumble.html\">Generated Summary: id: Connectathon-Practitioner-ScottDumble; active; Scott Dumble ; gender: male</a></li><li><a href=\"PractitionerRole-Connectathon-Role-RN.html\">Generated Summary: id: Connectathon-Role-RN; active; <span title=\"Codes: {http://snomed.info/sct 224535009}\">Registered Nurse</span></a></li><li><a href=\"Organization-Connectathon-Org-03.html\">Organization. Generated Summary: id: Connectathon-Org-03; name: Sky Harbor Home Health Services</a></li></ul><p><b>hasMember</b>: </p><ul><li><a href=\"Observation-Connectathon-Assessment-FS-HHDischarge-SelfCare-Ob-6.html\">Generated Summary: id: Connectathon-Assessment-FS-HHDischarge-SelfCare-Ob-6; <span title=\"Codes: {http://loinc.org 83232-9}\">Eating</span>; effective: May 1, 2020, 2:00:00 PM; <span title=\"Codes: {http://loinc.org LA9983-3}\">Independent</span></a></li><li><a href=\"Observation-Connectathon-Assessment-FS-HHDischarge-SelfCare-Ob-12.html\">Generated Summary: id: Connectathon-Assessment-FS-HHDischarge-SelfCare-Ob-12; <span title=\"Codes: {http://loinc.org 83230-3}\">Oral hygiene</span>; effective: May 1, 2020, 2:00:00 PM; <span title=\"Codes: {http://loinc.org LA9983-3}\">Independent</span></a></li><li><a href=\"Observation-Connectathon-Assessment-FS-HHDischarge-SelfCare-Ob-18.html\">Generated Summary: id: Connectathon-Assessment-FS-HHDischarge-SelfCare-Ob-18; <span title=\"Codes: {http://loinc.org 83228-7}\">Toileting hygiene</span>; effective: May 1, 2020, 2:00:00 PM; <span title=\"Codes: {http://loinc.org LA9983-3}\">Independent</span></a></li><li><a href=\"Observation-Connectathon-Assessment-FS-HHDischarge-SelfCare-Ob-24.html\">Generated Summary: id: Connectathon-Assessment-FS-HHDischarge-SelfCare-Ob-24; <span title=\"Codes: {http://loinc.org 83226-1}\">Shower/bathe self</span>; effective: May 1, 2020, 2:00:00 PM; <span title=\"Codes: {http://loinc.org LA9983-3}\">Independent</span></a></li><li><a href=\"Observation-Connectathon-Assessment-FS-HHDischarge-SelfCare-Ob-30.html\">Generated Summary: id: Connectathon-Assessment-FS-HHDischarge-SelfCare-Ob-30; <span title=\"Codes: {http://loinc.org 83224-6}\">Upper body dressing</span>; effective: May 1, 2020, 2:00:00 PM; <span title=\"Codes: {http://loinc.org LA9983-3}\">Independent</span></a></li><li><a href=\"Observation-Connectathon-Assessment-FS-HHDischarge-SelfCare-Ob-36.html\">Generated Summary: id: Connectathon-Assessment-FS-HHDischarge-SelfCare-Ob-36; <span title=\"Codes: {http://loinc.org 83222-0}\">Lower body dressing</span>; effective: May 1, 2020, 2:00:00 PM; <span title=\"Codes: {http://loinc.org LA9983-3}\">Independent</span></a></li><li><a href=\"Observation-Connectathon-Assessment-FS-HHDischarge-SelfCare-Ob-42.html\">Generated Summary: id: Connectathon-Assessment-FS-HHDischarge-SelfCare-Ob-42; <span title=\"Codes: {http://loinc.org 83220-4}\">Putting on/taking off footwear</span>; effective: May 1, 2020, 2:00:00 PM; <span title=\"Codes: {http://loinc.org LA9983-3}\">Independent</span></a></li></ul><p><b>derivedFrom</b>: <a href=\"QuestionnaireResponse-Connectathon-QuestResponse-FS-HHDischarge-SelfCare.html\">Questionnaire Response. Generated Summary: id: Connectathon-QuestResponse-FS-HHDischarge-SelfCare; questionnaire: https://api.logicahealth.org/PACIO/open/Questionnaire/MDS3.0-NC-1.17; status: completed; authored: May 1, 2020, 2:00:00 PM</a></p></div>"
  },
  "extension": [
    {
      "url": "http://hl7.org/fhir/StructureDefinition/event-location",
      "valueReference": {
        "reference": "Location/Connectathon-Org-Loc-03"
      }
    }
  ],
  "status": "final",
  "category": [
    {
      "coding": [
        {
          "system": "http://terminology.hl7.org/CodeSystem/observation-category",
          "code": "survey"
        }
      ]
    }
  ],
  "code": {
    "coding": [
      {
        "system": "http://loinc.org",
        "code": "83254-3",
        "display": "Self-Care - Discharge Performance"
      }
    ]
  },
  "subject": {
    "reference": "Patient/patientBSJ1"
  },
  "effectiveDateTime": "2020-05-01T13:00:00-05:00",
  "performer": [
    {
      "reference": "Practitioner/Connectathon-Practitioner-ScottDumble"
    },
    {
      "reference": "PractitionerRole/Connectathon-Role-RN"
    },
    {
      "reference": "Organization/Connectathon-Org-03",
      "display": "Organization"
    }
  ],
  "hasMember": [
    {
      "reference": "Observation/Connectathon-Assessment-FS-HHDischarge-SelfCare-Ob-6"
    },
    {
      "reference": "Observation/Connectathon-Assessment-FS-HHDischarge-SelfCare-Ob-12"
    },
    {
      "reference": "Observation/Connectathon-Assessment-FS-HHDischarge-SelfCare-Ob-18"
    },
    {
      "reference": "Observation/Connectathon-Assessment-FS-HHDischarge-SelfCare-Ob-24"
    },
    {
      "reference": "Observation/Connectathon-Assessment-FS-HHDischarge-SelfCare-Ob-30"
    },
    {
      "reference": "Observation/Connectathon-Assessment-FS-HHDischarge-SelfCare-Ob-36"
    },
    {
      "reference": "Observation/Connectathon-Assessment-FS-HHDischarge-SelfCare-Ob-42"
    }
  ],
  "derivedFrom": [
    {
      "reference": "QuestionnaireResponse/Connectathon-QuestResponse-FS-HHDischarge-SelfCare",
      "display": "Questionnaire Response"
    }
  ]
}