{
  "resourceType": "Observation",
  "id": "Connectathon-Assessment-FS-3-First3DSNFAdmission-Ob-3",
  "meta": {
    "profile": [
      "https://paciowg.github.io/functional-status-ig/StructureDefinition/pacio-fs"
    ]
  },
  "text": {
    "status": "generated",
    "div": "<div xmlns=\"http://www.w3.org/1999/xhtml\"><p><b>Generated Narrative with Details</b></p><p><b>id</b>: Connectathon-Assessment-FS-3-First3DSNFAdmission-Ob-3</p><p><b>meta</b>: </p><p><b>status</b>: final</p><p><b>code</b>: Roll left and right <span style=\"background: LightGoldenRodYellow\">(Details : {LOINC code '83218-8' = 'Roll left and right - functional ability during 3 day assessment period [CMS Assessment]', given as 'What was the patient's usual performance related to their ability to roll from lying on back to left and right side, and return to lying on back on the bed?'})</span></p><p><b>subject</b>: <a href=\"Patient-patientBSJ1.html\">Generated Summary: id: patientBSJ1; Betsy Smith-Johnson </a></p><p><b>effective</b>: Apr 9, 2020 8:00:00 PM</p><p><b>performer</b>: </p><ul><li><a href=\"Practitioner-Connectathon-Practitioner-JenCadbury.html\">Generated Summary: id: Connectathon-Practitioner-JenCadbury; active; Jen Cadbury ; gender: female</a></li><li><a href=\"PractitionerRole-Connectathon-Role-PT.html\">Generated Summary: id: Connectathon-Role-PT; active; <span title=\"Codes: {http://snomed.info/sct 36682004}\">Physiotherapist</span></a></li><li><a href=\"Organization-Connectathon-Org-02.html\">Organization. Generated Summary: id: Connectathon-Org-02; name: Happy Nursing Facility</a></li></ul><p><b>value</b>: Partial/moderate Assist <span style=\"background: LightGoldenRodYellow\">(Details : {LOINC code 'LA27996-0' = 'Partial/moderate assistance - Helper does less than half the effort. Helper lifts, holds, or supports trunk or limbs, but provides less than half the effort.', given as 'Partial/moderate Assist'})</span></p><p><b>derivedFrom</b>: <a href=\"QuestionnaireResponse-Connectathon-QuestResponse-FS-3-First3DSNFAdmission.html\">Generated Summary: id: Connectathon-QuestResponse-FS-3-First3DSNFAdmission; questionnaire: https://api.logicahealth.org/PACIO/open/Questionnaire/MDS3.0-NC-1.17; status: completed; authored: Apr 9, 2020 8:00:00 PM</a></p></div>"
  },
  "extension": [
    {
      "url": "http://hl7.org/fhir/StructureDefinition/event-location",
      "valueReference": {
        "reference": "Location/Connectathon-Org-Loc-02"
      }
    }
  ],
  "status": "final",
  "code": {
    "coding": [
      {
        "system": "http://loinc.org",
        "code": "83218-8",
        "display": "What was the patient's usual performance related to their ability to roll from lying on back to left and right side, and return to lying on back on the bed?"
      }
    ],
    "text": "Roll left and right"
  },
  "subject": {
    "reference": "Patient/patientBSJ1"
  },
  "effectiveDateTime": "2020-04-09T15:00:00-05:00",
  "performer": [
    {
      "reference": "Practitioner/Connectathon-Practitioner-JenCadbury"
    },
    {
      "reference": "PractitionerRole/Connectathon-Role-PT"
    },
    {
      "reference": "Organization/Connectathon-Org-02",
      "display": "Organization"
    }
  ],
  "valueCodeableConcept": {
    "coding": [
      {
        "system": "http://loinc.org",
        "code": "LA27996-0",
        "display": "Partial/moderate Assist"
      }
    ],
    "text": "Partial/moderate Assist"
  },
  "derivedFrom": [
    {
      "reference": "QuestionnaireResponse/Connectathon-QuestResponse-FS-3-First3DSNFAdmission"
    }
  ]
}