{
  "resourceType": "Observation",
  "id": "Assessment-Hosp-DischargeGoal-SelfCare-Ob-46",
  "meta": {
    "profile": [
      "https://paciowg.github.io/functional-status-ig/StructureDefinition/pacio-fs"
    ]
  },
  "text": {
    "status": "generated",
    "div": "<div xmlns=\"http://www.w3.org/1999/xhtml\"><p><b>Generated Narrative</b></p><p><b>id</b>: Assessment-Hosp-DischargeGoal-SelfCare-Ob-46</p><p><b>meta</b>: </p><p></p><p><b>code</b>: <span title=\"Codes: {http://loinc.org 83225-3}\">Shower/bathe self</span></p><p><b>subject</b>: <a href=\"Patient-patientBSJ1.html\">Generated Summary: id: patientBSJ1; Betsy Smith-Johnson </a></p><p><b>effective</b>: Apr 2, 2020 3:00:00 PM</p><p><b>performer</b>: </p><ul><li><a href=\"Practitioner-Practitioner-SallySmith.html\">Generated Summary: id: Practitioner-SallySmith; active; Sally Smith ; gender: female</a></li><li><a href=\"PractitionerRole-Role-PT.html\">Generated Summary: id: Role-PT; active; <span title=\"Codes: {http://snomed.info/sct 36682004}\">Physiotherapist</span></a></li><li><a href=\"Organization-Org-01.html\">Organization. Generated Summary: id: Org-01; name: San Antonio General Hospital</a></li></ul><p><b>value</b>: <span title=\"Codes: {http://loinc.org LA27665-1}\">Not Attempted</span></p><p><b>derivedFrom</b>: <a href=\"QuestionnaireResponse-QResponse-Hosp-DischargeGoal-SelfCare.html\">Generated Summary: id: QResponse-Hosp-DischargeGoal-SelfCare; questionnaire: https://api.logicahealth.org/PACIO/open/Questionnaire/MDS3.0-NC-1.17; status: completed; authored: Apr 2, 2020 3:00:00 PM</a></p></div>"
  },
  "extension": [
    {
      "url": "http://hl7.org/fhir/StructureDefinition/event-location",
      "valueReference": {
        "reference": "Location/Org-Loc-01"
      }
    }
  ],
  "status": "final",
  "code": {
    "coding": [
      {
        "system": "http://loinc.org",
        "code": "83225-3",
        "display": "Shower &or bathe self - functional ability during 3D assessment period"
      }
    ],
    "text": "Shower/bathe self"
  },
  "subject": {
    "reference": "Patient/patientBSJ1"
  },
  "effectiveDateTime": "2020-04-02T10:00:00-05:00",
  "performer": [
    {
      "reference": "Practitioner/Practitioner-SallySmith"
    },
    {
      "reference": "PractitionerRole/Role-PT"
    },
    {
      "reference": "Organization/Org-01",
      "display": "Organization"
    }
  ],
  "valueCodeableConcept": {
    "coding": [
      {
        "system": "http://loinc.org",
        "code": "LA27665-1",
        "display": "Not Attempted"
      }
    ],
    "text": "Not Attempted"
  },
  "derivedFrom": [
    {
      "reference": "QuestionnaireResponse/QResponse-Hosp-DischargeGoal-SelfCare"
    }
  ]
}