{
  "resourceType": "Observation",
  "id": "BFS-HH-StartOfCare-Mobility-1-Ob-Question-65",
  "meta": {
    "profile": [
      "http://hl7.org/fhir/us/functional-status-ig/StructureDefinition/pacio-fs"
    ]
  },
  "text": {
    "status": "extensions",
    "div": "<div xmlns=\"http://www.w3.org/1999/xhtml\"><p><b>Generated Narrative</b></p><h3>Ids</h3><table class=\"grid\"><tr><td>-</td></tr><tr><td>*</td></tr></table><h3>Meta</h3><table class=\"grid\"><tr><td>-</td></tr><tr><td>*</td></tr></table><p><b>Event Location</b>: </p><p></p><p><b>code</b>: <span title=\"Codes: {http://loinc.org 83198-2}\">Walking 10 feet on uneven surfaces</span></p><p><b>subject</b>: <a href=\"Patient-patientBSJ1.html\">Generated Summary: Betsy Smith-Johnson </a></p><p><b>effective</b>: Aug 2, 2020, 2:31:00 PM</p><p><b>performer</b>: </p><ul><li><a href=\"Practitioner-Practitioner-LunaBaskins.html\">Generated Summary: active; Luna Baskins ; gender: female</a></li><li><a href=\"PractitionerRole-Role-PT.html\">Generated Summary: active; <span title=\"Codes: {http://snomed.info/sct 36682004}\">Physiotherapist</span></a></li><li><a href=\"Organization-Org-03.html\">Organization. Generated Summary: name: Sky Harbor Home Health Services</a></li></ul><p><b>value</b>: <span title=\"Codes: {http://loinc.org LA11759-0}\">Substantial/maximal assistance</span></p><p><b>derivedFrom</b>: <a href=\"QuestionnaireResponse-QResponse-HH-StartOfCare-Mobility-1.html\">Generated Summary: questionnaire: https://api.logicahealth.org/PACIO/open/Questionnaire/MDS3.0-NC-1.17; status: completed; authored: Aug 2, 2020, 2:31:00 PM</a></p></div>"
  },
  "extension": [
    {
      "url": "http://hl7.org/fhir/StructureDefinition/event-location",
      "valueReference": {
        "reference": "Location/Org-Loc-03"
      }
    }
  ],
  "status": "final",
  "code": {
    "coding": [
      {
        "system": "http://loinc.org",
        "code": "83198-2",
        "display": "What was the patient's usual performance related to their ability to walk 10 feet on uneven or sloping surfaces (indoor or outdoor), such as turf or gravel?"
      }
    ],
    "text": "Walking 10 feet on uneven surfaces"
  },
  "subject": {
    "reference": "Patient/patientBSJ1"
  },
  "effectiveDateTime": "2020-08-02T13:31:00-05:00",
  "performer": [
    {
      "reference": "Practitioner/Practitioner-LunaBaskins"
    },
    {
      "reference": "PractitionerRole/Role-PT"
    },
    {
      "reference": "Organization/Org-03",
      "display": "Organization"
    }
  ],
  "valueCodeableConcept": {
    "coding": [
      {
        "system": "http://loinc.org",
        "code": "LA11759-0",
        "display": "Substantial/maximal assistance"
      }
    ],
    "text": "Substantial/maximal assistance"
  },
  "derivedFrom": [
    {
      "reference": "QuestionnaireResponse/QResponse-HH-StartOfCare-Mobility-1"
    }
  ]
}