{
  "resourceType": "Observation",
  "id": "Connectathon-Assessment-FS-SNF-Last3DStay-SelfCare-Ob-40",
  "meta": {
    "profile": [
      "https://paciowg.github.io/functional-status-ig/StructureDefinition/pacio-fs"
    ]
  },
  "text": {
    "status": "generated",
    "div": "<div xmlns=\"http://www.w3.org/1999/xhtml\"><p><b>Generated Narrative with Details</b></p><p><b>id</b>: Connectathon-Assessment-FS-SNF-Last3DStay-SelfCare-Ob-40</p><p><b>meta</b>: </p><p><b>status</b>: final</p><p><b>code</b>: Putting on/taking off footwear <span style=\"background: LightGoldenRodYellow\">(Details : {LOINC code '83220-4' = 'Putting on/taking off footwear - functional ability during 3 day assessment period [CMS Assessment]', given as 'Putting on and taking off footwear - functional ability during 3D assessment period'})</span></p><p><b>subject</b>: <a href=\"Patient-patientBSJ1.html\">Generated Summary: id: patientBSJ1; Betsy Smith-Johnson </a></p><p><b>effective</b>: Apr 23, 2020 6:00:00 PM</p><p><b>performer</b>: </p><ul><li><a href=\"Practitioner-Connectathon-Practitioner-DanielGranger.html\">Generated Summary: id: Connectathon-Practitioner-DanielGranger; active; Daniel Granger ; gender: male</a></li><li><a href=\"PractitionerRole-Connectathon-Role-RN.html\">Generated Summary: id: Connectathon-Role-RN; active; <span title=\"Codes: {http://snomed.info/sct 224535009}\">Registered Nurse</span></a></li><li><a href=\"Organization-Connectathon-Org-02.html\">Organization. Generated Summary: id: Connectathon-Org-02; name: Happy Nursing Facility</a></li></ul><p><b>value</b>: Setup or clean-up assistance <span style=\"background: LightGoldenRodYellow\">(Details : {LOINC code 'LA10073-7' = 'Setup or clean-up assistance - Helper sets up or cleans up; patient completes activity. Helper assists only prior to or following the activity.', given as 'Setup or clean-up assistance'})</span></p><p><b>derivedFrom</b>: <a href=\"QuestionnaireResponse-Connectathon-QuestResponse-FS-SNF-Last3DStay-SelfCare.html\">Generated Summary: id: Connectathon-QuestResponse-FS-SNF-Last3DStay-SelfCare; questionnaire: https://api.logicahealth.org/PACIO/open/Questionnaire/MDS3.0-NC-1.17; status: completed; authored: Apr 23, 2020 6:00:00 PM</a></p></div>"
  },
  "extension": [
    {
      "url": "http://hl7.org/fhir/StructureDefinition/event-location",
      "valueReference": {
        "reference": "Location/Connectathon-Org-Loc-02"
      }
    }
  ],
  "status": "final",
  "code": {
    "coding": [
      {
        "system": "http://loinc.org",
        "code": "83220-4",
        "display": "Putting on and taking off footwear - functional ability during 3D assessment period"
      }
    ],
    "text": "Putting on/taking off footwear"
  },
  "subject": {
    "reference": "Patient/patientBSJ1"
  },
  "effectiveDateTime": "2020-04-23T13:00:00-05:00",
  "performer": [
    {
      "reference": "Practitioner/Connectathon-Practitioner-DanielGranger"
    },
    {
      "reference": "PractitionerRole/Connectathon-Role-RN"
    },
    {
      "reference": "Organization/Connectathon-Org-02",
      "display": "Organization"
    }
  ],
  "valueCodeableConcept": {
    "coding": [
      {
        "system": "http://loinc.org",
        "code": "LA10073-7",
        "display": "Setup or clean-up assistance"
      }
    ],
    "text": "Setup or clean-up assistance"
  },
  "derivedFrom": [
    {
      "reference": "QuestionnaireResponse/Connectathon-QuestResponse-FS-SNF-Last3DStay-SelfCare"
    }
  ]
}