{
  "resourceType": "Observation",
  "id": "BFS-SNF-DischargeGoal-Mobility-1-Ob-Question-122",
  "meta": {
    "profile": [
      "https://paciowg.github.io/functional-status-ig/StructureDefinition/pacio-fs"
    ]
  },
  "text": {
    "status": "extensions",
    "div": "<div xmlns=\"http://www.w3.org/1999/xhtml\"><p><b>Generated Narrative</b></p><h3>Ids</h3><table class=\"grid\"><tr><td>-</td></tr><tr><td>*</td></tr></table><h3>Meta</h3><table class=\"grid\"><tr><td>-</td></tr><tr><td>*</td></tr></table><p><b>Event Location</b>: </p><p></p><p><b>code</b>: <span title=\"Codes: {http://loinc.org 83199-0}\">Walk 150 feet</span></p><p><b>subject</b>: <a href=\"Patient-patientBSJ1.html\">Generated Summary: Betsy Smith-Johnson </a></p><p><b>effective</b>: Jul 11, 2020 9:32:00 PM</p><p><b>performer</b>: </p><ul><li><a href=\"Practitioner-Practitioner-JenCadbury.html\">Generated Summary: active; Jen Cadbury ; gender: female</a></li><li><a href=\"PractitionerRole-Role-PT.html\">Generated Summary: active; <span title=\"Codes: {http://snomed.info/sct 36682004}\">Physiotherapist</span></a></li><li><a href=\"Organization-Org-02.html\">Organization. Generated Summary: name: Happy Nursing Facility</a></li></ul><p><b>value</b>: <span title=\"Codes: {http://loinc.org LA10055-4}\">Partial/moderate Assist</span></p><p><b>derivedFrom</b>: <a href=\"QuestionnaireResponse-QResponse-SNF-DischargeGoal-Mobility-1.html\">Generated Summary: questionnaire: https://api.logicahealth.org/PACIO/open/Questionnaire/MDS3.0-NC-1.17; status: completed; authored: Jul 11, 2020 9:32:00 PM</a></p></div>"
  },
  "extension": [
    {
      "url": "http://hl7.org/fhir/StructureDefinition/event-location",
      "valueReference": {
        "reference": "Location/Org-Loc-02"
      }
    }
  ],
  "status": "final",
  "code": {
    "coding": [
      {
        "system": "http://loinc.org",
        "code": "83199-0",
        "display": "What was the patient's usual performance related to their ability once standing, to walk at least 150 feet in a corridor or similar space?"
      }
    ],
    "text": "Walk 150 feet"
  },
  "subject": {
    "reference": "Patient/patientBSJ1"
  },
  "effectiveDateTime": "2020-07-11T16:32:00-05:00",
  "performer": [
    {
      "reference": "Practitioner/Practitioner-JenCadbury"
    },
    {
      "reference": "PractitionerRole/Role-PT"
    },
    {
      "reference": "Organization/Org-02",
      "display": "Organization"
    }
  ],
  "valueCodeableConcept": {
    "coding": [
      {
        "system": "http://loinc.org",
        "code": "LA10055-4",
        "display": "Partial/moderate Assist"
      }
    ],
    "text": "Partial/moderate Assist"
  },
  "derivedFrom": [
    {
      "reference": "QuestionnaireResponse/QResponse-SNF-DischargeGoal-Mobility-1"
    }
  ]
}