{
  "resourceType": "Observation",
  "id": "BFS-SNF-DischargeGoal-Mobility-1",
  "meta": {
    "profile": [
      "http://paciowg.github.io/functional-status-ig/StructureDefinition/pacio-bfs"
    ]
  },
  "text": {
    "status": "extensions",
    "div": "<div xmlns=\"http://www.w3.org/1999/xhtml\"><p><b>Generated Narrative</b></p><p><b>Event Location</b>: <a href=\"Location-Org-Loc-02.html\">Generated Summary: status: active; name: Happy Nursing Facility</a></p><p></p><p><b>category</b>: <span title=\"Codes: {http://terminology.hl7.org/CodeSystem/observation-category survey}\">Survey</span></p><p><b>code</b>: <span title=\"Codes: {http://loinc.org 85056-0}\">Mobility - discharge goal during 3 day assessment period [CMS Assessment]</span></p><p><b>subject</b>: <a href=\"Patient-patientBSJ1.html\">Generated Summary: Betsy Smith-Johnson </a></p><p><b>effective</b>: Jul 11, 2020 2:32:00 PM</p><p><b>performer</b>: </p><ul><li><a href=\"Practitioner-Practitioner-JenCadbury.html\">Generated Summary: active; Jen Cadbury ; gender: female</a></li><li><a href=\"PractitionerRole-Role-PT.html\">Generated Summary: active; <span title=\"Codes: {http://snomed.info/sct 36682004}\">Physiotherapist</span></a></li><li><a href=\"Organization-Org-02.html\">Organization. Generated Summary: name: Happy Nursing Facility</a></li></ul><p><b>hasMember</b>: </p><ul><li><a href=\"Observation-BFS-SNF-DischargeGoal-Mobility-1-Ob-Question-104.html\">Generated Summary: <span title=\"Codes: {http://loinc.org 83217-0}\">Roll left and right - functional goal during 3 day assessment period [CMS Assessment]</span>; effective: Jul 11, 2020 2:32:00 PM; <span title=\"Codes: {http://loinc.org LA11757-4}\">Supervision or touching assistance</span></a></li><li><a href=\"Observation-BFS-SNF-DischargeGoal-Mobility-1-Ob-Question-106.html\">Generated Summary: <span title=\"Codes: {http://loinc.org 83215-4}\">Sit to lying - functional goal during 3 day assessment period [CMS Assessment]</span>; effective: Jul 11, 2020 2:32:00 PM; <span title=\"Codes: {http://loinc.org LA10073-7}\">Setup or clean-up assistance</span></a></li><li><a href=\"Observation-BFS-SNF-DischargeGoal-Mobility-1-Ob-Question-108.html\">Generated Summary: <span title=\"Codes: {http://loinc.org 83213-9}\">Lying to sitting on side of bed - functional goal during 3 day assessment period [CMS Assessment]</span>; effective: Jul 11, 2020 2:32:00 PM; <span title=\"Codes: {http://loinc.org LA10073-7}\">Setup or clean-up assistance</span></a></li><li><a href=\"Observation-BFS-SNF-DischargeGoal-Mobility-1-Ob-Question-110.html\">Generated Summary: <span title=\"Codes: {http://loinc.org 83211-3}\">Sit to stand - functional goal during 3 day assessment period [CMS Assessment]</span>; effective: Jul 11, 2020 2:32:00 PM; <span title=\"Codes: {http://loinc.org LA11757-4}\">Supervision or touching assistance</span></a></li><li><a href=\"Observation-BFS-SNF-DischargeGoal-Mobility-1-Ob-Question-112.html\">Generated Summary: <span title=\"Codes: {http://loinc.org 83209-7}\">Bed-to-chair transfer - functional goal during 3 day assessment period [CMS Assessment]</span>; effective: Jul 11, 2020 2:32:00 PM; <span title=\"Codes: {http://loinc.org LA11758-2}\">Partial/moderate Assist</span></a></li><li><a href=\"Observation-BFS-SNF-DischargeGoal-Mobility-1-Ob-Question-114.html\">Generated Summary: <span title=\"Codes: {http://loinc.org 83207-1}\">Toilet transfer - functional goal during 3 day assessment period [CMS Assessment]</span>; effective: Jul 11, 2020 2:32:00 PM; <span title=\"Codes: {http://loinc.org LA11758-2}\">Partial/moderate Assist</span></a></li><li><a href=\"Observation-BFS-SNF-DischargeGoal-Mobility-1-Ob-Question-116.html\">Generated Summary: <span title=\"Codes: {http://loinc.org 83205-5}\">Car transfer - functional goal during 3 day assessment period [CMS Assessment]</span>; effective: Jul 11, 2020 2:32:00 PM; <span title=\"Codes: {http://loinc.org LA11758-2}\">Partial/moderate Assist</span></a></li><li><a href=\"Observation-BFS-SNF-DischargeGoal-Mobility-1-Ob-Question-118.html\">Generated Summary: <span title=\"Codes: {http://loinc.org 83203-0}\">Walk 10 feet - functional goal during 3 day assessment period [CMS Assessment]</span>; effective: Jul 11, 2020 2:32:00 PM; <span title=\"Codes: {http://loinc.org LA11758-2}\">Partial/moderate Assist</span></a></li><li><a href=\"Observation-BFS-SNF-DischargeGoal-Mobility-1-Ob-Question-120.html\">Generated Summary: <span title=\"Codes: {http://loinc.org 83201-4}\">Walk 50 feet with two turns - functional goal during 3 day assessment period [CMS Assessment]</span>; effective: Jul 11, 2020 2:32:00 PM; <span title=\"Codes: {http://loinc.org LA11758-2}\">Partial/moderate Assist</span></a></li><li><a href=\"Observation-BFS-SNF-DischargeGoal-Mobility-1-Ob-Question-122.html\">Generated Summary: <span title=\"Codes: {http://loinc.org 83199-0}\">Walk 150 feet - functional goal during 3 day assessment period [CMS Assessment]</span>; effective: Jul 11, 2020 2:32:00 PM; <span title=\"Codes: {http://loinc.org LA11758-2}\">Partial/moderate Assist</span></a></li><li><a href=\"Observation-BFS-SNF-DischargeGoal-Mobility-1-Ob-Question-124.html\">Generated Summary: <span title=\"Codes: {http://loinc.org 83197-4}\">Walking 10 feet on uneven surfaces - functional goal during 3 day assessment period [CMS Assessment]</span>; effective: Jul 11, 2020 2:32:00 PM; <span title=\"Codes: {http://loinc.org LA11759-0}\">Substantial/maximal assistance - Helper does more than half the effort. Helper lifts or holds trunk or limbs and provides more than half the effort.</span></a></li><li><a href=\"Observation-BFS-SNF-DischargeGoal-Mobility-1-Ob-Question-126.html\">Generated Summary: <span title=\"Codes: {http://loinc.org 83195-8}\">1 step (curb) - functional goal during 3 day assessment period [CMS Assessment]</span>; effective: Jul 11, 2020 2:32:00 PM; <span title=\"Codes: {http://loinc.org LA11758-2}\">Partial/moderate Assist</span></a></li><li><a href=\"Observation-BFS-SNF-DischargeGoal-Mobility-1-Ob-Question-128.html\">Generated Summary: <span title=\"Codes: {http://loinc.org 83193-3}\">4 steps - functional goal during 3 day assessment period [CMS Assessment]</span>; effective: Jul 11, 2020 2:32:00 PM; <span title=\"Codes: {http://loinc.org LA11759-0}\">Substantial/maximal assistance - Helper does more than half the effort. Helper lifts or holds trunk or limbs and provides more than half the effort.</span></a></li><li><a href=\"Observation-BFS-SNF-DischargeGoal-Mobility-1-Ob-Question-130.html\">Generated Summary: <span title=\"Codes: {http://loinc.org 83191-7}\">12 steps - functional goal during 3 day assessment period [CMS Assessment]</span>; effective: Jul 11, 2020 2:32:00 PM; <span title=\"Codes: {http://loinc.org LA11759-0}\">Substantial/maximal assistance - Helper does more than half the effort. Helper lifts or holds trunk or limbs and provides more than half the effort.</span></a></li><li><a href=\"Observation-BFS-SNF-DischargeGoal-Mobility-1-Ob-Question-132.html\">Generated Summary: <span title=\"Codes: {http://loinc.org 83189-1}\">Picking up object - functional goal during 3 day assessment period [CMS Assessment]</span>; effective: Jul 11, 2020 2:32:00 PM; <span title=\"Codes: {http://loinc.org LA27665-1}\">Dependent</span></a></li><li><a href=\"Observation-BFS-SNF-DischargeGoal-Mobility-1-Ob-Question-134.html\">Generated Summary: <span title=\"Codes: {http://loinc.org 83187-5}\">Wheel 50 feet with two turns - functional goal during 3 day assessment period [CMS Assessment]</span>; effective: Jul 11, 2020 2:32:00 PM; <span title=\"Codes: {http://loinc.org LA11539-6}\">Independent</span></a></li><li><a href=\"Observation-BFS-SNF-DischargeGoal-Mobility-1-Ob-Question-136.html\">Generated Summary: <span title=\"Codes: {http://loinc.org 83236-0}\">Wheel 150 feet - functional goal during 3 day assessment period [CMS Assessment]</span>; effective: Jul 11, 2020 2:32:00 PM; <span title=\"Codes: {http://loinc.org LA27993-7}\">Independent</span></a></li></ul><p><b>derivedFrom</b>: <a href=\"QuestionnaireResponse-QResponse-SNF-DischargeGoal-Mobility-1.html\">Questionnaire Response. Generated Summary: questionnaire: https://api.logicahealth.org/PACIO/open/Questionnaire/MDS3.0-NC-1.17; status: completed; authored: Jul 11, 2020 2:32:00 PM</a></p></div>"
  },
  "extension": [
    {
      "url": "http://hl7.org/fhir/StructureDefinition/event-location",
      "valueReference": {
        "reference": "Location/Org-Loc-02"
      }
    }
  ],
  "status": "final",
  "category": [
    {
      "coding": [
        {
          "system": "http://terminology.hl7.org/CodeSystem/observation-category",
          "code": "survey"
        }
      ]
    }
  ],
  "code": {
    "coding": [
      {
        "system": "http://loinc.org",
        "code": "85056-0",
        "display": "Mobility - discharge goal during 3 day assessment period [CMS Assessment]"
      }
    ]
  },
  "subject": {
    "reference": "Patient/patientBSJ1"
  },
  "effectiveDateTime": "2020-07-11T16:32:00-05:00",
  "performer": [
    {
      "reference": "Practitioner/Practitioner-JenCadbury"
    },
    {
      "reference": "PractitionerRole/Role-PT"
    },
    {
      "reference": "Organization/Org-02",
      "display": "Organization"
    }
  ],
  "hasMember": [
    {
      "reference": "Observation/BFS-SNF-DischargeGoal-Mobility-1-Ob-Question-104"
    },
    {
      "reference": "Observation/BFS-SNF-DischargeGoal-Mobility-1-Ob-Question-106"
    },
    {
      "reference": "Observation/BFS-SNF-DischargeGoal-Mobility-1-Ob-Question-108"
    },
    {
      "reference": "Observation/BFS-SNF-DischargeGoal-Mobility-1-Ob-Question-110"
    },
    {
      "reference": "Observation/BFS-SNF-DischargeGoal-Mobility-1-Ob-Question-112"
    },
    {
      "reference": "Observation/BFS-SNF-DischargeGoal-Mobility-1-Ob-Question-114"
    },
    {
      "reference": "Observation/BFS-SNF-DischargeGoal-Mobility-1-Ob-Question-116"
    },
    {
      "reference": "Observation/BFS-SNF-DischargeGoal-Mobility-1-Ob-Question-118"
    },
    {
      "reference": "Observation/BFS-SNF-DischargeGoal-Mobility-1-Ob-Question-120"
    },
    {
      "reference": "Observation/BFS-SNF-DischargeGoal-Mobility-1-Ob-Question-122"
    },
    {
      "reference": "Observation/BFS-SNF-DischargeGoal-Mobility-1-Ob-Question-124"
    },
    {
      "reference": "Observation/BFS-SNF-DischargeGoal-Mobility-1-Ob-Question-126"
    },
    {
      "reference": "Observation/BFS-SNF-DischargeGoal-Mobility-1-Ob-Question-128"
    },
    {
      "reference": "Observation/BFS-SNF-DischargeGoal-Mobility-1-Ob-Question-130"
    },
    {
      "reference": "Observation/BFS-SNF-DischargeGoal-Mobility-1-Ob-Question-132"
    },
    {
      "reference": "Observation/BFS-SNF-DischargeGoal-Mobility-1-Ob-Question-134"
    },
    {
      "reference": "Observation/BFS-SNF-DischargeGoal-Mobility-1-Ob-Question-136"
    }
  ],
  "derivedFrom": [
    {
      "reference": "QuestionnaireResponse/QResponse-SNF-DischargeGoal-Mobility-1",
      "display": "Questionnaire Response"
    }
  ]
}