{
  "resourceType": "Observation",
  "id": "Connectathon-Assessment-SNF-Last3DStay-IADL-Ob-40",
  "meta": {
    "profile": [
      "https://paciowg.github.io/functional-status-ig/StructureDefinition/pacio-fs"
    ]
  },
  "text": {
    "status": "generated",
    "div": "<div xmlns=\"http://www.w3.org/1999/xhtml\"><p><b>Generated Narrative with Details</b></p><p><b>id</b>: Connectathon-Assessment-SNF-Last3DStay-IADL-Ob-40</p><p><b>meta</b>: </p><p><b>status</b>: final</p><p><b>code</b>: Medication management-oral medications <span style=\"background: LightGoldenRodYellow\">(Details : {LOINC code 'tbd-code-23' = 'tbd-code-23', given as 'Medication management-oral medications'})</span></p><p><b>subject</b>: <a href=\"Patient-patientBSJ1.html\">Generated Summary: id: patientBSJ1; Betsy Smith-Johnson </a></p><p><b>effective</b>: Apr 23, 2020 6:00:00 PM</p><p><b>performer</b>: </p><ul><li><a href=\"Practitioner-Connectathon-Practitioner-DanielGranger.html\">Generated Summary: id: Connectathon-Practitioner-DanielGranger; active; Daniel Granger ; gender: male</a></li><li><a href=\"PractitionerRole-Connectathon-Role-RN.html\">Generated Summary: id: Connectathon-Role-RN; active; <span title=\"Codes: {http://snomed.info/sct 224535009}\">Registered Nurse</span></a></li><li><a href=\"Organization-Connectathon-Org-02.html\">Organization. Generated Summary: id: Connectathon-Org-02; name: Happy Nursing Facility</a></li></ul><p><b>value</b>: Independant <span style=\"background: LightGoldenRodYellow\">(Details : {LOINC code 'LA-tbd-01' = 'LA-tbd-01', given as 'Independant'})</span></p><p><b>derivedFrom</b>: <a href=\"QuestionnaireResponse-Connectathon-QuestResponse-SNF-Last3DStay-IADL.html\">Generated Summary: id: Connectathon-QuestResponse-SNF-Last3DStay-IADL; questionnaire: https://api.logicahealth.org/PACIO/open/Questionnaire/MDS3.0-NC-1.17; status: completed; authored: Apr 23, 2020 6:00:00 PM</a></p></div>"
  },
  "extension": [
    {
      "url": "http://hl7.org/fhir/StructureDefinition/event-location",
      "valueReference": {
        "reference": "Location/Connectathon-Org-Loc-02"
      }
    }
  ],
  "status": "final",
  "code": {
    "coding": [
      {
        "system": "http://loinc.org",
        "code": "tbd-code-23",
        "display": "Medication management-oral medications"
      }
    ],
    "text": "Medication management-oral medications"
  },
  "subject": {
    "reference": "Patient/patientBSJ1"
  },
  "effectiveDateTime": "2020-04-23T13:00:00-05:00",
  "performer": [
    {
      "reference": "Practitioner/Connectathon-Practitioner-DanielGranger"
    },
    {
      "reference": "PractitionerRole/Connectathon-Role-RN"
    },
    {
      "reference": "Organization/Connectathon-Org-02",
      "display": "Organization"
    }
  ],
  "valueCodeableConcept": {
    "coding": [
      {
        "system": "http://loinc.org",
        "code": "LA-tbd-01",
        "display": "Independant"
      }
    ],
    "text": "Independant"
  },
  "derivedFrom": [
    {
      "reference": "QuestionnaireResponse/Connectathon-QuestResponse-SNF-Last3DStay-IADL"
    }
  ]
}