{
  "resourceType": "PractitionerRole",
  "id": "Role-PT",
  "text": {
    "status": "generated",
    "div": "<div xmlns=\"http://www.w3.org/1999/xhtml\"><p><b>Generated Narrative</b></p><h3>Ids</h3><table class=\"grid\"><tr><td>-</td></tr><tr><td>*</td></tr></table><p><b>active</b>: true</p><p><b>code</b>: <span title=\"Codes: {http://snomed.info/sct 36682004}\">Physiotherapist</span></p></div>"
  },
  "active": true,
  "code": [
    {
      "coding": [
        {
          "system": "http://snomed.info/sct",
          "code": "36682004",
          "display": "Physiotherapist"
        }
      ]
    }
  ]
}