{
  "resourceType": "QuestionnaireResponse",
  "id": "QResponse-SNF-DischargeGoal-Mobility-SelfCare-1",
  "meta": {
    "profile": [
      "http://paciowg.github.io/functional-status-ig/StructureDefinition/pacio-functional-qr"
    ]
  },
  "text": {
    "status": "generated",
    "div": "<div xmlns=\"http://www.w3.org/1999/xhtml\"><p><b>Generated Narrative</b></p><p><b>questionnaire</b>: <a href=\"https://api.logicahealth.org/PACIO/open/Questionnaire/MDS3.0-NC-1.17\">https://api.logicahealth.org/PACIO/open/Questionnaire/MDS3.0-NC-1.17</a></p><p><b>status</b>: completed</p><p><b>subject</b>: <a href=\"Patient-patientBSJ1.html\">Generated Summary: Betsy Smith-Johnson </a></p><p><b>authored</b>: Jul 11, 2020, 2:32:00 PM</p><blockquote><p><b>item</b></p><p><b>linkId</b>: Section-37</p><p><b>text</b>: Functional abilities and goals - admission [CMS Assessment]</p><blockquote><p><b>item</b></p><p><b>linkId</b>: Section-37/GG0130_2</p><p><b>text</b>: Self-care - discharge goal [CMS Assessment]</p></blockquote></blockquote></div>"
  },
  "questionnaire": "https://api.logicahealth.org/PACIO/open/Questionnaire/MDS3.0-NC-1.17",
  "status": "completed",
  "subject": {
    "reference": "Patient/patientBSJ1"
  },
  "authored": "2020-07-11T16:32:00-05:00",
  "item": [
    {
      "id": "88482-5",
      "linkId": "Section-37",
      "text": "Functional abilities and goals - admission [CMS Assessment]",
      "item": [
        {
          "id": "85054-5",
          "linkId": "Section-37/GG0130_2",
          "text": "Self-care - discharge goal [CMS Assessment]",
          "item": [
            {
              "id": "83231-1",
              "linkId": "Section-37/GG0130A2",
              "text": "Eating - functional goal during 3 day assessment period [CMS Assessment]",
              "answer": [
                {
                  "valueReference": {
                    "reference": "Observation/BFS-SNF-DischargeGoal-Mobility-SelfCare-1-Ob-Question-29"
                  }
                }
              ]
            },
            {
              "id": "83229-5",
              "linkId": "Section-37/GG0130B2",
              "text": "Oral hygiene - functional goal during 3 day assessment period [CMS Assessment]",
              "answer": [
                {
                  "valueReference": {
                    "reference": "Observation/BFS-SNF-DischargeGoal-Mobility-SelfCare-1-Ob-Question-30"
                  }
                }
              ]
            },
            {
              "id": "83227-9",
              "linkId": "Section-37/GG0130C2",
              "text": "Toileting hygiene - functional goal during 3 day assessment period [CMS Assessment]",
              "answer": [
                {
                  "valueReference": {
                    "reference": "Observation/BFS-SNF-DischargeGoal-Mobility-SelfCare-1-Ob-Question-31"
                  }
                }
              ]
            },
            {
              "id": "83225-3",
              "linkId": "Section-37/GG0130E2",
              "text": "Shower/bathe self - functional goal during 3 day assessment period [CMS Assessment]",
              "answer": [
                {
                  "valueReference": {
                    "reference": "Observation/BFS-SNF-DischargeGoal-Mobility-SelfCare-1-Ob-Question-32"
                  }
                }
              ]
            },
            {
              "id": "83223-8",
              "linkId": "Section-37/GG0130F2",
              "text": "Upper body dressing - functional goal during 3 day assessment period [CMS Assessment]",
              "answer": [
                {
                  "valueReference": {
                    "reference": "Observation/BFS-SNF-DischargeGoal-Mobility-SelfCare-1-Ob-Question-33"
                  }
                }
              ]
            },
            {
              "id": "83221-2",
              "linkId": "Section-37/GG0130G2",
              "text": "Lower body dressing - functional goal during 3 day assessment period [CMS Assessment]",
              "answer": [
                {
                  "valueReference": {
                    "reference": "Observation/BFS-SNF-DischargeGoal-Mobility-SelfCare-1-Ob-Question-34"
                  }
                }
              ]
            },
            {
              "id": "83219-6",
              "linkId": "Section-37/GG0130H2",
              "text": "Putting on/taking off footwear - functional goal during 3 day assessment period [CMS Assessment]",
              "answer": [
                {
                  "valueReference": {
                    "reference": "Observation/BFS-SNF-DischargeGoal-Mobility-SelfCare-1-Ob-Question-35"
                  }
                }
              ]
            }
          ]
        }
      ]
    }
  ]
}