{
  "resourceType": "QuestionnaireResponse",
  "id": "BetsySmithMDSResponse",
  "meta": {
    "profile": [
      "http://pacioproject.org//StructureDefinition/pacio-qr"
    ]
  },
  "text": {
    "status": "generated",
    "div": "<div xmlns=\"http://www.w3.org/1999/xhtml\"><p><b>Generated Narrative with Details</b></p><p><b>id</b>: BetsySmithMDSResponse</p><p><b>meta</b>: </p><p><b>status</b>: completed</p><p><b>subject</b>: <a href=\"Betsy Smith\">Betsy Smith</a></p><blockquote><p><b>item</b></p><p><b>linkId</b>: Section-37</p><p><b>text</b>: Section GG: Functional Abilities and Goals</p><h3>Items</h3><table class=\"grid\"><tr><td>-</td></tr><tr><td>*</td></tr></table></blockquote></div>"
  },
  "status": "completed",
  "subject": {
    "reference": "Betsy Smith"
  },
  "item": [
    {
      "linkId": "Section-37",
      "text": "Section GG: Functional Abilities and Goals",
      "item": [
        {
          "linkId": "Section-37/GG0130",
          "text": "Self-Care. Code the {patient's/resident's} usual performance at {admission} for each activity using the 6-point scale. If activity was not attempted at {admission}, code the reason. Code the {patient's/resident's} {discharge} goal(s) using the 6 point scale. Use of codes 07, 09, 10, or 88 is permissible to code {discharge} goal(s).",
          "item": [
            {
              "linkId": "Section-37/GG0130B1",
              "text": "Oral hygiene - functional ability during 3D assessment period [CMS Assessment]",
              "answer": [
                {
                  "valueReference": {
                    "reference": "Observation/BetsySmithMDSOralHygiene"
                  }
                }
              ]
            },
            {
              "linkId": "Section-37/GG0130A1",
              "text": "Eating - functional ability during 3D assessment period [CMS Assessment]",
              "answer": [
                {
                  "valueReference": {
                    "reference": "Observation/BetsySmithMDSEating"
                  }
                }
              ]
            }
          ]
        }
      ]
    }
  ]
}