{
  "resourceType": "QuestionnaireResponse",
  "id": "Connectathon-QuestResponse-FS-HHDischarge-SelfCare",
  "meta": {
    "profile": [
      "https://paciowg.github.io/functional-status-ig/StructureDefinition/pacio-qr"
    ]
  },
  "text": {
    "status": "generated",
    "div": "<div xmlns=\"http://www.w3.org/1999/xhtml\"><p><b>Generated Narrative with Details</b></p><p><b>id</b>: Connectathon-QuestResponse-FS-HHDischarge-SelfCare</p><p><b>meta</b>: </p><p><b>questionnaire</b>: <a href=\"https://api.logicahealth.org/PACIO/open/Questionnaire/MDS3.0-NC-1.17\">https://api.logicahealth.org/PACIO/open/Questionnaire/MDS3.0-NC-1.17</a></p><p><b>status</b>: completed</p><p><b>subject</b>: <a href=\"Patient-patientBSJ1.html\">Generated Summary: id: patientBSJ1; Betsy Smith-Johnson </a></p><p><b>authored</b>: May 1, 2020 6:00:00 PM</p><blockquote><p><b>item</b></p><p><b>id</b>: 88483-3</p><p><b>linkId</b>: Section GG</p><p><b>text</b>: Functional Abilities and Goals - Discharge</p><h3>Items</h3><table class=\"grid\"><tr><td>-</td></tr><tr><td>*</td></tr></table></blockquote></div>"
  },
  "questionnaire": "https://api.logicahealth.org/PACIO/open/Questionnaire/MDS3.0-NC-1.17",
  "status": "completed",
  "subject": {
    "reference": "Patient/patientBSJ1"
  },
  "authored": "2020-05-01T13:00:00-05:00",
  "item": [
    {
      "id": "88483-3",
      "linkId": "Section GG",
      "text": "Functional Abilities and Goals - Discharge",
      "item": [
        {
          "id": "83254-3",
          "linkId": "Section GG/GG0130/3",
          "text": "Self-Care - Discharge Performance",
          "item": [
            {
              "id": "83232-9",
              "linkId": "Section GG/GG0130/3/GG0130A3",
              "text": "Eating - functional ability during 3D assessment period",
              "answer": [
                {
                  "valueReference": {
                    "reference": "Observation/Connectathon-Assessment-FS-HHDischarge-SelfCare-Ob-6"
                  }
                }
              ]
            },
            {
              "id": "83230-3",
              "linkId": "Section GG/GG0130/3/GG0130B3",
              "text": "Oral hygiene - functional ability during 3D assessment period",
              "answer": [
                {
                  "valueReference": {
                    "reference": "Observation/Connectathon-Assessment-FS-HHDischarge-SelfCare-Ob-12"
                  }
                }
              ]
            },
            {
              "id": "83228-7",
              "linkId": "Section GG/GG0130/3/GG0130C3",
              "text": "Toileting hygiene - functional ability during 3D assessment period",
              "answer": [
                {
                  "valueReference": {
                    "reference": "Observation/Connectathon-Assessment-FS-HHDischarge-SelfCare-Ob-18"
                  }
                }
              ]
            },
            {
              "id": "83226-1",
              "linkId": "Section GG/GG0130/3/GG0130E3",
              "text": "Shower &or bathe self - functional ability during 3D assessment period",
              "answer": [
                {
                  "valueReference": {
                    "reference": "Observation/Connectathon-Assessment-FS-HHDischarge-SelfCare-Ob-24"
                  }
                }
              ]
            },
            {
              "id": "83224-6",
              "linkId": "Section GG/GG0130/3/GG0130F3",
              "text": "Upper body dressing - functional ability during 3D assessment period",
              "answer": [
                {
                  "valueReference": {
                    "reference": "Observation/Connectathon-Assessment-FS-HHDischarge-SelfCare-Ob-30"
                  }
                }
              ]
            },
            {
              "id": "83222-0",
              "linkId": "Section GG/GG0130/3/GG0130G3",
              "text": "Lower body dressing - functional ability during 3D assessment period",
              "answer": [
                {
                  "valueReference": {
                    "reference": "Observation/Connectathon-Assessment-FS-HHDischarge-SelfCare-Ob-36"
                  }
                }
              ]
            },
            {
              "id": "83220-4",
              "linkId": "Section GG/GG0130/3/GG0130H3",
              "text": "Putting on and taking off footwear - functional ability during 3D assessment period",
              "answer": [
                {
                  "valueReference": {
                    "reference": "Observation/Connectathon-Assessment-FS-HHDischarge-SelfCare-Ob-42"
                  }
                }
              ]
            }
          ]
        }
      ]
    }
  ]
}