{
  "resourceType": "QuestionnaireResponse",
  "id": "cms-QuestionnaireResponse-01",
  "meta": {
    "profile": [
      "http://pacioproject.org//StructureDefinition/pacio-qr"
    ]
  },
  "text": {
    "status": "generated",
    "div": "<div xmlns=\"http://www.w3.org/1999/xhtml\"><p><b>Generated Narrative with Details</b></p><p><b>id</b>: cms-QuestionnaireResponse-01</p><p><b>meta</b>: </p><p><b>status</b>: completed</p><p><b>subject</b>: <a href=\"Betsy Smith\">Betsy Smith</a></p><blockquote><p><b>item</b></p><p><b>linkId</b>: Section-37</p><p><b>text</b>: Section GG: Functional Abilities and Goals</p><h3>Items</h3><table class=\"grid\"><tr><td>-</td></tr><tr><td>*</td></tr><tr><td>*</td></tr></table></blockquote></div>"
  },
  "status": "completed",
  "subject": {
    "reference": "Betsy Smith"
  },
  "item": [
    {
      "linkId": "Section-37",
      "text": "Section GG: Functional Abilities and Goals",
      "item": [
        {
          "linkId": "Section-37/GG0130",
          "text": "Self-Care. Code the {patient's/resident's} usual performance at {admission} for each activity using the 6-point scale. If activity was not attempted at {admission}, code the reason. Code the {patient's/resident's} {discharge} goal(s) using the 6 point scale. Use of codes 07, 09, 10, or 88 is permissible to code {discharge} goal(s).",
          "item": [
            {
              "linkId": "Section-37/GG0130B1",
              "text": "Oral hygiene - functional ability during 3D assessment period [CMS Assessment]",
              "answer": [
                {
                  "valueReference": {
                    "reference": "Observation/BetsySmithMDSOralHygieneAdmission01"
                  }
                }
              ]
            },
            {
              "linkId": "Section-37/GG0130A1",
              "text": "Eating - functional ability during 3D assessment period [CMS Assessment]",
              "answer": [
                {
                  "valueReference": {
                    "reference": "Observation/BetsySmithMDSEatingAdmission01"
                  }
                }
              ]
            },
            {
              "linkId": "Section-37/GG0130C3",
              "text": "Toileting hygiene  - functional ability during 3D assessment period [CMS Assessment]",
              "answer": [
                {
                  "valueReference": {
                    "reference": "Observation/BetsySmithMDSToiletingHygieneAdmission01"
                  }
                }
              ]
            }
          ]
        },
        {
          "linkId": "Section-37/GG0170",
          "text": "Mobility. Code the {patient's/resident's} usual performance at {admission} for each activity using the 6-point scale. If activity was not attempted at {admission}, code the reason. Code the {patient's/resident's} {discharge} goal(s) using the 6-point scale. Use of codes 07, 09, 10, or 88 is permissible to code {discharge} goal(s).",
          "item": [
            {
              "linkId": "Section-37/GG0170B1",
              "text": "Sit to lying - functional ability during 3D assessment period [CMS Assessment]",
              "answer": [
                {
                  "valueReference": {
                    "reference": "Observation/BetsySmithMDSSitToLyingAdmission01"
                  }
                }
              ]
            },
            {
              "linkId": "Section-37/GG0170C1",
              "text": "Lying to sitting on side of bed - functional ability during 3 day assessment period [CMS Assessment]",
              "answer": [
                {
                  "valueReference": {
                    "reference": "Observation/BetsySmithMDSLyingToSittingAdmission01"
                  }
                }
              ]
            },
            {
              "linkId": "Section-37/GG0170D1",
              "text": "Sit to stand: The ability to come to a standing position from sitting in a chair, wheelchair, or on the side of the bed. - Admission Performance",
              "answer": [
                {
                  "valueReference": {
                    "reference": "Observation/BetsySmithMDSSitToStandAdmission01"
                  }
                }
              ]
            },
            {
              "linkId": "Section-37/GG0170E1",
              "text": "Chair/bed-to-chair transfer - functional goal recorded during 3D assessment period [CMS Assessment]",
              "answer": [
                {
                  "valueReference": {
                    "reference": "Observation/BetsySmithMDSBedToChairAdmission01"
                  }
                }
              ]
            },
            {
              "linkId": "Section-37/GG0170F1",
              "text": "Toilet transfer - functional goal recorded during 3D assessment period [CMS Assessment]",
              "answer": [
                {
                  "valueReference": {
                    "reference": "Observation/BetsySmithMDSToiletTransferAdmission01"
                  }
                }
              ]
            },
            {
              "linkId": "Section-37/GG0170I1",
              "text": "Walk 10 feet - functional goal recorded during 3D assessment period [CMS Assessment]",
              "answer": [
                {
                  "valueReference": {
                    "reference": "Observation/BetsySmithMDSWalk10feetAdmission01"
                  }
                }
              ]
            },
            {
              "linkId": "Section-37/GG0170J1",
              "text": "Walk 50 feet with two turns - functional goal recorded during 3D assessment period [CMS Assessment]",
              "answer": [
                {
                  "valueReference": {
                    "reference": "Observation/BetsySmithMDSWalk50feetAdmission01"
                  }
                }
              ]
            },
            {
              "linkId": "Section-37/GG0170K1",
              "text": "Walk 150 feet with two turns - functional goal recorded during 3D assessment period [CMS Assessment]",
              "answer": [
                {
                  "valueReference": {
                    "reference": "Observation/BetsySmithMDSWalk150feetAdmission01"
                  }
                }
              ]
            }
          ]
        }
      ]
    }
  ]
}