{
  "resourceType": "QuestionnaireResponse",
  "id": "QResponse-Hospital-DischargeGoal-Mobility-1",
  "meta": {
    "profile": [
      "https://paciowg.github.io/functional-status-ig/StructureDefinition/pacio-functional-qr"
    ]
  },
  "text": {
    "status": "generated",
    "div": "<div xmlns=\"http://www.w3.org/1999/xhtml\"><p><b>Generated Narrative</b></p><h3>Ids</h3><table class=\"grid\"><tr><td>-</td></tr><tr><td>*</td></tr></table><h3>Meta</h3><table class=\"grid\"><tr><td>-</td></tr><tr><td>*</td></tr></table><p><b>questionnaire</b>: <a href=\"https://api.logicahealth.org/PACIO/open/Questionnaire/MDS3.0-NC-1.17\">https://api.logicahealth.org/PACIO/open/Questionnaire/MDS3.0-NC-1.17</a></p><p><b>status</b>: completed</p><p><b>subject</b>: <a href=\"Patient-patientBSJ1.html\">Generated Summary: Betsy Smith-Johnson </a></p><p><b>authored</b>: Jul 8, 2020 9:00:00 PM</p><blockquote><p><b>item</b></p><h3>Ids</h3><table class=\"grid\"><tr><td>-</td></tr><tr><td>*</td></tr></table><p><b>linkId</b>: Section-37</p><p><b>text</b>: Functional Abilities and Goals - Admission</p><blockquote><p><b>item</b></p><h3>Ids</h3><table class=\"grid\"><tr><td>-</td></tr><tr><td>*</td></tr></table><p><b>linkId</b>: Section-37/GG0170</p><p><b>text</b>: Mobility - Discharge Goal</p><h3>Items</h3><table class=\"grid\"><tr><td>-</td></tr><tr><td>*</td></tr><tr><td>*</td></tr><tr><td>*</td></tr><tr><td>*</td></tr><tr><td>*</td></tr><tr><td>*</td></tr><tr><td>*</td></tr><tr><td>*</td></tr><tr><td>*</td></tr><tr><td>*</td></tr><tr><td>*</td></tr><tr><td>*</td></tr><tr><td>*</td></tr><tr><td>*</td></tr><tr><td>*</td></tr><tr><td>*</td></tr><tr><td>*</td></tr></table></blockquote></blockquote></div>"
  },
  "questionnaire": "https://api.logicahealth.org/PACIO/open/Questionnaire/MDS3.0-NC-1.17",
  "status": "completed",
  "subject": {
    "reference": "Patient/patientBSJ1"
  },
  "authored": "2020-07-08T16:00:00-05:00",
  "item": [
    {
      "id": "88482-5",
      "linkId": "Section-37",
      "text": "Functional Abilities and Goals - Admission",
      "item": [
        {
          "id": "85056-0",
          "linkId": "Section-37/GG0170",
          "text": "Mobility - Discharge Goal",
          "item": [
            {
              "id": "83217-0",
              "linkId": "Section-37/GG0170A2",
              "text": "What was the patient's usual performance related to their ability to roll from lying on back to left and right side, and return to lying on back on the bed?",
              "answer": [
                {
                  "valueReference": {
                    "reference": "Observation/BFS-Hospital-DischargeGoal-Mobility-1-Ob-Question-103"
                  }
                }
              ]
            },
            {
              "id": "83215-4",
              "linkId": "Section-37/GG0170B2",
              "text": "What was the patient's usual performance related to their ability to move from sitting on side of bed to lying flat on the bed?",
              "answer": [
                {
                  "valueReference": {
                    "reference": "Observation/BFS-Hospital-DischargeGoal-Mobility-1-Ob-Question-105"
                  }
                }
              ]
            },
            {
              "id": "83213-9",
              "linkId": "Section-37/GG0170C2",
              "text": "What was the patient's usual performance related to their ability to move from lying on the back to sitting on the side of the bed with feet flat on the floor, and with no back support?",
              "answer": [
                {
                  "valueReference": {
                    "reference": "Observation/BFS-Hospital-DischargeGoal-Mobility-1-Ob-Question-107"
                  }
                }
              ]
            },
            {
              "id": "83211-3",
              "linkId": "Section-37/GG0170D2",
              "text": "What was the patient's usual performance related to their ability to come to a standing position from sitting in a chair, wheelchair, or on the side of the bed?",
              "answer": [
                {
                  "valueReference": {
                    "reference": "Observation/BFS-Hospital-DischargeGoal-Mobility-1-Ob-Question-109"
                  }
                }
              ]
            },
            {
              "id": "83209-7",
              "linkId": "Section-37/GG0170E2",
              "text": "What was the patient's usual performance related to their ability to transfer to and from a bed to a chair (or wheelchair)?",
              "answer": [
                {
                  "valueReference": {
                    "reference": "Observation/BFS-Hospital-DischargeGoal-Mobility-1-Ob-Question-111"
                  }
                }
              ]
            },
            {
              "id": "83207-1",
              "linkId": "Section-37/GG0170F2",
              "text": "What was the patient's usual performance related to their ability to get on and off a toilet or commode?",
              "answer": [
                {
                  "valueReference": {
                    "reference": "Observation/BFS-Hospital-DischargeGoal-Mobility-1-Ob-Question-113"
                  }
                }
              ]
            },
            {
              "id": "83205-5",
              "linkId": "Section-37/GG0170G2",
              "text": "What was the patient's usual performance related to their ability to transfer in and out of a car or van on the passenger side?  Does not include the ability to open/close door or fasten seat belt.",
              "answer": [
                {
                  "valueReference": {
                    "reference": "Observation/BFS-Hospital-DischargeGoal-Mobility-1-Ob-Question-115"
                  }
                }
              ]
            },
            {
              "id": "83203-0",
              "linkId": "Section-37/GG0170I2",
              "text": "What was the patient's usual performance related to their ability to once standing, walk at least 10 feet in a room, corridor, or similar space?",
              "answer": [
                {
                  "valueReference": {
                    "reference": "Observation/BFS-Hospital-DischargeGoal-Mobility-1-Ob-Question-117"
                  }
                }
              ]
            },
            {
              "id": "83201-4",
              "linkId": "Section-37/GG0170J2",
              "text": "What was the patient's usual performance related to their ability to once standing, walk at least 50 feet and make two turns?",
              "answer": [
                {
                  "valueReference": {
                    "reference": "Observation/BFS-Hospital-DischargeGoal-Mobility-1-Ob-Question-119"
                  }
                }
              ]
            },
            {
              "id": "83199-0",
              "linkId": "Section-37/GG0170K2",
              "text": "What was the patient's usual performance related to their ability once standing, to walk at least 150 feet in a corridor or similar space?",
              "answer": [
                {
                  "valueReference": {
                    "reference": "Observation/BFS-Hospital-DischargeGoal-Mobility-1-Ob-Question-121"
                  }
                }
              ]
            },
            {
              "id": "83197-4",
              "linkId": "Section-37/GG0170L2",
              "text": "What was the patient's usual performance related to their ability to walk 10 feet on uneven or sloping surfaces (indoor or outdoor), such as turf or gravel?",
              "answer": [
                {
                  "valueReference": {
                    "reference": "Observation/BFS-Hospital-DischargeGoal-Mobility-1-Ob-Question-123"
                  }
                }
              ]
            },
            {
              "id": "83195-8",
              "linkId": "Section-37/GG0170M2",
              "text": "What was the patient's usual performance related to their ability to go up and down a curb and/or up and down one step?",
              "answer": [
                {
                  "valueReference": {
                    "reference": "Observation/BFS-Hospital-DischargeGoal-Mobility-1-Ob-Question-125"
                  }
                }
              ]
            },
            {
              "id": "83193-3",
              "linkId": "Section-37/GG0170N2",
              "text": "What was the patient's usual performance related to their ability to go up and down four steps with or without a rail?",
              "answer": [
                {
                  "valueReference": {
                    "reference": "Observation/BFS-Hospital-DischargeGoal-Mobility-1-Ob-Question-127"
                  }
                }
              ]
            },
            {
              "id": "83191-7",
              "linkId": "Section-37/GG0170O2",
              "text": "What was the patient's usual performance related to their ability to go up and down 12 steps with or without a rail?",
              "answer": [
                {
                  "valueReference": {
                    "reference": "Observation/BFS-Hospital-DischargeGoal-Mobility-1-Ob-Question-129"
                  }
                }
              ]
            },
            {
              "id": "83189-1",
              "linkId": "Section-37/GG0170P2",
              "text": "What was the patients's usual performance related to their ability to bend/stoop from a standing position to pick up a small object, such as a spoon, from the floor?",
              "answer": [
                {
                  "valueReference": {
                    "reference": "Observation/BFS-Hospital-DischargeGoal-Mobility-1-Ob-Question-131"
                  }
                }
              ]
            },
            {
              "id": "83187-5",
              "linkId": "Section-37/GG0170R2",
              "text": "What was the patient's usual performance related to their ability to once seated in a wheelchair/scooter, wheel at least 50 feet and make two turns?",
              "answer": [
                {
                  "valueReference": {
                    "reference": "Observation/BFS-Hospital-DischargeGoal-Mobility-1-Ob-Question-133"
                  }
                }
              ]
            },
            {
              "id": "83236-0",
              "linkId": "Section-37/GG0170S2",
              "text": "What was the patient's usual performance related to their ability to once seated in a wheelchair/scooter, wheel at least 150 feet in a corridor or similar space?",
              "answer": [
                {
                  "valueReference": {
                    "reference": "Observation/BFS-Hospital-DischargeGoal-Mobility-1-Ob-Question-135"
                  }
                }
              ]
            }
          ]
        }
      ]
    }
  ]
}