{
  "resourceType": "QuestionnaireResponse",
  "id": "QResponse-HH-Discharge-Mobility-SelfCare-1",
  "meta": {
    "profile": [
      "http://hl7.org/fhir/us/pacio-fs/StructureDefinition/pacio-functional-qr"
    ]
  },
  "text": {
    "status": "generated",
    "div": "<div xmlns=\"http://www.w3.org/1999/xhtml\"><p><b>Generated Narrative</b></p><h3>Ids</h3><table class=\"grid\"><tr><td>-</td></tr><tr><td>*</td></tr></table><h3>Meta</h3><table class=\"grid\"><tr><td>-</td></tr><tr><td>*</td></tr></table><p><b>questionnaire</b>: <a href=\"https://api.logicahealth.org/PACIO/open/Questionnaire/MDS3.0-NC-1.17\">https://api.logicahealth.org/PACIO/open/Questionnaire/MDS3.0-NC-1.17</a></p><p><b>status</b>: completed</p><p><b>subject</b>: <a href=\"Patient-patientBSJ1.html\">Generated Summary: Betsy Smith-Johnson </a></p><p><b>authored</b>: Aug 30, 2020 12:00:00 PM</p><blockquote><p><b>item</b></p><h3>Ids</h3><table class=\"grid\"><tr><td>-</td></tr><tr><td>*</td></tr></table><p><b>linkId</b>: Section-37</p><p><b>text</b>: Functional Abilities and Goals - Discharge</p><blockquote><p><b>item</b></p><h3>Ids</h3><table class=\"grid\"><tr><td>-</td></tr><tr><td>*</td></tr></table><p><b>linkId</b>: Section-37/GG0130</p><p><b>text</b>: Self-Care - Discharge Performance</p><h3>Items</h3><table class=\"grid\"><tr><td>-</td></tr><tr><td>*</td></tr><tr><td>*</td></tr><tr><td>*</td></tr><tr><td>*</td></tr><tr><td>*</td></tr><tr><td>*</td></tr><tr><td>*</td></tr></table></blockquote></blockquote></div>"
  },
  "questionnaire": "https://api.logicahealth.org/PACIO/open/Questionnaire/MDS3.0-NC-1.17",
  "status": "completed",
  "subject": {
    "reference": "Patient/patientBSJ1"
  },
  "authored": "2020-08-30T14:00:00-05:00",
  "item": [
    {
      "id": "88483-3",
      "linkId": "Section-37",
      "text": "Functional Abilities and Goals - Discharge",
      "item": [
        {
          "id": "83254-3",
          "linkId": "Section-37/GG0130",
          "text": "Self-Care - Discharge Performance",
          "item": [
            {
              "id": "83232-9",
              "linkId": "Section-37/GG0130A3",
              "text": "Eating - functional ability during 3D assessment period",
              "answer": [
                {
                  "valueReference": {
                    "reference": "Observation/BFS-HH-Discharge-Mobility-SelfCare-1-Ob-Question-5"
                  }
                }
              ]
            },
            {
              "id": "83230-3",
              "linkId": "Section-37/GG0130B3",
              "text": "Oral hygiene - functional ability during 3D assessment period",
              "answer": [
                {
                  "valueReference": {
                    "reference": "Observation/BFS-HH-Discharge-Mobility-SelfCare-1-Ob-Question-10"
                  }
                }
              ]
            },
            {
              "id": "83228-7",
              "linkId": "Section-37/GG0130C3",
              "text": "Toileting hygiene - functional ability during 3D assessment period",
              "answer": [
                {
                  "valueReference": {
                    "reference": "Observation/BFS-HH-Discharge-Mobility-SelfCare-1-Ob-Question-15"
                  }
                }
              ]
            },
            {
              "id": "83226-1",
              "linkId": "Section-37/GG0130E3",
              "text": "Shower or bathe self - functional ability during 3D assessment period",
              "answer": [
                {
                  "valueReference": {
                    "reference": "Observation/BFS-HH-Discharge-Mobility-SelfCare-1-Ob-Question-20"
                  }
                }
              ]
            },
            {
              "id": "83224-6",
              "linkId": "Section-37/GG0130F3",
              "text": "Upper body dressing - functional ability during 3D assessment period",
              "answer": [
                {
                  "valueReference": {
                    "reference": "Observation/BFS-HH-Discharge-Mobility-SelfCare-1-Ob-Question-25"
                  }
                }
              ]
            },
            {
              "id": "83222-0",
              "linkId": "Section-37/GG0130G3",
              "text": "Lower body dressing - functional ability during 3D assessment period",
              "answer": [
                {
                  "valueReference": {
                    "reference": "Observation/BFS-HH-Discharge-Mobility-SelfCare-1-Ob-Question-30"
                  }
                }
              ]
            },
            {
              "id": "83220-4",
              "linkId": "Section-37/GG0130H3",
              "text": "Putting on and taking off footwear - functional ability during 3D assessment period",
              "answer": [
                {
                  "valueReference": {
                    "reference": "Observation/BFS-HH-Discharge-Mobility-SelfCare-1-Ob-Question-35"
                  }
                }
              ]
            }
          ]
        }
      ]
    }
  ]
}