{
  "resourceType": "QuestionnaireResponse",
  "id": "Connectathon-QuestResponse-FS-4-Last3DSNFStay",
  "meta": {
    "profile": [
      "http://pacioproject.org/StructureDefinition/pacio-qr"
    ]
  },
  "text": {
    "status": "generated",
    "div": "<div xmlns=\"http://www.w3.org/1999/xhtml\"><p><b>Generated Narrative with Details</b></p><p><b>id</b>: Connectathon-QuestResponse-FS-4-Last3DSNFStay</p><p><b>meta</b>: </p><p><b>questionnaire</b>: <a href=\"https://api.logicahealth.org/PACIO/open/Questionnaire/MDS3.0-NC-1.17\">https://api.logicahealth.org/PACIO/open/Questionnaire/MDS3.0-NC-1.17</a></p><p><b>status</b>: completed</p><p><b>subject</b>: <a href=\"Patient-patientBSJ1.html\">Generated Summary: id: patientBSJ1; Betsy Smith-Johnson </a></p><p><b>authored</b>: Apr 23, 2020 6:00:00 PM</p><blockquote><p><b>item</b></p><p><b>id</b>: 88483-3</p><p><b>linkId</b>: Section GG</p><p><b>text</b>: Functional Abilities and Goals - Discharge</p><h3>Items</h3><table class=\"grid\"><tr><td>-</td></tr><tr><td>*</td></tr></table></blockquote></div>"
  },
  "questionnaire": "https://api.logicahealth.org/PACIO/open/Questionnaire/MDS3.0-NC-1.17",
  "status": "completed",
  "subject": {
    "reference": "Patient/patientBSJ1"
  },
  "authored": "2020-04-23T13:00:00-05:00",
  "item": [
    {
      "id": "88483-3",
      "linkId": "Section GG",
      "text": "Functional Abilities and Goals - Discharge",
      "item": [
        {
          "id": "88331-4",
          "linkId": "Section GG/GG0170/3",
          "text": "Mobility - Discharge Performance",
          "item": [
            {
              "id": "83218-8",
              "linkId": "Section GG/GG0170/3/GG0170A3",
              "text": "What was the patient's usual performance related to their ability to roll from lying on back to left and right side, and return to lying on back on the bed?",
              "answer": [
                {
                  "valueReference": {
                    "reference": "Observation/Connectathon-Assessment-FS-4-Last3DSNFStay-Ob-4"
                  }
                }
              ]
            },
            {
              "id": "83216-2",
              "linkId": "Section GG/GG0170/3/GG0170B3",
              "text": "What was the patient's usual performance related to their ability to move from sitting on side of bed to lying flat on the bed?",
              "answer": [
                {
                  "valueReference": {
                    "reference": "Observation/Connectathon-Assessment-FS-4-Last3DSNFStay-Ob-10"
                  }
                }
              ]
            },
            {
              "id": "83214-7",
              "linkId": "Section GG/GG0170/3/GG0170C3",
              "text": "What was the patient's usual performance related to their ability to move from lying on the back to sitting on the side of the bed with feet flat on the floor, and with no back support?",
              "answer": [
                {
                  "valueReference": {
                    "reference": "Observation/Connectathon-Assessment-FS-4-Last3DSNFStay-Ob-16"
                  }
                }
              ]
            },
            {
              "id": "83212-1",
              "linkId": "Section GG/GG0170/3/GG0170D3",
              "text": "What was the patient's usual performance related to their ability to come to a standing position from sitting in a chair, wheelchair, or on the side of the bed?",
              "answer": [
                {
                  "valueReference": {
                    "reference": "Observation/Connectathon-Assessment-FS-4-Last3DSNFStay-Ob-22"
                  }
                }
              ]
            },
            {
              "id": "83210-5",
              "linkId": "Section GG/GG0170/3/GG0170E3",
              "text": "What was the patient's usual performance related to their ability to transfer to and from a bed to a chair (or wheelchair)?",
              "answer": [
                {
                  "valueReference": {
                    "reference": "Observation/Connectathon-Assessment-FS-4-Last3DSNFStay-Ob-28"
                  }
                }
              ]
            },
            {
              "id": "83208-9",
              "linkId": "Section GG/GG0170/3/GG0170F3",
              "text": "What was the patient's usual performance related to their ability to get on and off a toilet or commode?",
              "answer": [
                {
                  "valueReference": {
                    "reference": "Observation/Connectathon-Assessment-FS-4-Last3DSNFStay-Ob-34"
                  }
                }
              ]
            },
            {
              "id": "83206-3",
              "linkId": "Section GG/GG0170/3/GG0170G3",
              "text": "What was the patient's usual performance related to their ability to transfer in and out of a car or van on the passenger side?  Does not include the ability to open/close door or fasten seat belt.",
              "answer": [
                {
                  "valueReference": {
                    "reference": "Observation/Connectathon-Assessment-FS-4-Last3DSNFStay-Ob-40"
                  }
                }
              ]
            },
            {
              "id": "83204-8",
              "linkId": "Section GG/GG0170/3/GG0170I3",
              "text": "What was the patient's usual performance related to their ability to once standing, walk at least 10 feet in a room, corridor, or similar space?",
              "answer": [
                {
                  "valueReference": {
                    "reference": "Observation/Connectathon-Assessment-FS-4-Last3DSNFStay-Ob-46"
                  }
                }
              ]
            },
            {
              "id": "83202-2",
              "linkId": "Section GG/GG0170/3/GG0170J3",
              "text": "What was the patient's usual performance related to their ability to once standing, walk at least 50 feet and make two turns?",
              "answer": [
                {
                  "valueReference": {
                    "reference": "Observation/Connectathon-Assessment-FS-4-Last3DSNFStay-Ob-52"
                  }
                }
              ]
            },
            {
              "id": "83200-6",
              "linkId": "Section GG/GG0170/3/GG0170K3",
              "text": "What was the patient's usual performance related to their ability once standing, to walk at least 150 feet in a corridor or similar space?",
              "answer": [
                {
                  "valueReference": {
                    "reference": "Observation/Connectathon-Assessment-FS-4-Last3DSNFStay-Ob-58"
                  }
                }
              ]
            },
            {
              "id": "83198-2",
              "linkId": "Section GG/GG0170/3/GG0170L3",
              "text": "What was the patient's usual performance related to their ability to walk 10 feet on uneven or sloping surfaces (indoor or outdoor), such as turf or gravel?",
              "answer": [
                {
                  "valueReference": {
                    "reference": "Observation/Connectathon-Assessment-FS-4-Last3DSNFStay-Ob-64"
                  }
                }
              ]
            },
            {
              "id": "83196-6",
              "linkId": "Section GG/GG0170/3/GG0170M3",
              "text": "What was the patient's usual performance related to their ability to go up and down a curb and/or up and down one step?",
              "answer": [
                {
                  "valueReference": {
                    "reference": "Observation/Connectathon-Assessment-FS-4-Last3DSNFStay-Ob-70"
                  }
                }
              ]
            },
            {
              "id": "83194-1",
              "linkId": "Section GG/GG0170/3/GG0170N3",
              "text": "What was the patient's usual performance related to their ability to go up and down four steps with or without a rail?",
              "answer": [
                {
                  "valueReference": {
                    "reference": "Observation/Connectathon-Assessment-FS-4-Last3DSNFStay-Ob-76"
                  }
                }
              ]
            },
            {
              "id": "83192-5",
              "linkId": "Section GG/GG0170/3/GG0170O3",
              "text": "What was the patient's usual performance related to their ability to go up and down 12 steps with or without a rail?",
              "answer": [
                {
                  "valueReference": {
                    "reference": "Observation/Connectathon-Assessment-FS-4-Last3DSNFStay-Ob-82"
                  }
                }
              ]
            },
            {
              "id": "83190-9",
              "linkId": "Section GG/GG0170/3/GG0170P3",
              "text": "What was the patients's usual performance related to their ability to bend/stoop from a standing position to pick up a small object, such as a spoon, from the floor?",
              "answer": [
                {
                  "valueReference": {
                    "reference": "Observation/Connectathon-Assessment-FS-4-Last3DSNFStay-Ob-88"
                  }
                }
              ]
            },
            {
              "id": "83188-3",
              "linkId": "Section GG/GG0170/3/GG0170R3",
              "text": "What was the patient's usual performance related to their ability to once seated in a wheelchair/scooter, wheel at least 50 feet and make two turns?",
              "answer": [
                {
                  "valueReference": {
                    "reference": "Observation/Connectathon-Assessment-FS-4-Last3DSNFStay-Ob-94"
                  }
                }
              ]
            },
            {
              "id": "83235-2",
              "linkId": "Section GG/GG0170/3/GG0170S3",
              "text": "What was the patient's usual performance related to their ability to once seated in a wheelchair/scooter, wheel at least 150 feet in a corridor or similar space?",
              "answer": [
                {
                  "valueReference": {
                    "reference": "Observation/Connectathon-Assessment-FS-4-Last3DSNFStay-Ob-100"
                  }
                }
              ]
            }
          ]
        }
      ]
    }
  ]
}